LIFNR,KTOKK,NAME1,NAME2,SORTL,STRAS,ORT01,PSTLZ,LAND1,SPRAS,TELF1,SMTP_ADDR,STCD1,LOEVM,SPERM,ERDAT
0000000001,ZSUB,Henkel Surface Technologies Bonderi,Automotive Parts Wing,HENKELSUR,184 Engineering Way,Manchester,M1 1AD,GB,EN,+78-327-5840603,sales@henkel.surface.technologi.com,GB330342282,,,2021-06-11
0000000002,ZCMP,THK Precision Linear Guides,Foundry & Casting Works,THKPRECIS,37 Siemensstraße,Faridabad,121001,IN,EN,+61-905-6469846,sales@thk.precision.linear.guid.com,24AAACTY9803L1Z4,,,2018-09-05
0000000003,ZCMP,Kuehne + Nagel Heavy Project Cargo,,KUEHNE+N,107 Peenya Industrial Area,Indianapolis,46201,US,EN,+15-767-6511844,sales@kuehne.+.nagel.heavy.proj.com,48-4552537,,,2023-06-15
0000000004,ZCMP,Eaton Hydraulics & Hose Assemblies,Job-Work Division,EATONHYDR,118 Assembly Boulevard,Ahmedabad,380001,IN,EN,+13-453-1366853,sales@eaton.hydraulics.and.hose.com,24AAACTA8603G1Z9,,,2020-02-28
0000000005,ZELE,Yaskawa Motoman Industrial Robots,Foundry & Casting Works,YASKAWAMO,18 Assembly Boulevard,Coimbatore,641001,IN,EN,+22-610-9563699,sales@yaskawa.motoman.industria.com,33AAACTM6943U1Z8,,,2019-06-29
0000000006,ZCMP,Freudenberg Sealing Technologies,Surface Coating Div,FREUDENBER,44 Peenya Industrial Area,Detroit,48201,US,EN,+16-792-8727941,sales@freudenberg.sealing.techn.com,78-8420023,,,2023-02-24
0000000007,ZCMP,Timken Roller Bearings Industrial,,TIMKENROL,378 Zona Industrial Norte,Milwaukee,53201,US,EN,+20-419-6663260,sales@timken.roller.bearings.in.com,27-2362659,,,2020-03-16
0000000008,ZMET,SSAB Swedish Steel Heavy Plate,,SSABSWEDI,353 Industrial Tooling Way,Nashik,422001,IN,EN,+20-356-8820194,sales@ssab.swedish.steel.heavy..com,33AAACTI6366C1Z5,,,2018-04-17
0000000009,ZELE,Lapp Group Industrial Cable Systems,Machining Plant 2,LAPPGROUP,126 GIDC Vatva Industrial Park,Jamshedpur,831001,IN,EN,+84-683-1745882,sales@lapp.group.industrial.cab.com,27AAACTA7479T1Z8,,,2019-10-10
0000000010,ZCMP,Bosch Rexroth Industrial Hydraulics,,BOSCHREXR,339 Industriestraße,Akron,44301,US,EN,+43-118-3243979,sales@bosch.rexroth.industrial..com,78-6290906,,,2019-03-26
0000000011,ZELE,Omron Industrial Automation Sensors,,OMRONINDU,206 Ambattur Industrial Estate,Indianapolis,46201,US,EN,+28-251-3020733,sales@omron.industrial.automati.com,76-2112192,,,2017-08-20
0000000012,ZELE,Rockwell Automation Allen-Bradley,,ROCKWELLA,230 Industriestraße,Pune,411001,IN,EN,+70-669-6341008,sales@rockwell.automation.allen.com,29AAACTQ4423E1Z8,,,2019-05-14
0000000013,ZCMP,DHL Global Forwarding Heavy Cargo,Surface Coating Div,DHLGLOBAL,124 Assembly Boulevard,Gurugram,122001,IN,EN,+95-999-8361195,sales@dhl.global.forwarding.hea.com,27AAACTH1812S1Z6,,,2020-12-01
0000000014,ZCMP,Maersk Industrial Container Shippin,,MAERSKIND,364 Industriestraße,Nashik,422001,IN,EN,+58-783-5599203,sales@maersk.industrial.contain.com,24AAACTT1954A1Z7,,,2022-11-29
0000000015,ZCMP,Würth Industry Assembly Components,,WÜRTHINDU,19 Siemensstraße,Stuttgart,70173,DE,DE,+89-188-8544866,sales@würth.industry.assembly.c.com,DE230118910,,,2019-10-20
0000000016,ZMRO,Saint-Gobain Abrasives & Ceramics,Foundry & Casting Works,SAINTGOBA,241 Assembly Boulevard,Chicago,60601,US,EN,+28-759-9919587,sales@saintgobain.abrasives.and.com,40-6989516,,,2017-01-28
0000000017,ZCMP,Gates Industrial Power Transmission,,GATESINDU,89 Industriestraße,Chicago,60601,US,EN,+67-832-9576487,sales@gates.industrial.power.tr.com,14-4175590,,,2018-07-17
0000000018,ZMET,Nippon Steel Coils & Billets,,NIPPONSTE,171 Parque Industrial Monterrey,Stuttgart,70173,DE,DE,+85-592-3162568,sales@nippon.steel.coils.and.bi.com,DE719428633,,,2017-03-25
0000000019,ZMET,Ramkrishna Forgings Industrial Div,,RAMKRISHNA,314 Peenya Industrial Area,Stockholm,111 20,SE,JA,+97-237-1999674,sales@ramkrishna.forgings.indus.com,SE64078280,,,2017-04-21
0000000020,ZCMP,Norgren Industrial Pneumatics,Machining Plant 2,NORGRENIN,50 Daimlerstraße,Detroit,48201,US,EN,+20-915-6579034,sales@norgren.industrial.pneuma.com,59-7358783,X,,2023-10-26
0000000021,ZMET,Voestalpine High Performance Metals,Tooling Engineering Unit,VOESTALPIN,124 Die & Mold Drive,Ahmedabad,380001,IN,EN,+63-298-5592863,sales@voestalpine.high.performa.com,33AAACTT3690P1Z8,X,,2016-04-21
0000000022,ZCMP,Trelleborg Industrial Engineered Se,,TRELLEBORG,115 Daimlerstraße,Pune,411001,IN,EN,+76-941-7196064,sales@trelleborg.industrial.eng.com,27AAACTY7146E1Z5,X,,2021-02-19
0000000023,ZSUB,Supercut Wire EDM Machining Jobwork,,SUPERCUTW,436 Ambattur Industrial Estate,Tokyo,100-0001,JP,JA,+12-280-1353068,sales@supercut.wire.edm.machini.com,JP50509581,X,,2020-02-29
0000000024,ZMRO,Castrol Industrial Metalworking Flu,Foundry & Casting Works,CASTROLIN,437 Foundry Lane,Birmingham,B1 1AA,GB,EN,+1-489-3104996,sales@castrol.industrial.metalw.com,GB348874038,X,,2021-06-25
0000000025,ZELE,Phoenix Contact Terminal Blocks,,PHOENIXCO,96 Assembly Boulevard,Wolverhampton,WV1 1AA,GB,EN,+96-844-8356383,sales@phoenix.contact.terminal..com,GB953857368,X,,2019-01-09
0000000026,ZELE,Mitsubishi Electric Industrial CNC,,MITSUBISHI,351 Daimlerstraße,Busan,48000,KR,JA,+98-268-9662657,sales@mitsubishi.electric.indus.com,KR28534279,X,,2023-06-11
0000000027,ZMRO,Fuchs Lubricants Industrial Cutting,Automotive Parts Wing,FUCHSLUBR,216 Parque Industrial Monterrey,Bengaluru,560001,IN,EN,+37-567-7256262,sales@fuchs.lubricants.industri.com,27AAACTW1175Y1Z8,X,,2022-12-27
0000000028,ZCMP,Norgren Industrial Pneumatics,,NORGRENIN,125 Sanand Industrial Zone,Faridabad,121001,IN,EN,+13-654-2027483,sales@norgren.industrial.pneuma.com,27AAACTM2659T1Z8,X,,2023-08-04
0000000029,ZMRO,Iscar Carbide Metalworking Tools,Foundry & Casting Works,ISCARCARB,426 Foundry Lane,Jamshedpur,831001,IN,EN,+66-884-8000067,sales@iscar.carbide.metalworkin.com,06AAACTZ4828Y1Z9,X,,2020-09-10
0000000030,ZCMP,Garlock Sealing Technologies,Surface Coating Div,GARLOCKSE,192 GIDC Vatva Industrial Park,Monterrey,64000,MX,ES,+68-680-5136520,sales@garlock.sealing.technolog.com,WFQ232376R46,X,,2022-03-12
0000000031,ZSUB,Oerlikon Balzers Surface Hardening,Machining Plant 2,OERLIKONB,99 Sanand Industrial Zone,Cleveland,44101,US,EN,+78-250-9090619,sales@oerlikon.balzers.surface..com,70-3002540,X,,2021-08-09
0000000032,ZCMP,Swagelok Fluid System Components,,SWAGELOKF,82 Die & Mold Drive,Coimbatore,641001,IN,EN,+73-356-4005853,sales@swagelok.fluid.system.com.com,27AAACTF6873Z1Z2,X,,2023-07-01
0000000033,ZMET,Tata Steel Heavy Tubular Products,Job-Work Division,TATASTEEL,20 Sanand Industrial Zone,Jamshedpur,831001,IN,EN,+42-250-6610799,sales@tata.steel.heavy.tubular..com,33AAACTX7708H1Z4,X,,2019-12-06
0000000034,ZELE,Banner Engineering Safety Sensors,,BANNERENG,151 Daimlerstraße,Gurugram,122001,IN,EN,+92-111-7336027,sales@banner.engineering.safety.com,24AAACTZ3587V1Z3,X,,2017-03-19
0000000035,ZMRO,3M Industrial Safety & PPE Systems,,3MINDUSTR,129 Industriestraße,Nuremberg,90402,DE,DE,+27-228-2755279,sales@3m.industrial.safety.and..com,DE720305900,X,,2016-11-25
0000000036,ZELE,Sick AG Industrial LiDAR & Vision,,SICKAGIN,449 MIDC Industrial Area Bhosari,Guadalajara,44100,MX,ES,+8-826-6941479,sales@sick.ag.industrial.lidar..com,TEQ724745X61,X,,2022-11-23
0000000037,ZMET,Outokumpu Stainless Special Alloys,,OUTOKUMPU,404 Zona Industrial Norte,Milwaukee,53201,US,EN,+23-154-7475448,sales@outokumpu.stainless.speci.com,49-1007659,X,,2020-02-03
0000000038,ZMRO,Klüber Lubrication High Temp Grease,Surface Coating Div,KLÜBERLUB,248 Sanand Industrial Zone,Nashik,422001,IN,EN,+40-551-6378746,sales@klüber.lubrication.high.t.com,33AAACTA9125O1Z4,X,,2016-10-10
0000000039,ZELE,Sick AG Industrial LiDAR & Vision,,SICKAGIN,360 Ambattur Industrial Estate,Cincinnati,45202,US,EN,+6-920-2212581,sales@sick.ag.industrial.lidar..com,54-9182041,X,,2020-02-07
0000000040,ZELE,Omron Industrial Automation Sensors,,OMRONINDU,30 Peenya Industrial Area,Munich,80331,DE,DE,+49-407-4742701,sales@omron.industrial.automati.com,DE602807284,X,,2019-01-29
0000000041,ZCMP,THK Precision Linear Guides,,THKPRECIS,104 Sanand Industrial Zone,Nashik,422001,IN,EN,+46-808-1467140,sales@thk.precision.linear.guid.com,29AAACTI2681W1Z3,X,,2018-01-21
0000000042,ZSUB,Supercut Wire EDM Machining Jobwork,,SUPERCUTW,305 Daimlerstraße,Mannheim,68161,DE,DE,+96-249-7978699,sales@supercut.wire.edm.machini.com,DE461962978,X,,2023-07-13
0000000043,ZMRO,Tyrolit Industrial Grinding Wheels,Surface Coating Div,TYROLITIN,223 Ambattur Industrial Estate,Frankfurt,60311,DE,DE,+26-340-6549199,sales@tyrolit.industrial.grindi.com,DE986123973,X,,2017-11-30
0000000044,ZMET,Jindal Stainless Structural Product,,JINDALSTA,42 Daimlerstraße,Ulsan,44000,KR,JA,+45-118-4708539,sales@jindal.stainless.structur.com,KR30417955,X,,2018-09-14
0000000045,ZMET,Voestalpine High Performance Metals,Surface Coating Div,VOESTALPIN,324 Foundry Lane,Düsseldorf,40213,DE,DE,+13-510-7420636,sales@voestalpine.high.performa.com,DE914600359,X,,2020-05-05
0000000046,ZELE,ABB Motion & Industrial Drives,Automotive Parts Wing,ABBMOTION,295 GIDC Vatva Industrial Park,Cleveland,44101,US,EN,+54-303-3587923,sales@abb.motion.and.industrial.com,70-2241556,X,,2016-03-24
0000000047,ZCMP,Renold Industrial Transmission Chai,,RENOLDIND,44 Parque Industrial Monterrey,Munich,80331,DE,DE,+76-388-4175913,sales@renold.industrial.transmi.com,DE664619454,X,,2020-04-07
0000000048,ZMRO,Seco Tools High Feed Milling,,SECOTOOLS,442 Daimlerstraße,Coimbatore,641001,IN,EN,+6-954-4076541,sales@seco.tools.high.feed.mill.com,33AAACTC4269V1Z5,X,,2019-12-02
0000000049,ZSUB,Lasertech CNC Laser Cutting & Bendi,,LASERTECH,208 Ambattur Industrial Estate,Detroit,48201,US,EN,+93-956-1746065,sales@lasertech.cnc.laser.cutti.com,63-9898199,X,,2022-02-15
0000000050,ZCMP,HIWIN Linear Motion Guides,Machining Plant 2,HIWINLINE,44 Foundry Lane,Faridabad,121001,IN,EN,+11-883-2644442,sales@hiwin.linear.motion.guide.com,24AAACTQ6418Z1Z9,,,2021-10-05
0000000051,ZMET,POSCO Steel Plate & Coil,,POSCOSTEE,334 Engineering Way,Cologne,50667,DE,DE,+21-792-5267543,sales@posco.steel.plate.and.coi.com,DE808782890,,,2021-11-24
0000000052,ZSUB,Oerlikon Balzers Surface Hardening,,OERLIKONB,94 GIDC Vatva Industrial Park,Munich,80331,DE,DE,+26-819-4760839,sales@oerlikon.balzers.surface..com,DE296529736,,,2016-08-16
0000000053,ZMRO,Saint-Gobain Abrasives & Ceramics,Machining Plant 2,SAINTGOBA,367 MIDC Industrial Area Bhosari,Toluca,50000,MX,ES,+81-318-5170183,sales@saintgobain.abrasives.and.com,KHP186700D16,,,2021-07-17
0000000054,ZSUB,Aalberts Surface Technologies Plati,Surface Coating Div,AALBERTSS,393 Peenya Industrial Area,Mannheim,68161,DE,DE,+7-720-8461460,sales@aalberts.surface.technolo.com,DE291267119,,,2018-01-09
0000000055,ZCMP,Danfoss Power Solutions Hydraulics,Foundry & Casting Works,DANFOSSPO,433 Ambattur Industrial Estate,Stuttgart,70173,DE,DE,+18-742-7643919,sales@danfoss.power.solutions.h.com,DE178517871,,X,2019-03-13
0000000056,ZCMP,Kuehne + Nagel Heavy Project Cargo,,KUEHNE+N,367 Sanand Industrial Zone,Pune,411001,IN,EN,+99-926-2885457,sales@kuehne.+.nagel.heavy.proj.com,27AAACTP8154U1Z5,,X,2021-06-25
0000000057,ZELE,ABB Motion & Industrial Drives,,ABBMOTION,417 Engineering Way,Cincinnati,45202,US,EN,+73-251-4058947,sales@abb.motion.and.industrial.com,40-6384507,,X,2023-01-08
0000000058,ZMRO,Kennametal Carbide Tooling Systems,,KENNAMETAL,340 Ambattur Industrial Estate,Düsseldorf,40213,DE,DE,+30-300-1636028,sales@kennametal.carbide.toolin.com,DE976028652,,X,2018-01-17
0000000059,ZMRO,Walter Industrial Milling Tools,Tooling Engineering Unit,WALTERIND,279 Daimlerstraße,Cologne,50667,DE,DE,+46-383-5247870,sales@walter.industrial.milling.com,DE401117746,,X,2020-09-22
0000000060,ZCMP,Parker Hannifin Fluid Connectors,,PARKERHAN,306 Manufacturing Parkway,Frankfurt,60311,DE,DE,+24-427-4889596,sales@parker.hannifin.fluid.con.com,DE663400801,,X,2017-02-26
0000000061,ZELE,Turck Industrial Proximity Sensors,Automotive Parts Wing,TURCKINDU,92 Manufacturing Parkway,Akron,44301,US,EN,+90-475-4653950,sales@turck.industrial.proximit.com,14-1332945,,X,2020-10-01
0000000062,ZMRO,Saint-Gobain Abrasives & Ceramics,,SAINTGOBA,434 Automotive Corridor Phase 2,Pittsburgh,15201,US,EN,+86-913-7623812,sales@saintgobain.abrasives.and.com,45-3332568,,X,2022-04-28
0000000063,ZCMP,Norgren Industrial Pneumatics,,NORGRENIN,282 GIDC Vatva Industrial Park,Nagoya,460-0001,JP,JA,+74-665-1067060,sales@norgren.industrial.pneuma.com,JP27940003,,X,2018-01-13
0000000064,ZMRO,Mobil Industrial Gear Oils & Grease,,MOBILINDU,186 Siemensstraße,Pune,411001,IN,EN,+81-521-3490507,sales@mobil.industrial.gear.oil.com,24AAACTC4697P1Z8,,X,2018-03-12
0000000065,ZCMP,Danfoss Power Solutions Hydraulics,,DANFOSSPO,328 Zona Industrial Norte,Essen,45127,DE,DE,+80-749-6721423,sales@danfoss.power.solutions.h.com,DE847376024,,X,2023-09-18
0000000066,ZCMP,Garlock Sealing Technologies,Surface Coating Div,GARLOCKSE,345 GIDC Vatva Industrial Park,Hanover,30159,DE,DE,+66-576-2575646,sales@garlock.sealing.technolog.com,DE505512871,,X,2016-04-17
0000000067,ZCMP,Danfoss Power Solutions Hydraulics,,DANFOSSPO,445 Industrial Tooling Way,Mannheim,68161,DE,DE,+75-600-3999922,sales@danfoss.power.solutions.h.com,DE749236573,,X,2019-08-06
0000000068,ZCMP,Schaeffler Technologies AG & Co,,SCHAEFFLER,158 Sanand Industrial Zone,Cleveland,44101,US,EN,+96-880-8977566,sales@schaeffler.technologies.a.com,81-8026656,,X,2018-10-31
0000000069,ZCMP,Swagelok Fluid System Components,,SWAGELOKF,279 Ambattur Industrial Estate,Monterrey,64000,MX,ES,+97-963-8638952,sales@swagelok.fluid.system.com.com,HLK747483X38,,X,2018-11-11
0000000070,ZCMP,Eaton Hydraulics & Hose Assemblies,,EATONHYDR,364 Zona Industrial Norte,Jamshedpur,831001,IN,EN,+73-485-3576156,sales@eaton.hydraulics.and.hose.com,24AAACTB9468L1Z9,,X,2020-09-28
0000000071,ZCMP,Norgren Industrial Pneumatics,,NORGRENIN,330 Foundry Lane,Nashik,422001,IN,EN,+91-219-1100424,sales@norgren.industrial.pneuma.com,24AAACTQ9703M1Z2,,X,2016-10-22
0000000072,ZMET,Bohler Special Steels Europe,Job-Work Division,BOHLERSPE,167 Industriestraße,Bengaluru,560001,IN,EN,+64-358-5261018,sales@bohler.special.steels.eur.com,33AAACTB4968U1Z5,,X,2020-11-30
0000000073,ZMET,Jindal Stainless Structural Product,,JINDALSTA,70 Zona Industrial Norte,Monterrey,64000,MX,ES,+52-807-3262260,sales@jindal.stainless.structur.com,PEU171012N71,,X,2022-12-27
0000000074,ZMRO,3M Industrial Safety & PPE Systems,Machining Plant 2,3MINDUSTR,313 Automotive Corridor Phase 2,Bengaluru,560001,IN,EN,+38-529-4927360,sales@3m.industrial.safety.and..com,06AAACTJ9223R1Z4,,X,2017-12-17
0000000075,ZMET,SSAB Swedish Steel Heavy Plate,,SSABSWEDI,312 Sanand Industrial Zone,Hanover,30159,DE,DE,+41-999-6006603,sales@ssab.swedish.steel.heavy..com,DE495622921,,X,2022-02-28
0000000076,ZCMP,MinebeaMitsumi Precision Components,,MINEBEAMIT,177 Siemensstraße,Düsseldorf,40213,DE,DE,+34-614-4314048,sales@minebeamitsumi.precision..com,DE654300666,,X,2021-12-18
0000000077,ZMRO,Castrol Industrial Metalworking Flu,,CASTROLIN,211 Peenya Industrial Area,Pune,411001,IN,EN,+29-387-1450852,sales@castrol.industrial.metalw.com,27AAACTL8302K1Z7,,X,2019-03-18
0000000078,ZCMP,Gates Industrial Power Transmission,,GATESINDU,104 Industriestraße,Jamshedpur,831001,IN,EN,+38-613-6952910,sales@gates.industrial.power.tr.com,24AAACTT4643Q1Z2,,X,2021-05-10
0000000079,ZCMP,Trelleborg Industrial Engineered Se,Foundry & Casting Works,TRELLEBORG,90 Sanand Industrial Zone,Chicago,60601,US,EN,+42-470-3088818,sales@trelleborg.industrial.eng.com,74-6921424,,X,2017-01-29
0000000080,ZCMP,Würth Industry Assembly Components,,WÜRTHINDU,113 Parque Industrial Monterrey,Coimbatore,641001,IN,EN,+62-117-5753936,sales@würth.industry.assembly.c.com,24AAACTN1173V1Z2,,X,2019-12-18
0000000081,ZELE,Keyence Precision Optical Sensors,,KEYENCEPR,231 Industriestraße,Indianapolis,46201,US,EN,+96-865-2651753,sales@keyence.precision.optical.com,68-8488258,,X,2017-01-22
0000000082,ZSUB,PPG Industrial Coatings & E-Coat,,PPGINDUST,22 Automotive Corridor Phase 2,Jamshedpur,831001,IN,EN,+89-849-1767893,sales@ppg.industrial.coatings.a.com,27AAACTO7341I1Z2,,X,2016-05-02
0000000083,ZMET,Sandvik Materials Technology AB,,SANDVIKMA,440 Assembly Boulevard,Chicago,60601,US,EN,+30-181-2981005,sales@sandvik.materials.technol.com,60-2093949,,X,2019-12-01
0000000084,ZCMP,Parker Hannifin Fluid Connectors,,PARKERHAN,55 Manufacturing Parkway,Munich,80331,DE,DE,+44-855-7967145,sales@parker.hannifin.fluid.con.com,DE871320903,,X,2018-01-09
0000000085,ZMET,Outokumpu Stainless Special Alloys,,OUTOKUMPU,405 Parque Industrial Monterrey,Pune,411001,IN,EN,+83-111-5155190,sales@outokumpu.stainless.speci.com,06AAACTW4001Y1Z7,,,2019-03-24
0000000086,ZCMP,Norgren Industrial Pneumatics,,NORGRENIN,398 Gewerbepark West,Chennai,600001,IN,EN,+34-352-3344787,sales@norgren.industrial.pneuma.com,06AAACTM7360A1Z6,,,2018-03-14
0000000087,ZMET,Sandvik Materials Technology AB,,SANDVIKMA,8 Parque Industrial Monterrey,Hanover,30159,DE,DE,+15-794-5311120,sales@sandvik.materials.technol.com,DE700847871,,,2018-07-07
0000000088,ZCMP,Kuehne + Nagel Heavy Project Cargo ,,KUEHNE+N,242 Manufacturing Parkway,Chennai,600001,IN,EN,+38-452-9543312,sales@kuehne.+.nagel.heavy.proj.com,24AAACTI7509W1Z9,,,2021-06-01
0000000089,ZMET,Kalyani Forgings & Metallurgy 89,,KALYANIFO,223 Sanand Industrial Zone,Munich,80331,DE,DE,+41-400-5407568,sales@kalyani.forgings.and.meta.com,DE102178528,,,2022-01-13
0000000090,ZSUB,Lasertech CNC Laser Cutting & Bendi,,LASERTECH,195 Zona Industrial Norte,Bengaluru,560001,IN,EN,+45-782-8108098,sales@lasertech.cnc.laser.cutti.com,29AAACTK9691S1Z1,,,2023-06-06
0000000091,ZCMP,Gates Industrial Power Transmission,,GATESINDU,449 Daimlerstraße,Pune,411001,IN,EN,+51-655-7604309,sales@gates.industrial.power.tr.com,24AAACTV3252D1Z6,,,2019-04-23
0000000092,ZSUB,Aalberts Surface Technologies Plati,,AALBERTSS,238 MIDC Industrial Area Bhosari,Nuremberg,90402,DE,DE,+12-643-2183872,sales@aalberts.surface.technolo.com,DE219327816,,,2016-03-08
0000000093,ZMET,Alcoa Aluminum Extrusions Corp 93,Automotive Parts Wing,ALCOAALUM,190 MIDC Industrial Area Bhosari,Bengaluru,560001,IN,EN,+57-308-2580429,sales@alcoa.aluminum.extrusions.com,27AAACTV7419S1Z4,,,2023-09-22
0000000094,ZMET,Bharat Forge Precision Machining 94,,BHARATFOR,63 Gewerbepark West,Bengaluru,560001,IN,EN,+7-241-5736806,sales@bharat.forge.precision.ma.com,06AAACTJ5115N1Z2,,,2022-04-10
0000000095,ZELE,Rockwell Automation Allen-Bradley 9,,ROCKWELLA,430 Automotive Corridor Phase 2,Hanover,30159,DE,DE,+91-757-9435476,sales@rockwell.automation.allen.com,DE463119299,,,2022-01-29
0000000096,ZCMP,Danfoss Power Solutions Hydraulics ,Job-Work Division,DANFOSSPO,262 Parque Industrial Monterrey,Hanover,30159,DE,DE,+19-109-2579919,sales@danfoss.power.solutions.h.com,DE459221844,,,2018-06-16
0000000097,ZMRO,Kennametal Carbide Tooling Systems ,,KENNAMETAL,255 Parque Industrial Monterrey,Coventry,CV1 1AA,GB,EN,+67-454-6969247,sales@kennametal.carbide.toolin.com,GB562646209,,,2019-01-05
0000000098,ZMRO,Mobil Industrial Gear Oils & Grease,,MOBILINDU,295 Industrial Tooling Way,Milwaukee,53201,US,EN,+62-138-9241693,sales@mobil.industrial.gear.oil.com,98-7721833,,,2018-10-20
0000000099,ZCMP,Garlock Sealing Technologies 99,,GARLOCKSE,393 GIDC Vatva Industrial Park,Ahmedabad,380001,IN,EN,+72-981-5413338,sales@garlock.sealing.technolog.com,27AAACTC8088F1Z1,,,2023-10-27
0000000100,ZSUB,PPG Industrial Coatings & E-Coat 10,,PPGINDUST,422 Peenya Industrial Area,Stuttgart,70173,DE,DE,+15-294-8921205,sales@ppg.industrial.coatings.a.com,DE263694849,,,2018-08-22
0000000101,ZMET,Tata Steel Heavy Tubular Products,Foundry & Casting Works,JINDALSTA,369 Zona Industrial Norte,Faridabad,121001,IN,EN,+92-777-6628618,sales@jindal.stainless.structur.com,27AAACT1234F1Z8,,,2016-12-12
0000000102,ZMRO,Tata Steel Tubes Division - Jobwork,,SANDVIKCO,143 Industrial Tooling Way,Faridabad,121001,IN,DE,+93-211-7663034,sales@sandvik.coromant.cutting..com,27AAACT1234F1Z8,,,2016-04-06
0000000103,ZMET,Bosch Rexroth Industrial Hydraulics,,ALCOAALUM,100 Zona Industrial Norte,Nuremberg,90402,DE,DE,+59-706-8785396,sales@alcoa.aluminum.extrusions.com,DE129847192,,,2019-02-09
0000000104,ZCMP,Bosch Rexroth AG - Fluid Power,,TCIFREIGH,274 Assembly Boulevard,Nuremberg,90402,DE,EN,+46-169-7834883,sales@tci.freight.heavy.haulage.com,DE129847192,,,2020-02-24
0000000105,ZELE,Sundram Fasteners Automotive Ltd,,SCHNEIDER,82 Parque Industrial Monterrey,Osaka,530-0001,JP,JA,+71-708-5762084,sales@schneider.electric.indust.com,33AAACT9876K1Z2,,,2019-10-09
0000000106,ZMRO,Sundram Fasteners Special Forgings,,GUHRINGPR,445 GIDC Vatva Industrial Park,Osaka,530-0001,JP,EN,+80-890-6228350,sales@guhring.precision.drills..com,33AAACT9876K1Z2,,,2017-08-12
0000000107,ZCMP,Parker Hannifin Fluid Connectors,,RENOLDIND,170 Ambattur Industrial Estate,Chennai,600001,IN,EN,+15-194-7521877,sales@renold.industrial.transmi.com,US38-1928471,,,2016-07-12
0000000108,ZELE,Parker Hannifin Hose Division,,MITSUBISHI,281 Sanand Industrial Zone,Chennai,600001,IN,EN,+4-650-5689371,sales@mitsubishi.electric.indus.com,US38-1928471,,,2021-04-10
0000000109,ZCMP,Schaeffler Technologies AG & Co,,SCHAEFFLER,438 Gewerbepark West,Faridabad,121001,IN,EN,+26-830-7929510,sales@schaeffler.technologies.a.com,DE812948194,,,2017-01-15
0000000110,ZSUB,Schaeffler Aerospace Bearings,,BODYCOTET,446 Ambattur Industrial Estate,Faridabad,121001,IN,EN,+28-376-2582369,sales@bodycote.thermal.processi.com,DE812948194,,,2022-02-22
0000000111,ZCMP,Bharat Forge Precision Machining,Machining Plant 2,GATESINDU,149 Parque Industrial Monterrey,Tokyo,100-0001,JP,JA,+50-735-8840946,sales@gates.industrial.power.tr.com,27AAACT5544M1Z1,,,2023-10-29
0000000112,ZELE,Bharat Forge Heavy Metallurgy,,BANNERENG,346 Industriestraße,Tokyo,100-0001,JP,EN,+29-388-5123724,sales@banner.engineering.safety.com,27AAACT5544M1Z1,,,2019-12-01
0000000113,ZMRO,Sandvik Coromant Cutting Tools,,WALTERIND,201 Industrial Tooling Way,Hanover,30159,DE,DE,+71-285-7806415,sales@walter.industrial.milling.com,DE918274619,,,2017-04-14
0000000114,ZMRO,Sandvik Coromant Carbide Inserts,,GUHRINGPR,233 Manufacturing Parkway,Hanover,30159,DE,JA,+53-381-4454103,sales@guhring.precision.drills..com,DE918274619,,,2017-10-21
0000000115,ZMET,Renold Industrial Transmission,,SANDVIKMA,168 GIDC Vatva Industrial Park,Jamshedpur,831001,IN,EN,+32-420-3432185,sales@sandvik.materials.technol.com,GB192837465,,,2022-09-24
0000000116,ZMET,Renold Power Transmission Gears,Tooling Engineering Unit,SANDVIKMA,140 Manufacturing Parkway,Jamshedpur,831001,IN,JA,+42-401-4808220,sales@sandvik.materials.technol.com,GB192837465,,,2019-04-25
0000000117,ZMET,Thyssenkrupp Materials Services Gmb,,THYSSENKRU,186 GIDC Vatva Industrial Park,Nashik,422001,IN,EN,+34-694-6464973,sales@thyssenkrupp.materials.se.com,33AAACTW6914S1Z5,,,2023-06-10
0000000118,ZCMP,Blue Dart Express Industrial Cargo ,,BLUEDART,433 Peenya Industrial Area,Chennai,600001,IN,EN,+63-634-5954269,sales@blue.dart.express.industr.com,33AAACTT4024T1Z1,,,2018-08-31
0000000119,ZMET,Bohler Special Steels Europe 119,Tooling Engineering Unit,BOHLERSPE,219 GIDC Vatva Industrial Park,Coimbatore,641001,IN,EN,+65-803-9354519,sales@bohler.special.steels.eur.com,33AAACTA6055L1Z2,,,2016-07-12
0000000120,ZELE,SKF Industrial Bearings & Seals,Tooling Engineering Unit,ROCKWELLA,30 Assembly Boulevard,Pune,411001,IN,EN,+91-474-8298826,sales@rockwell.automation.allen.com,34-9461372,,,2023-09-09
0000000121,ZELE,SKF Precision Bearings Ltd,,ROCKWELLA,179 Automotive Corridor Phase 2,Pune,411001,IN,EN,+34-402-2547447,sales@rockwell.automation.allen.com,33AAACTS2628O1Z4,,,2019-08-07
0000000122,ZCMP,Siemens Factory Automation & Drives,Machining Plant 2,DHLGLOBAL,201 Parque Industrial Monterrey,Cologne,50667,DE,JA,+32-412-7443349,sales@dhl.global.forwarding.hea.com,KR89139501,,,2023-01-15
0000000123,ZMET,Siemens Industrial Automation,Machining Plant 2,ALCOAALUM,194 Die & Mold Drive,Cologne,50667,DE,EN,+52-841-7913701,sales@alcoa.aluminum.extrusions.com,29AAACTP8323I1Z2,,,2022-08-07
0000000124,ZSUB,Bodycote Thermal Processing,,ELECTROCOA,12 Siemensstraße,Cologne,50667,DE,DE,+95-540-8505867,sales@electrocoat.precision.fin.com,DE909849493,,,2021-10-28
0000000125,ZCMP,Bodycote Heat Treatment Works,Job-Work Division,THKPRECIS,360 Peenya Industrial Area,Cologne,50667,DE,EN,+52-237-9661838,sales@thk.precision.linear.guid.com,27AAACTD5992N1Z9,,,2024-02-07
0000000126,ZCMP,Kennametal Carbide Tooling,,MAERSKIND,68 Engineering Way,Detroit,48201,US,DE,+31-516-1261525,sales@maersk.industrial.contain.com,DE735263885,,,2020-07-14
0000000127,ZCMP,Kennametal Tooling Systems Inc,,MAERSKIND,152 Automotive Corridor Phase 2,Detroit,48201,US,EN,+30-911-9745990,sales@maersk.industrial.contain.com,24AAACTM5737C1Z1,,,2021-07-23
0000000128,ZCMP,Kalyani Forgings & Metallurgy,,BLUEDART,376 Manufacturing Parkway,Faridabad,121001,IN,ES,+20-844-6865614,sales@blue.dart.express.industr.com,BSL775182V99,,,2019-03-09
0000000129,ZMET,Kalyani Forging Works Ltd,Job-Work Division,SSABSWEDI,42 Die & Mold Drive,Faridabad,121001,IN,EN,+25-396-8248861,sales@ssab.swedish.steel.heavy..com,27AAACTS7130L1Z8,,,2019-10-02
0000000130,ZCMP,Fuchs Lubricants Industrial,,VRLINDUST,225 Industriestraße,Cologne,50667,DE,EN,+56-246-7598590,sales@vrl.industrial.logistics..com,33AAACTU5239D1Z6,,,2020-12-06
0000000131,ZCMP,Fuchs Industrial Cutting Oil,,NSKPRECIS,41 Foundry Lane,Cologne,50667,DE,EN,+19-180-7769540,sales@nsk.precision.ball.screws.com,33AAACTG5473H1Z1,,,2017-06-22
0000000132,ZCMP,Castrol Industrial Metalworking,,BOSSARDIN,144 Ambattur Industrial Estate,Manchester,M1 1AD,GB,DE,+46-121-9706840,sales@bossard.industrial.fasten.com,DE530745670,,,2021-05-10
0000000133,ZMRO,Castrol Industrial Lubricants,,CASTROLIN,193 Automotive Corridor Phase 2,Manchester,M1 1AD,GB,JA,+90-257-2165878,sales@castrol.industrial.metalw.com,SE85113559,,,2018-04-05
0000000134,ZMET,Bossard Industrial Fasteners,,BHARATFOR,280 GIDC Vatva Industrial Park,Chennai,600001,IN,EN,+60-342-2647088,sales@bharat.forge.precision.ma.com,24AAACTO2909E1Z5,,,2017-05-29
0000000135,ZCMP,Bossard Fasteners & Assembly,,VRLINDUST,202 Engineering Way,Chennai,600001,IN,EN,+25-732-8071941,sales@vrl.industrial.logistics..com,33AAACTW7755K1Z9,,,2022-02-12
0000000136,ZMRO,Castrol Industrial Metalworking Flu,,CASTROLIN,434 Assembly Boulevard,Jamshedpur,831001,IN,EN,+65-600-3412188,sales@castrol.industrial.metalw.com,27AAACTG3876V1Z4,,,2020-08-14
0000000137,ZELE,Fanuc Robotics & CNC Controllers 13,,FANUCROBO,2 Ambattur Industrial Estate,Chennai,600001,IN,EN,+15-895-8249770,sales@fanuc.robotics.and.cnc.co.com,24AAACTL3490D1Z3,,,2023-01-04
0000000138,ZSUB,Bodycote Thermal Processing & Nitri,,BODYCOTET,353 MIDC Industrial Area Bhosari,Essen,45127,DE,DE,+33-156-3239208,sales@bodycote.thermal.processi.com,DE595138690,,,2017-06-08
0000000139,ZELE,Sick AG Industrial LiDAR & Vision 1,Foundry & Casting Works,SICKAGIN,351 Manufacturing Parkway,Ahmedabad,380001,IN,EN,+82-727-9273928,sales@sick.ag.industrial.lidar..com,33AAACTO7935N1Z6,,,2020-10-10
0000000140,ZCMP,DHL Global Forwarding Heavy Cargo 1,Foundry & Casting Works,DHLGLOBAL,186 Parque Industrial Monterrey,Frankfurt,60311,DE,DE,+78-190-6662293,sales@dhl.global.forwarding.hea.com,DE391503258,,,2022-06-06
0000000141,ZCMP,MinebeaMitsumi Precision Components,,MINEBEAMIT,149 Industrial Tooling Way,Jamshedpur,831001,IN,EN,+16-491-7295987,sales@minebeamitsumi.precision..com,29AAACTA2681V1Z6,,,2018-08-24
0000000142,ZMET,Sandvik Materials Technology AB 142,,SANDVIKMA,375 Daimlerstraße,Chennai,600001,IN,EN,+30-365-2714953,sales@sandvik.materials.technol.com,06AAACTC9851S1Z4,,,2016-04-12
0000000143,ZCMP,TCI Freight Heavy Haulage Division ,,TCIFREIGH,43 Gewerbepark West,Busan,48000,KR,JA,+61-223-3234477,sales@tci.freight.heavy.haulage.com,KR88036171,,,2018-05-25
0000000144,ZELE,Keyence Precision Optical Sensors 1,Foundry & Casting Works,KEYENCEPR,90 Die & Mold Drive,Cologne,50667,DE,DE,+46-232-2332311,sales@keyence.precision.optical.com,DE575958104,,,2023-04-28
0000000145,ZMRO,Iscar Carbide Metalworking Tools 14,,ISCARCARB,177 Industrial Tooling Way,Bengaluru,560001,IN,EN,+20-997-6528620,sales@iscar.carbide.metalworkin.com,33AAACTD2350N1Z6,,,2018-10-10
0000000146,ZCMP,SMC Pneumatics & Automation 146,,SMCPNEUMA,121 Industriestraße,Birmingham,B1 1AA,GB,EN,+28-940-2550444,sales@smc.pneumatics.and.automa.com,GB938101759,,,2022-04-30
0000000147,ZCMP,Maersk Industrial Container Shippin,,MAERSKIND,28 Foundry Lane,Faridabad,121001,IN,EN,+10-269-2773472,sales@maersk.industrial.contain.com,33AAACTE4894B1Z6,,,2023-04-16
0000000148,ZELE,Schneider Electric Industrial Contr,,SCHNEIDER,391 Parque Industrial Monterrey,Akron,44301,US,EN,+4-504-7801098,sales@schneider.electric.indust.com,17-7072639,,,2020-10-04
0000000149,ZCMP,Bossard Industrial Fasteners & Bolt,,BOSSARDIN,304 Peenya Industrial Area,Stuttgart,70173,DE,DE,+43-390-7947403,sales@bossard.industrial.fasten.com,DE547895640,,,2023-03-19
0000000150,ZELE,Siemens Factory Automation & Drives,,SIEMENSFA,356 MIDC Industrial Area Bhosari,Wolverhampton,WV1 1AA,GB,EN,+1-144-5784937,sales@siemens.factory.automatio.com,,,,2017-08-12
0000000151,ZCMP,HIWIN Linear Motion Guides 151,,HIWINLINE,193 Industriestraße,Coimbatore,641001,IN,EN,+18-782-5060247,sales@hiwin.linear.motion.guide.com,,,,2019-02-13
0000000152,ZMRO,Seco Tools High Feed Milling 152,Automotive Parts Wing,SECOTOOLS,226 Daimlerstraße,Gurugram,122001,IN,EN,+44-378-1762919,sales@seco.tools.high.feed.mill.com,,,,2019-03-11
0000000153,ZCMP,Renold Industrial Transmission Chai,,RENOLDIND,200 Assembly Boulevard,Faridabad,121001,IN,EN,+99-120-6609880,sales@renold.industrial.transmi.com,,,,2022-10-08
0000000154,ZCMP,Swagelok Fluid System Components 15,Surface Coating Div,SWAGELOKF,200 Sanand Industrial Zone,Coimbatore,641001,IN,EN,+29-586-8349447,sales@swagelok.fluid.system.com.com,,,,2018-12-01
0000000155,ZMRO,Kyocera Cutting Tools Europe 155,,KYOCERACU,434 Zona Industrial Norte,Faridabad,121001,IN,EN,+3-338-5267577,sales@kyocera.cutting.tools.eur.com,,,,2016-09-08
0000000156,ZMET,Jindal Stainless Structural Product,,JINDALSTA,122 Automotive Corridor Phase 2,Stuttgart,70173,DE,DE,+50-509-6019484,sales@jindal.stainless.structur.com,,,,2021-12-30
0000000157,ZELE,WAGO Industrial Interconnection 157,Foundry & Casting Works,WAGOINDUS,218 Foundry Lane,Coventry,CV1 1AA,GB,EN,+30-822-8916186,sales@wago.industrial.interconn.com,,,,2016-05-27
0000000158,ZSUB,Oerlikon Balzers Surface Hardening ,Machining Plant 2,OERLIKONB,32 Industriestraße,Pittsburgh,15201,US,EN,+53-750-7501039,sales@oerlikon.balzers.surface..com,,,,2021-01-02
0000000159,ZCMP,Maersk Industrial Container Shippin,Surface Coating Div,MAERSKIND,352 GIDC Vatva Industrial Park,Nuremberg,90402,DE,DE,+85-467-6617749,sales@maersk.industrial.contain.com,,,,2021-12-26
0000000160,ZELE,Omron Industrial Automation Sensors,Automotive Parts Wing,OMRONINDU,244 Daimlerstraße,Cologne,50667,DE,DE,+76-875-5776400,sales@omron.industrial.automati.com,,,,2020-10-28
0000000161,ZMRO,Dormer Pramet Indexable Inserts 161,Foundry & Casting Works,DORMERPRA,26 Peenya Industrial Area,Chennai,600001,IN,EN,+87-310-6536093,sales@dormer.pramet.indexable.i.com,,,,2020-07-01
0000000162,ZELE,Sick AG Industrial LiDAR & Vision 1,,SICKAGIN,428 Industrial Tooling Way,Milwaukee,53201,US,EN,+90-209-7577026,sales@sick.ag.industrial.lidar..com,,,,2021-08-21
0000000163,ZELE,Sick AG Industrial LiDAR & Vision 1,Foundry & Casting Works,SICKAGIN,26 Siemensstraße,Essen,45127,DE,DE,+63-934-7822476,sales@sick.ag.industrial.lidar..com,,,,2016-05-17
0000000164,ZMRO,Guhring Precision Drills & Taps 164,,GUHRINGPR,327 Industrial Tooling Way,Mannheim,68161,DE,DE,+90-750-8008254,sales@guhring.precision.drills..com,,,,2017-08-28
0000000165,ZELE,Keyence Precision Optical Sensors 1,,KEYENCEPR,430 Die & Mold Drive,Ahmedabad,380001,IN,EN,+37-642-3471693,sales@keyence.precision.optical.com,,,,2018-03-08
0000000166,ZCMP,Würth Industry Assembly Components ,Machining Plant 2,WÜRTHINDU,361 Manufacturing Parkway,Pune,411001,IN,EN,+5-656-5159674,sales@würth.industry.assembly.c.com,,,,2016-10-30
0000000167,ZCMP,Festo Industrial Pneumatic Valves 1,Foundry & Casting Works,FESTOINDU,13 Industriestraße,Wolverhampton,WV1 1AA,GB,EN,+82-133-1228896,sales@festo.industrial.pneumati.com,,,,2019-11-10
0000000168,ZELE,Keyence Precision Optical Sensors 1,,KEYENCEPR,8 Zona Industrial Norte,Coventry,CV1 1AA,GB,EN,+35-919-6225997,sales@keyence.precision.optical.com,,,,2022-12-13
0000000169,ZCMP,Eaton Hydraulics & Hose Assemblies ,Automotive Parts Wing,EATONHYDR,257 Daimlerstraße,Faridabad,121001,IN,EN,+52-801-6838317,sales@eaton.hydraulics.and.hose.com,,,,2019-05-26
0000000170,ZELE,Turck Industrial Proximity Sensors ,Job-Work Division,TURCKINDU,120 Zona Industrial Norte,Chicago,60601,US,EN,+83-192-5862239,sales@turck.industrial.proximit.com,,,,2022-06-08
0000000171,ZMET,Outokumpu Stainless Special Alloys ,,OUTOKUMPU,376 MIDC Industrial Area Bhosari,Birmingham,B1 1AA,GB,EN,+19-808-9937721,sales@outokumpu.stainless.speci.com,,,,2017-03-21
0000000172,ZELE,Rockwell Automation Allen-Bradley 1,,ROCKWELLA,424 Gewerbepark West,Essen,45127,DE,DE,+34-838-6092236,sales@rockwell.automation.allen.com,,,,2023-02-08
0000000173,ZMET,POSCO Steel Plate & Coil 173,,POSCOSTEE,361 Assembly Boulevard,Hanover,30159,DE,DE,+54-347-7056198,sales@posco.steel.plate.and.coi.com,,,,2016-11-16
0000000174,ZMET,Thyssenkrupp Materials Services Gmb,,THYSSENKRU,260 Zona Industrial Norte,Ahmedabad,380001,IN,EN,+49-284-2530778,sales@thyssenkrupp.materials.se.com,,,,2023-08-27
0000000175,ZCMP,Sundram Fasteners Automotive Ltd 17,,SUNDRAMFA,256 Gewerbepark West,Chennai,600001,IN,EN,+3-858-4844222,sales@sundram.fasteners.automot.com,,,,2024-02-06
0000000176,ZCMP,Danfoss Power Solutions Hydraulics ,,DANFOSSPO,262 Foundry Lane,Bengaluru,560001,IN,EN,+6-919-3621365,sales@danfoss.power.solutions.h.com,,,,2016-11-02
0000000177,ZCMP,Bosch Rexroth Industrial Hydraulics,,BOSCHREXR,378 Daimlerstraße,Nuremberg,90402,DE,DE,+36-239-6103252,sales@bosch.rexroth.industrial..com,,,,2022-12-24
0000000178,ZELE,ABB Motion & Industrial Drives 178,,ABBMOTION,175 Siemensstraße,Ahmedabad,380001,IN,EN,+56-350-7041173,sales@abb.motion.and.industrial.com,,,,2021-10-18
0000000179,ZCMP,Parker Hannifin Fluid Connectors 17,Foundry & Casting Works,PARKERHAN,424 Industriestraße,Querétaro,76000,MX,ES,+21-280-7992856,sales@parker.hannifin.fluid.con.com,,,,2022-10-27
0000000180,ZCMP,MinebeaMitsumi Precision Components,,MINEBEAMIT,338 MIDC Industrial Area Bhosari,Jamshedpur,831001,IN,EN,+71-207-2864094,sales@minebeamitsumi.precision..com,,,,2022-10-07
0000000181,ZCMP,Swagelok Fluid System Components 18,,SWAGELOKF,321 Gewerbepark West,Pune,411001,IN,EN,+40-793-7516241,sales@swagelok.fluid.system.com.com,,,,2017-02-21
0000000182,ZCMP,Hydac Technology Hydraulic Filters ,,HYDACTECH,271 Foundry Lane,Ahmedabad,380001,IN,EN,+24-982-9717383,sales@hydac.technology.hydrauli.com,,,,2021-05-25
0000000183,ZMET,Alcoa Aluminum Extrusions Corp 183,,ALCOAALUM,355 Die & Mold Drive,Guadalajara,44100,MX,ES,+4-386-3746281,sales@alcoa.aluminum.extrusions.com,,,,2022-01-09
0000000184,ZCMP,HIWIN Linear Motion Guides 184,,HIWINLINE,253 GIDC Vatva Industrial Park,Sandviken,811 30,SE,JA,+30-746-8160065,sales@hiwin.linear.motion.guide.com,,,,2023-05-30
0000000185,ZELE,Rockwell Automation Allen-Bradley 1,Surface Coating Div,ROCKWELLA,386 Automotive Corridor Phase 2,Nuremberg,90402,DE,DE,+8-148-5513396,sales@rockwell.automation.allen.com,,,,2023-01-18
0000000186,ZELE,Keyence Precision Optical Sensors 1,,KEYENCEPR,115 Siemensstraße,Indianapolis,46201,US,EN,+53-936-7030838,sales@keyence.precision.optical.com,,,,2023-04-09
0000000187,ZMET,Tata Steel Heavy Tubular Products 1,Tooling Engineering Unit,TATASTEEL,127 Siemensstraße,Busan,48000,KR,JA,+24-138-2609762,sales@tata.steel.heavy.tubular..com,,,,2020-03-06
0000000188,ZMRO,Mobil Industrial Gear Oils & Grease,Foundry & Casting Works,MOBILINDU,76 Daimlerstraße,Monterrey,64000,MX,ES,+5-301-6565786,sales@mobil.industrial.gear.oil.com,,,,2019-11-16
0000000189,ZMET,Kalyani Forgings & Metallurgy 189,,KALYANIFO,409 MIDC Industrial Area Bhosari,Nuremberg,90402,DE,DE,+48-483-5417357,sales@kalyani.forgings.and.meta.com,,,,2017-07-01
0000000190,ZELE,Turck Industrial Proximity Sensors ,Surface Coating Div,TURCKINDU,167 Automotive Corridor Phase 2,Hanover,30159,DE,DE,+64-550-8674729,sales@turck.industrial.proximit.com,DE891919107,,,2024-03-10
0000000191,ZMET,POSCO Steel Plate & Coil 191,,POSCOSTEE,170 Industriestraße,Pune,411001,IN,EN,+67-905-6799369,sales@posco.steel.plate.and.coi.com,06AAACTS3051M1Z9,,,2021-02-16
0000000192,ZMRO,3M Industrial Safety & PPE Systems ,Automotive Parts Wing,3MINDUSTR,151 Industriestraße,Manchester,M1 1AD,GB,EN,+90-108-5297771,sales@3m.industrial.safety.and..com,GB239052382,,,2017-01-01
0000000193,ZCMP,Danfoss Power Solutions Hydraulics ,,DANFOSSPO,283 Foundry Lane,Hanover,30159,DE,DE,+69-129-6155754,sales@danfoss.power.solutions.h.com,DE970098510,,,2019-08-24
0000000194,ZSUB,Lasertech CNC Laser Cutting & Bendi,,LASERTECH,337 Die & Mold Drive,Milwaukee,53201,US,EN,+96-488-3264023,sales@lasertech.cnc.laser.cutti.com,65-2047510,,,2020-12-11
0000000195,ZSUB,Henkel Surface Technologies Bonderi,,HENKELSUR,186 Siemensstraße,Monterrey,,MX,ES,+74-434-2387357,sales@henkel.surface.technologi.com,ZFS232355T41,,,2019-10-13
0000000196,ZCMP,TCI Freight Heavy Haulage Division ,Surface Coating Div,TCIFREIGH,141 Ambattur Industrial Estate,Munich,,DE,DE,+31-114-5690144,sales@tci.freight.heavy.haulage.com,DE408034855,,,2022-04-15
0000000197,ZMRO,Castrol Industrial Metalworking Flu,,CASTROLIN,294 Assembly Boulevard,Ahmedabad,,IN,EN,+36-892-6988974,sales@castrol.industrial.metalw.com,06AAACTL4233H1Z6,,,2022-11-05
0000000198,ZCMP,Freudenberg Sealing Technologies 19,Surface Coating Div,FREUDENBER,313 Die & Mold Drive,Pune,,IN,EN,+87-959-7604427,sales@freudenberg.sealing.techn.com,29AAACTZ3284V1Z1,,,2019-05-08
0000000199,ZCMP,Schaeffler Technologies AG & Co 199,,SCHAEFFLER,152 Daimlerstraße,Stuttgart,,DE,DE,+16-767-9099450,sales@schaeffler.technologies.a.com,DE377012862,,,2022-01-02
0000000200,ZCMP,HIWIN Linear Motion Guides 200,,HIWINLINE,231 Automotive Corridor Phase 2,Ahmedabad,,IN,EN,+15-648-2376368,sales@hiwin.linear.motion.guide.com,33AAACTT7497U1Z6,,,2018-09-16
0000000201,ZCMP,Eaton Hydraulics & Hose Assemblies ,Surface Coating Div,EATONHYDR,253 Industriestraße,Munich,,DE,DE,+95-616-6628862,sales@eaton.hydraulics.and.hose.com,DE948586132,,,2019-09-19
0000000202,ZCMP,Festo Industrial Pneumatic Valves 2,Automotive Parts Wing,FESTOINDU,352 Zona Industrial Norte,Cleveland,,US,EN,+94-412-6589728,sales@festo.industrial.pneumati.com,92-3836956,,,2020-04-12
0000000203,ZELE,Sick AG Industrial LiDAR & Vision 2,,SICKAGIN,340 MIDC Industrial Area Bhosari,Chennai,,IN,EN,+33-743-3968366,sales@sick.ag.industrial.lidar..com,29AAACTX9265V1Z8,,,2016-08-07
0000000204,ZMET,ArcelorMittal Precision Tubing Euro,,ARCELORMIT,426 Manufacturing Parkway,Guadalajara,,MX,ES,+68-309-4255611,sales@arcelormittal.precision.t.com,MLU289067P72,,,2018-11-13
0000000205,ZMRO,Kennametal Carbide Tooling Systems ,Machining Plant 2,KENNAMETAL,283 Foundry Lane,Chicago,,US,EN,+17-356-6722204,sales@kennametal.carbide.toolin.com,23-6255504,,,2016-05-21
0000000206,ZMRO,Klüber Lubrication High Temp Grease,Tooling Engineering Unit,KLÜBERLUB,71 Sanand Industrial Zone,Stuttgart,,DE,DE,+31-898-6209470,sales@klüber.lubrication.high.t.com,DE883234972,,,2024-02-09
0000000207,ZMET,Nippon Steel Coils & Billets 207,Surface Coating Div,NIPPONSTE,228 GIDC Vatva Industrial Park,Chennai,,IN,EN,+65-577-4868397,sales@nippon.steel.coils.and.bi.com,29AAACTX8772P1Z2,,,2023-02-23
0000000208,ZELE,ABB Motion & Industrial Drives 208,,ABBMOTION,332 Zona Industrial Norte,Pune,,IN,EN,+54-302-5866767,sales@abb.motion.and.industrial.com,24AAACTB4852P1Z5,,,2019-08-08
0000000209,ZCMP,SKF Industrial Bearings & Seals 209,,SKFINDUST,384 Zona Industrial Norte,Essen,,DE,DE,+51-997-7397925,sales@skf.industrial.bearings.a.com,DE267117555,,,2021-11-10
0000000210,ZCMP,Norgren Industrial Pneumatics 210,,NORGRENIN,87 Industrial Tooling Way,Saltillo,,MX,ES,+82-828-3257953,sales@norgren.industrial.pneuma.com,CJH576452B97,,,2024-02-01
0000000211,ZCMP,Bosch Rexroth Industrial Hydraulics,,BOSCHREXR,37 MIDC Industrial Area Bhosari,Hanover,,DE,DE,+65-455-7644099,sales@bosch.rexroth.industrial..com,DE514430935,,,2018-12-20
0000000212,ZCMP,Swagelok Fluid System Components 21,,SWAGELOKF,267 Siemensstraße,Hanover,,DE,DE,+64-378-9410193,sales@swagelok.fluid.system.com.com,DE322013206,,,2019-05-30
0000000213,ZMRO,Kyocera Cutting Tools Europe 213,,KYOCERACU,149 Engineering Way,Cologne,,DE,DE,+74-428-6804523,sales@kyocera.cutting.tools.eur.com,DE185464498,,,2023-06-30
0000000214,ZELE,ABB Motion & Industrial Drives 214,Automotive Parts Wing,ABBMOTION,107 Automotive Corridor Phase 2,Nuremberg,,DE,DE,+38-941-7893390,sales@abb.motion.and.industrial.com,DE959284855,,,2021-01-03
0000000215,ZELE,Keyence Precision Optical Sensors 2,,KEYENCEPR,291 Manufacturing Parkway,Faridabad,,IN,EN,+41-563-7477897,sales@keyence.precision.optical.com,24AAACTK7689P1Z3,,,2020-04-08
0000000216,ZCMP,Parker Hannifin Fluid Connectors 21,,PARKERHAN,434 Parque Industrial Monterrey,Querétaro,,MX,ES,+47-921-1788828,sales@parker.hannifin.fluid.con.com,QTT933782S94,,,2021-02-21
0000000217,ZMRO,Kyocera Cutting Tools Europe 217,Surface Coating Div,KYOCERACU,334 Industrial Tooling Way,Gurugram,,IN,EN,+92-668-9338071,sales@kyocera.cutting.tools.eur.com,33AAACTF7001C1Z6,,,2017-07-05
0000000218,ZMET,Bharat Forge Precision Machining 21,,BHARATFOR,311 Assembly Boulevard,Chicago,,US,EN,+72-694-1468750,sales@bharat.forge.precision.ma.com,26-2419141,,,2018-11-04
0000000219,ZSUB,PPG Industrial Coatings & E-Coat 21,,PPGINDUST,433 Foundry Lane,Chennai,,IN,EN,+26-983-3356399,sales@ppg.industrial.coatings.a.com,24AAACTD5012O1Z7,,,2023-06-06
0000000220,ZCMP,Trelleborg Industrial Engineered Se,,TRELLEBORG,164 Industriestraße,Yokohama,220-0001,JP,JA,+51-667-6128347,sales@trelleborg.industrial.eng.com,JP78338687,,,2017-09-01
0000000221,ZMRO,Sandvik Coromant Cutting Tools 221,Job-Work Division,SANDVIKCO,241 Industriestraße,Nuremberg,90402,DE,DE,+45-647-1007516,sales@sandvik.coromant.cutting..com,DE666281203,,,2019-08-12
0000000222,ZCMP,Freudenberg Sealing Technologies 22,,FREUDENBER,231 Foundry Lane,Jamshedpur,831001,IN,EN,+1-224-8205811,sales@freudenberg.sealing.techn.com,27AAACTH5401N1Z2,,,2016-01-22
0000000223,ZCMP,Trelleborg Industrial Engineered Se,,TRELLEBORG,78 Siemensstraße,Coimbatore,641001,IN,EN,+32-255-9013475,sales@trelleborg.industrial.eng.com,24AAACTF8173V1Z2,,,2024-02-09
0000000224,ZCMP,MinebeaMitsumi Precision Components,,MINEBEAMIT,428 Parque Industrial Monterrey,Bengaluru,560001,IN,EN,+86-623-5413381,sales@minebeamitsumi.precision..com,27AAACTH9986W1Z6,,,2023-07-30
0000000225,ZELE,,,TURCKINDU,364 Zona Industrial Norte,Changwon,51500,KR,JA,+48-943-3857712,sales@turck.industrial.proximit.com,KR47503918,,,2016-12-22
0000000226,ZMRO,,Surface Coating Div,TYROLITIN,440 Zona Industrial Norte,Mannheim,68161,DE,DE,+93-428-3866063,sales@tyrolit.industrial.grindi.com,DE693248157,,,2023-03-27
0000000227,ZMRO,,,3MINDUSTR,118 Siemensstraße,Bengaluru,560001,IN,EN,+52-914-3169268,sales@3m.industrial.safety.and..com,06AAACTH9876V1Z5,,,2017-07-06
0000000228,ZELE,,,LAPPGROUP,360 Industrial Tooling Way,Jamshedpur,831001,IN,EN,+39-501-1416940,sales@lapp.group.industrial.cab.com,33AAACTD5984V1Z6,,,2018-12-09
0000000229,ZSUB,,Machining Plant 2,HENKELSUR,236 Daimlerstraße,Bengaluru,560001,IN,EN,+23-177-8001699,sales@henkel.surface.technologi.com,29AAACTA5955Y1Z5,,,2021-10-24
0000000230,ZMET,,,VOESTALPIN,164 Foundry Lane,Indianapolis,46201,US,EN,+32-641-1064160,sales@voestalpine.high.performa.com,81-1589098,,,2018-02-12
0000000231,ZELE,,,ABBMOTION,386 Peenya Industrial Area,Manchester,M1 1AD,GB,EN,+66-745-8419243,sales@abb.motion.and.industrial.com,GB574566981,,,2016-04-17
0000000232,ZSUB,,Surface Coating Div,LASERTECH,113 Assembly Boulevard,Munich,80331,DE,DE,+79-132-5859587,sales@lasertech.cnc.laser.cutti.com,DE462418979,,,2019-04-14
0000000233,ZSUB,,Surface Coating Div,ELECTROCOA,238 Gewerbepark West,Pittsburgh,15201,US,EN,+96-246-8509183,sales@electrocoat.precision.fin.com,44-2386681,,,2018-12-10
0000000234,ZMRO,,,TYROLITIN,105 Industriestraße,Faridabad,121001,IN,EN,+63-398-4689233,sales@tyrolit.industrial.grindi.com,33AAACTB8767Q1Z3,,,2023-03-05
0000000235,ZSUB,Electrocoat Precision Finishing Ltd,Surface Coating Div,ELECTROCOA,229 Die & Mold Drive,Bengaluru,560001,IN,EN,+66-605-4662471,sales@electrocoat.precision.fin.com,33AAACTL8965V1Z8,,,2016-09-11
0000000236,ZSUB,Henkel Surface Technologies Bonderi,Automotive Parts Wing,HENKELSUR,405 Sanand Industrial Zone,Indianapolis,46201,US,EN,+62-748-7993627,sales@henkel.surface.technologi.com,61-2624137,,,2020-07-25
0000000237,ZSUB,Oerlikon Balzers Surface Hardening ,,OERLIKONB,202 Foundry Lane,Faridabad,121001,IN,EN,+52-223-4872462,sales@oerlikon.balzers.surface..com,33AAACTD8903C1Z1,,,2023-02-23
0000000238,ZCMP,Bossard Industrial Fasteners & Bolt,,BOSSARDIN,154 Engineering Way,Indianapolis,46201,US,EN,+58-552-6847040,sales@bossard.industrial.fasten.com,17-5075213,,,2016-05-03
0000000239,ZELE,Sick AG Industrial LiDAR & Vision 2,Automotive Parts Wing,SICKAGIN,443 Industrial Tooling Way,Faridabad,121001,IN,EN,+88-513-4152642,sales@sick.ag.industrial.lidar..com,06AAACTM2694Q1Z2,,,2023-01-12
0000000240,ZMET,Thyssenkrupp Materials Services Gmb,Tooling Engineering Unit,THYSSENKRU,378 Gewerbepark West,Stuttgart,70173,,DE,+90-534-8733016,sales@thyssenkrupp.materials.se.com,DE480172114,,,2018-07-01
0000000241,ZCMP,Eaton Hydraulics & Hose Assemblies ,Job-Work Division,EATONHYDR,92 Industrial Tooling Way,Milwaukee,53201,,EN,+14-419-7289259,sales@eaton.hydraulics.and.hose.com,61-4844348,,,2017-07-29
0000000242,ZELE,Keyence Precision Optical Sensors 2,Foundry & Casting Works,KEYENCEPR,168 Ambattur Industrial Estate,Cleveland,44101,,EN,+3-294-8823420,sales@keyence.precision.optical.com,10-6127507,,,2018-02-14
0000000243,ZCMP,NSK Precision Ball Screws & Linear ,,NSKPRECIS,53 Industriestraße,Chennai,600001,,EN,+22-497-1799875,sales@nsk.precision.ball.screws.com,24AAACTQ8096D1Z6,,,2016-03-31
0000000244,ZCMP,Danfoss Power Solutions Hydraulics ,Job-Work Division,DANFOSSPO,336 Automotive Corridor Phase 2,Indianapolis,46201,,EN,+58-973-9163384,sales@danfoss.power.solutions.h.com,69-8292216,,,2024-02-02
0000000245,ZSUB,PPG Industrial Coatings & E-Coat 24,,PPGINDUST,32 Siemensstraße,Chennai,600001,,EN,+55-909-7420942,sales@ppg.industrial.coatings.a.com,33AAACTP1403E1Z8,,,2023-06-29
0000000246,ZMET,Kalyani Forgings & Metallurgy 246,,KALYANIFO,354 Parque Industrial Monterrey,Chennai,600001,,EN,+35-115-5660751,sales@kalyani.forgings.and.meta.com,27AAACTN1686D1Z9,,,2018-07-23
0000000247,ZELE,Phoenix Contact Terminal Blocks 247,,PHOENIXCO,425 Sanand Industrial Zone,Faridabad,121001,,EN,+11-570-5243252,sales@phoenix.contact.terminal..com,24AAACTN2875H1Z7,,,2021-01-20
0000000248,ZELE,Omron Industrial Automation Sensors,,OMRONINDU,152 Industrial Tooling Way,Indianapolis,46201,,EN,+34-136-8950797,sales@omron.industrial.automati.com,54-4465773,,,2021-09-19
0000000249,ZCMP,Bossard Industrial Fasteners & Bolt,Job-Work Division,BOSSARDIN,348 Gewerbepark West,Jamshedpur,831001,,EN,+13-174-5544937,sales@bossard.industrial.fasten.com,24AAACTZ6404S1Z8,,,2022-09-03
0000000250,ZELE,ABB Motion & Industrial Drives 250,,ABBMOTION,352 MIDC Industrial Area Bhosari,Ahmedabad,380001,IN,EN,+18-623-5815199,sales@abb.motion.and.industrial.com,06AAACTQ6248H1Z7,,,2021-09-04
0000000251,ZCMP,Festo Industrial Pneumatic Valves 2,Surface Coating Div,FESTOINDU,200 Peenya Industrial Area,Cincinnati,45202,US,EN,+95-479-3001954,sales@festo.industrial.pneumati.com,58-6955324,,,2016-03-18
0000000252,ZMET,Tata Steel Heavy Tubular Products 2,Foundry & Casting Works,TATASTEEL,376 Siemensstraße,Akron,44301,US,EN,+62-548-2427017,sales@tata.steel.heavy.tubular..com,35-9641482,,,2018-08-20
0000000253,ZMET,Outokumpu Stainless Special Alloys ,Surface Coating Div,OUTOKUMPU,261 Peenya Industrial Area,Chennai,600001,IN,EN,+20-509-8618784,sales@outokumpu.stainless.speci.com,33AAACTE1325Z1Z2,,,2017-10-17
0000000254,ZELE,WAGO Industrial Interconnection 254,Machining Plant 2,WAGOINDUS,114 Manufacturing Parkway,Coimbatore,641001,IN,EN,+91-224-6077316,sales@wago.industrial.interconn.com,24AAACTF1253A1Z1,,,2020-07-05
0000000255,ZCMP,Hydac Technology Hydraulic Filters ,,,212 Parque Industrial Monterrey,Coimbatore,641001,IN,EN,+27-661-3074151,sales@hydac.technology.hydrauli.com,06AAACTM8079L1Z6,,,2020-10-04
0000000256,ZCMP,Blue Dart Express Industrial Cargo ,Automotive Parts Wing,,401 Sanand Industrial Zone,Milwaukee,53201,US,EN,+52-862-8869373,sales@blue.dart.express.industr.com,81-6665941,,,2017-03-12
0000000257,ZCMP,Garlock Sealing Technologies 257,,,350 Gewerbepark West,Bengaluru,560001,IN,EN,+20-795-3193330,sales@garlock.sealing.technolog.com,24AAACTD5582P1Z5,,,2024-02-05
0000000258,ZELE,Rockwell Automation Allen-Bradley 2,,,62 Die & Mold Drive,Coimbatore,641001,IN,EN,+77-511-4140693,sales@rockwell.automation.allen.com,27AAACTH6848F1Z7,,,2021-12-22
0000000259,ZELE,Siemens Factory Automation & Drives,,,43 MIDC Industrial Area Bhosari,Leeds,LS1 1BA,GB,EN,+30-154-4346807,sales@siemens.factory.automatio.com,GB975654253,,,2019-04-11
0000000260,ZMRO,3M Industrial Safety & PPE Systems ,,,303 Industrial Tooling Way,Frankfurt,60311,DE,DE,+91-860-1609944,sales@3m.industrial.safety.and..com,DE908920971,,,2016-11-27
0000000261,ZMET,Ramkrishna Forgings Industrial Div ,,,180 Ambattur Industrial Estate,Nuremberg,90402,DE,DE,+3-197-3584534,sales@ramkrishna.forgings.indus.com,DE784893293,,,2016-06-27
0000000262,ZELE,Phoenix Contact Terminal Blocks 262,Tooling Engineering Unit,,376 Engineering Way,Nashik,422001,IN,EN,+1-569-8078434,sales@phoenix.contact.terminal..com,33AAACTK4782K1Z7,,,2020-05-28
0000000263,ZMRO,Dormer Pramet Indexable Inserts 263,,,450 Automotive Corridor Phase 2,Cincinnati,45202,US,EN,+90-579-2454645,sales@dormer.pramet.indexable.i.com,78-8971177,,,2023-11-12
0000000264,ZMRO,Walter Industrial Milling Tools 264,,,427 Gewerbepark West,Cincinnati,45202,US,EN,+50-368-7117688,sales@walter.industrial.milling.com,39-9081649,,,2022-02-05
0000000265,ZCMP,SKF Industrial Bearings & Seals 265,Tooling Engineering Unit,,52 Assembly Boulevard,Cincinnati,45202,US,EN,+82-121-8232997,sales@skf.industrial.bearings.a.com,68-6565216,,,2019-12-04
0000000266,ZCMP,Swagelok Fluid System Components 26,Job-Work Division,,129 Zona Industrial Norte,Ahmedabad,380001,IN,EN,+79-177-2551188,sales@swagelok.fluid.system.com.com,06AAACTJ8589O1Z7,,,2018-02-01
0000000267,ZELE,ABB Motion & Industrial Drives 267,Automotive Parts Wing,,156 Assembly Boulevard,Cologne,50667,DE,DE,+89-464-5098097,sales@abb.motion.and.industrial.com,DE726177627,,,2021-12-31
0000000268,ZCMP,Würth Industry Assembly Components ,Tooling Engineering Unit,,316 Zona Industrial Norte,Indianapolis,46201,US,EN,+76-812-6357449,sales@würth.industry.assembly.c.com,24-8783455,,,2018-03-03
0000000269,ZCMP,Blue Dart Express Industrial Cargo ,Foundry & Casting Works,,108 Daimlerstraße,Munich,80331,DE,DE,+43-964-7568026,sales@blue.dart.express.industr.com,DE564764468,,,2022-05-21
0000000270,ZELE,Keyence Precision Optical Sensors 2,,,176 MIDC Industrial Area Bhosari,Nashik,422001,IN,EN,+69-880-8312725,sales@keyence.precision.optical.com,29AAACTS8528Y1Z4,,,2018-05-09
0000000271,ZELE,Banner Engineering Safety Sensors 2,,,354 Engineering Way,Bengaluru,560001,IN,EN,+11-426-4499945,sales@banner.engineering.safety.com,33AAACTB1668S1Z8,,,2021-06-08
0000000272,ZMRO,Fuchs Lubricants Industrial Cutting,,,100 Daimlerstraße,Gurugram,122001,IN,EN,+45-916-6550352,sales@fuchs.lubricants.industri.com,06AAACTA1087E1Z2,,,2017-12-01
0000000273,ZCMP,Festo Industrial Pneumatic Valves 2,,,12 Zona Industrial Norte,Gurugram,122001,IN,EN,+76-724-5104094,sales@festo.industrial.pneumati.com,33AAACTO6317C1Z6,,,2022-04-08
0000000274,ZSUB,Anodize Engineering Job-Work Servic,,,253 Automotive Corridor Phase 2,Querétaro,76000,MX,ES,+3-203-2458185,sales@anodize.engineering.jobwo.com,IEI913221M56,,,2022-04-09
0000000275,ZSUB,Hardchrome Industrial Plating Works,Foundry & Casting Works,,79 Foundry Lane,Stuttgart,70173,DE,DE,+72-947-6494748,sales@hardchrome.industrial.pla.com,DE918073146,,,2018-09-25
0000000276,ZELE,Lapp Group Industrial Cable Systems,,,311 Industrial Tooling Way,Ahmedabad,380001,IN,EN,+28-753-8474055,sales@lapp.group.industrial.cab.com,24AAACTZ4331S1Z8,,,2018-07-04
0000000277,ZMRO,Saint-Gobain Abrasives & Ceramics 2,,,345 Assembly Boulevard,Frankfurt,60311,DE,DE,+25-438-2283066,sales@saintgobain.abrasives.and.com,DE250267656,,,2021-03-16
0000000278,ZCMP,MinebeaMitsumi Precision Components,,,370 Parque Industrial Monterrey,Düsseldorf,40213,DE,DE,+20-259-8123901,sales@minebeamitsumi.precision..com,DE270496296,,,2022-02-03
0000000279,ZMRO,Iscar Carbide Metalworking Tools 27,,,329 Assembly Boulevard,Nashik,422001,IN,EN,+4-283-1032865,sales@iscar.carbide.metalworkin.com,33AAACTI1588Y1Z7,,,2021-05-09
0000000280,ZCMP,Gates Industrial Power Transmission,,GATESINDU,448 Siemensstraße,Nuremberg,90402,DE,DE,+70-559-1226914,sales@gates.industrial.power.tr.com,DE234116041,,,2017-10-20
0000000281,ZCMP,Swagelok Fluid System Components 28,Surface Coating Div,SWAGELOKF,48 Die & Mold Drive,Pune,411001,IN,EN,+15-491-6101241,sales@swagelok.fluid.system.com.com,33AAACTS7512L1Z5,,,2020-03-15
0000000282,ZMET,Outokumpu Stainless Special Alloys ,,OUTOKUMPU,148 Daimlerstraße,Chennai,600001,IN,EN,+56-205-8959174,sales@outokumpu.stainless.speci.com,27AAACTW6167X1Z9,,,2018-12-27
0000000283,ZMET,Jindal Stainless Structural Product,,JINDALSTA,202 Industriestraße,Cincinnati,45202,US,EN,+61-154-5539808,sales@jindal.stainless.structur.com,34-4251519,,,2017-09-29
0000000284,ZELE,Siemens Factory Automation & Drives,,SIEMENSFA,343 Gewerbepark West,Indianapolis,46201,US,EN,+52-775-3902640,sales@siemens.factory.automatio.com,25-7266129,,,2023-10-01
0000000285,,Freudenberg Sealing Technologies 28,,FREUDENBER,439 Assembly Boulevard,Nashik,422001,IN,EN,+77-422-6735641,sales@freudenberg.sealing.techn.com,06AAACTY1381J1Z8,,,2023-08-18
0000000286,,ABB Motion & Industrial Drives 286,,ABBMOTION,103 Peenya Industrial Area,Nashik,422001,IN,EN,+80-516-4129511,sales@abb.motion.and.industrial.com,33AAACTT6161Y1Z6,,,2019-04-23
0000000287,,Keyence Precision Optical Sensors 2,,KEYENCEPR,70 Engineering Way,Jamshedpur,831001,IN,EN,+56-534-3198648,sales@keyence.precision.optical.com,06AAACTU3784I1Z6,,,2022-05-14
0000000288,,Turck Industrial Proximity Sensors ,,TURCKINDU,44 Engineering Way,Detroit,48201,US,EN,+68-912-9215434,sales@turck.industrial.proximit.com,29-4560845,,,2019-09-21
0000000289,,Alcoa Aluminum Extrusions Corp 289,,ALCOAALUM,328 Die & Mold Drive,Guadalajara,44100,MX,ES,+92-724-3208484,sales@alcoa.aluminum.extrusions.com,LLC610735Z96,,,2020-05-15
0000000290,,Würth Industry Assembly Components ,,WÜRTHINDU,171 Engineering Way,Essen,45127,DE,DE,+67-125-5779161,sales@würth.industry.assembly.c.com,DE188856306,,,2020-03-09
0000000291,,Electrocoat Precision Finishing Ltd,,ELECTROCOA,430 Industriestraße,Faridabad,121001,IN,EN,+28-787-6206264,sales@electrocoat.precision.fin.com,24AAACTQ5445Y1Z6,,,2022-03-22
0000000292,,Blue Dart Express Industrial Cargo ,,BLUEDART,171 Industrial Tooling Way,Mannheim,68161,DE,DE,+4-841-4420793,sales@blue.dart.express.industr.com,DE492561178,,,2022-03-27
0000000293,,Danfoss Power Solutions Hydraulics ,,DANFOSSPO,255 Gewerbepark West,Gurugram,122001,IN,EN,+94-963-3430256,sales@danfoss.power.solutions.h.com,29AAACTM1364D1Z9,,,2022-12-08
0000000294,,Blue Dart Express Industrial Cargo ,,BLUEDART,99 Sanand Industrial Zone,Jamshedpur,831001,IN,EN,+72-964-1218744,sales@blue.dart.express.industr.com,29AAACTY6860C1Z6,,,2021-08-01
0000000295,,Tyrolit Industrial Grinding Wheels ,,TYROLITIN,199 Parque Industrial Monterrey,Indianapolis,46201,US,EN,+43-389-5237430,sales@tyrolit.industrial.grindi.com,82-5017863,,,2018-06-30
0000000296,,Iscar Carbide Metalworking Tools 29,,ISCARCARB,14 Industrial Tooling Way,Essen,45127,DE,DE,+72-762-9969898,sales@iscar.carbide.metalworkin.com,DE417157736,,,2018-08-02
0000000297,,Tata Steel Heavy Tubular Products 2,Automotive Parts Wing,TATASTEEL,214 Peenya Industrial Area,Faridabad,121001,IN,EN,+98-750-6671939,sales@tata.steel.heavy.tubular..com,27AAACTB7107M1Z3,,,2016-04-19
0000000298,,Henkel Surface Technologies Bonderi,Machining Plant 2,HENKELSUR,341 Daimlerstraße,Pune,411001,IN,EN,+58-606-3328674,sales@henkel.surface.technologi.com,06AAACTD1596J1Z1,,,2020-07-28
0000000299,,Keyence Precision Optical Sensors 2,,KEYENCEPR,408 Foundry Lane,Munich,80331,DE,DE,+82-137-1748655,sales@keyence.precision.optical.com,DE743527088,,,2022-09-19
0000000300,ZCMP,Freudenberg Sealing Technologies 30,Tooling Engineering Unit,FREUDENBER,315 Peenya Industrial Area,Detroit,48201,US,EN,+82-207-4844622,sales@freudenberg.sealing.techn.com,97-1490477,,,2017-04-10
0000000301,ZELE,Yaskawa Motoman Industrial Robots 3,,YASKAWAMO,134 Foundry Lane,Cincinnati,45202,US,EN,+36-609-7911245,sales@yaskawa.motoman.industria.com,28-2317452,,,2020-07-08
0000000302,ZELE,WAGO Industrial Interconnection 302,Job-Work Division,WAGOINDUS,358 Assembly Boulevard,Hanover,30159,DE,DE,+29-602-1639329,sales@wago.industrial.interconn.com,DE385177728,,,2017-08-18
0000000303,ZMET,Outokumpu Stainless Special Alloys ,,OUTOKUMPU,405 Manufacturing Parkway,Hanover,30159,DE,DE,+82-559-6982687,sales@outokumpu.stainless.speci.com,DE536500699,,,2016-01-20
0000000304,ZMRO,Walter Industrial Milling Tools 304,,WALTERIND,345 Die & Mold Drive,Gurugram,122001,IN,EN,+23-770-2315052,sales@walter.industrial.milling.com,29AAACTK7454S1Z3,,,2018-08-10
0000000305,ZELE,Yaskawa Motoman Industrial Robots 3,Automotive Parts Wing,YASKAWAMO,392 Manufacturing Parkway,Munich,80331,IND,DE,+74-336-9506169,sales@yaskawa.motoman.industria.com,DE420873106,,,2023-10-24
0000000306,ZCMP,Festo Industrial Pneumatic Valves 3,Tooling Engineering Unit,FESTOINDU,71 MIDC Industrial Area Bhosari,Akron,44301,GER,EN,+56-145-3278991,sales@festo.industrial.pneumati.com,18-7666385,,,2016-04-30
0000000307,ZMET,ArcelorMittal Precision Tubing Euro,Surface Coating Div,ARCELORMIT,115 Industrial Tooling Way,Chennai,600001,UK,EN,+33-980-2711954,sales@arcelormittal.precision.t.com,24AAACTW4214F1Z1,,,2022-02-19
0000000308,ZMET,Alcoa Aluminum Extrusions Corp 308,,ALCOAALUM,140 Industriestraße,Ulsan,44000,USA,JA,+79-101-3665124,sales@alcoa.aluminum.extrusions.com,KR17335843,,,2020-04-02
0000000309,ZSUB,Oerlikon Balzers Surface Hardening ,,OERLIKONB,18 Automotive Corridor Phase 2,Chennai,600001,MEX,EN,+95-388-1139741,sales@oerlikon.balzers.surface..com,24AAACTC8771S1Z2,,,2016-04-27
0000000310,ZCMP,Würth Industry Assembly Components ,,WÜRTHINDU,206 Die & Mold Drive,Saltillo,25000,XX,ES,+53-732-9449627,sales@würth.industry.assembly.c.com,NUK927285R87,,,2019-11-12
0000000311,ZCMP,SKF Industrial Bearings & Seals 311,,SKFINDUST,97 Die & Mold Drive,Faridabad,121001,IN,EN,+37-278-7770055,sales@skf.industrial.bearings.a.com,33AAACTH9315F1Z6,,,2018-05-14
0000000312,ZCMP,MinebeaMitsumi Precision Components,,MINEBEAMIT,174 GIDC Vatva Industrial Park,Leeds,LS1 1BA,GB,EN,+71-649-2051028,sales@minebeamitsumi.precision..com,GB672451820,,,2019-06-09
0000000313,ZMET,ArcelorMittal Precision Tubing Euro,Machining Plant 2,ARCELORMIT,147 Foundry Lane,Bengaluru,560001,IN,EN,+8-528-3909627,sales@arcelormittal.precision.t.com,06AAACTN9583K1Z8,,,2021-12-07
0000000314,ZMET,Kalyani Forgings & Metallurgy 314,,KALYANIFO,319 Automotive Corridor Phase 2,Querétaro,76000,MX,ES,+17-966-9496413,sales@kalyani.forgings.and.meta.com,RLQ884255X67,,,2016-03-05
0000000315,ZCMP,THK Precision Linear Guides 315,,THKPRECIS,386 Manufacturing Parkway,Coimbatore,4110,IN,EN,+76-845-3466669,sales@thk.precision.linear.guid.com,29AAACTL2311Q1Z2,,,2018-03-05
0000000316,ZSUB,Lasertech CNC Laser Cutting & Bendi,,LASERTECH,406 Assembly Boulevard,Mannheim,PUNE411,IN,DE,+62-498-8628224,sales@lasertech.cnc.laser.cutti.com,DE521309830,,,2016-03-27
0000000317,ZMRO,Walter Industrial Milling Tools 317,Foundry & Casting Works,WALTERIND,422 Foundry Lane,Pune,PLZ70,DE,EN,+96-995-4744501,sales@walter.industrial.milling.com,06AAACTY6728N1Z1,,,2020-06-29
0000000318,ZCMP,Trelleborg Industrial Engineered Se,,TRELLEBORG,300 Engineering Way,Manchester,DETROIT,US,EN,+5-825-6127830,sales@trelleborg.industrial.eng.com,GB464808670,,,2023-01-13
0000000319,ZCMP,Danfoss Power Solutions Hydraulics ,Job-Work Division,DANFOSSPO,137 Engineering Way,Pune,482,US,EN,+84-638-7561055,sales@danfoss.power.solutions.h.com,29AAACTB9237C1Z8,,,2022-07-08
0000000320,ZELE,Siemens Factory Automation & Drives,,SIEMENSFA,102 Manufacturing Parkway,Chennai,B11,GB,EN,+38-415-6622643,sales@siemens.factory.automatio.com,24AAACTR1281I1Z8,,,2018-03-10
0000000321,ZCMP,Danfoss Power Solutions Hydraulics ,,DANFOSSPO,114 Industriestraße,Munich,640,MX,DE,+11-455-9559617,sales@danfoss.power.solutions.h.com,DE163891226,,,2019-03-22
0000000322,ZELE,Fanuc Robotics & CNC Controllers 32,Surface Coating Div,FANUCROBO,105 GIDC Vatva Industrial Park,Pune,411001,IN,EN,+55-636-3908312,sales@fanuc.robotics.and.cnc.co.com,24AAACTU4155Z1Z1,,,2023-06-28
0000000323,ZMET,Voestalpine High Performance Metals,,VOESTALPIN,428 Assembly Boulevard,Coimbatore,641001,IN,EN,+87-879-4285830,sales@voestalpine.high.performa.com,27AAACTU5654B1Z6,,,2020-08-01
0000000324,ZELE,Banner Engineering Safety Sensors 3,Surface Coating Div,BANNERENG,30 Siemensstraße,Monterrey,64000,MX,ES,+27-770-5172718,sales@banner.engineering.safety.com,KZK219647M73,,,2017-11-01
0000000325,ZMET,Sandvik Coromant &amp; Tooling,,VOESTALPIN,287 Zona Industrial Norte,Indianapolis,46201,US,EN,+75-676-3258368,sales@voestalpine.high.performa.com,70-2138918,,,2020-11-08
0000000326,ZMET,Parker Hannifin&#39;s Valves,Foundry & Casting Works,VOESTALPIN,204 Parque Industrial Monterrey,Coimbatore,641001,IN,EN,+5-796-7369424,sales@voestalpine.high.performa.com,06AAACTY2314W1Z7,,,2019-04-18
0000000327,ZCMP,TATA STEEL HEAVY TUBULAR,,BOSSARDIN,370 Daimlerstraße,Faridabad,121001,IN,EN,+62-699-7201678,sales@bossard.industrial.fasten.com,29AAACTH8632Y1Z2,,,2022-09-06
0000000328,ZCMP,Schaeffler Technologies AG & Co   ,,EATONHYDR,286 Die & Mold Drive,Wolverhampton,WV1 1AA,GB,EN,+31-268-7528189,sales@eaton.hydraulics.and.hose.com,GB782481538,,,2017-10-23
0000000329,ZCMP,Voestalpine High Performance M&nbsp;tals,Surface Coating Div,THKPRECIS,236 Zona Industrial Norte,Coimbatore,641001,IN,EN,+27-330-3430359,sales@thk.precision.linear.guid.com,27AAACTP4172E1Z7,,,2021-02-21
0000000330,ZSUB,PPG Industrial Coatings & E-Coat 33,,PPGINDUST,37 Automotive Corridor Phase 2,Osaka,530-0001,JP,JA,+49-346-5952198,sales@ppg.industrial.coatings.a.com,JP25016051,,,2023-10-20
0000000331,ZMET,SSAB Swedish Steel Heavy Plate 331,Machining Plant 2,SSABSWEDI,51 Ambattur Industrial Estate,Chennai,600001,IN,EN,+40-362-3274588,sales@ssab.swedish.steel.heavy..com,33AAACTZ4252L1Z4,,,2019-07-14
0000000332,ZMET,Nippon Steel Coils & Billets 332,,NIPPONSTE,93 Zona Industrial Norte,Ahmedabad,380001,IN,EN,+36-174-5020682,sales@nippon.steel.coils.and.bi.com,06AAACTQ7451Y1Z2,,,2020-05-21
0000000333,ZMET,Ramkrishna Forgings Industrial Div ,Automotive Parts Wing,RAMKRISHNA,312 Gewerbepark West,Coimbatore,641001,IN,EN,+66-566-5095667,sales@ramkrishna.forgings.indus.com,29AAACTW4271G1Z8,,,2018-11-19
0000000334,ZELE,Banner Engineering Safety Sensors 3,Automotive Parts Wing,BANNERENG,443 Foundry Lane,Pune,411001,IN,EN,+82-487-7443706,sales@banner.engineering.safety.com,29AAACTO4672G1Z9,,,2018-02-06
0000000335,ZSUB,Anodize Engineering Job-Work Servic,,ANODIZEEN,82 Sanand Industrial Zone,Ahmedabad,380001,IN,EN,CALL-PUNE-PLANT,sales@anodize.engineering.jobwo.com,33AAACTU9440X1Z8,,,2019-06-05
0000000336,ZMRO,Fuchs Lubricants Industrial Cutting,,FUCHSLUBR,104 Automotive Corridor Phase 2,Chicago,60601,US,EN,000-0000000,sales@fuchs.lubricants.industri.com,55-4390593,,,2019-04-15
0000000337,ZMET,SSAB Swedish Steel Heavy Plate 337,,SSABSWEDI,80 Zona Industrial Norte,Milwaukee,53201,US,EN,N/A,sales@ssab.swedish.steel.heavy..com,40-5211554,,,2017-03-10
0000000338,ZSUB,Hardchrome Industrial Plating Works,Tooling Engineering Unit,HARDCHROME,75 Foundry Lane,Monterrey,64000,MX,ES,+51-650-9816072,sales@hardchrome.industrial.pla.com,RGP173826E43,,,2019-10-30
0000000339,ZSUB,Oerlikon Balzers Surface Hardening ,,OERLIKONB,368 Engineering Way,Frankfurt,60311,DE,DE,+77-354-8170913,sales@oerlikon.balzers.surface..com,DE127642937,,,2017-08-28
0000000340,ZCMP,VRL Industrial Logistics Fleet 340,Automotive Parts Wing,VRLINDUST,26 Automotive Corridor Phase 2,Ahmedabad,380001,IN,EN,+72-202-6918360,sales@vrl.industrial.logistics..com,27AAACTZ6896X1Z2,,,2023-08-21
0000000341,ZCMP,Swagelok Fluid System Components 34,,SWAGELOKF,225 Industriestraße,Munich,80331,DE,DE,+9-340-4075992,sales@swagelok.fluid.system.com.com,DE165650753,,,2019-02-16
0000000342,ZMRO,Guhring Precision Drills & Taps 342,,GUHRINGPR,391 Siemensstraße,Chicago,60601,US,EN,+87-459-6948549,sales@guhring.precision.drills..com,37-6606146,,,2018-10-23
0000000343,ZCMP,VRL Industrial Logistics Fleet 343,,VRLINDUST,237 Peenya Industrial Area,Indianapolis,46201,US,EN,+46-360-5729961,sales@vrl.industrial.logistics..com,95-8294553,,,2021-05-10
0000000344,ZCMP,Danfoss Power Solutions Hydraulics ,,DANFOSSPO,368 Engineering Way,Saltillo,25000,MX,ES,+26-517-3710855,sales@danfoss.power.solutions.h.com,VOI933240Q68,,,2024-01-16
0000000345,ZELE,Yaskawa Motoman Industrial Robots 3,,YASKAWAMO,214 Ambattur Industrial Estate,Detroit,48201,US,EN,+48-166-2925318,sales@yaskawa.motoman.industria.com,96-8244991,,,2021-06-09
0000000346,ZMRO,Castrol Industrial Metalworking Flu,,CASTROLIN,434 Zona Industrial Norte,Ahmedabad,380001,IN,EN,+36-437-7974291,sales@castrol.industrial.metalw.com,29AAACTF2188O1Z6,,,2018-11-08
0000000347,ZMET,Alcoa Aluminum Extrusions Corp 347,,ALCOAALUM,229 Die & Mold Drive,Hanover,30159,DE,DE,+5-763-7941537,sales@alcoa.aluminum.extrusions.com,DE350779890,,,2022-04-08
0000000348,ZMRO,Kennametal Carbide Tooling Systems ,,KENNAMETAL,209 Ambattur Industrial Estate,Pune,411001,IN,EN,+73-812-4359200,sales@kennametal.carbide.toolin.com,27AAACTB1583W1Z9,,,2018-03-17
0000000349,ZSUB,Henkel Surface Technologies Bonderi,,HENKELSUR,381 Manufacturing Parkway,Mannheim,68161,DE,DE,+23-510-7665559,sales@henkel.surface.technologi.com,DE192186531,,,2022-03-11
0000000350,ZCMP,Garlock Sealing Technologies 350,Tooling Engineering Unit,GARLOCKSE,197 Manufacturing Parkway,Cincinnati,45202,US,EN,+8-780-3329957,sales@garlock.sealing.technolog.com,75-8647992,,,2017-10-30
0000000351,ZELE,Banner Engineering Safety Sensors 3,,BANNERENG,95 Peenya Industrial Area,Hanover,30159,DE,DE,+79-192-9092875,sales@banner.engineering.safety.com,DE716763772,,,2020-06-14
0000000352,ZMET,Alcoa Aluminum Extrusions Corp 352,,ALCOAALUM,427 Industrial Tooling Way,Manchester,M1 1AD,GB,EN,+8-463-8810772,sales@alcoa.aluminum.extrusions.com,GB702888736,,,2021-05-18
0000000353,ZCMP,DB Schenker Heavy Machinery Freight,,DBSCHENKE,160 Sanand Industrial Zone,Querétaro,76000,MX,ES,+38-697-7494330,sales@db.schenker.heavy.machine.com,TQT880517I20,,,2017-06-25
0000000354,ZCMP,DB Schenker Heavy Machinery Freight,,DBSCHENKE,211 Peenya Industrial Area,Ahmedabad,380001,IN,EN,+49-126-7905192,sales@db.schenker.heavy.machine.com,24AAACTC2106H1Z1,,,2018-07-08
0000000355,ZELE,Siemens Factory Automation & Drives,,SIEMENSFA,440 Gewerbepark West,Cincinnati,45202,US,EN,+48-608-4042173,sales@siemens.factory.automatio.com,83-9356327,,,2023-01-09
0000000356,ZMRO,Iscar Carbide Metalworking Tools 35,Job-Work Division,ISCARCARB,202 Peenya Industrial Area,Bengaluru,560001,IN,EN,+35-505-1131557,sales@iscar.carbide.metalworkin.com,27AAACTF9542P1Z4,,,2020-10-05
0000000357,ZELE,WAGO Industrial Interconnection 357,,WAGOINDUS,253 Siemensstraße,Mannheim,68161,DE,DE,+45-105-6843835,sales@wago.industrial.interconn.com,DE187120875,,,2020-07-24
0000000358,ZSUB,Henkel Surface Technologies Bonderi,,HENKELSUR,109 Gewerbepark West,Manchester,M1 1AD,GB,EN,+83-831-9567249,sales@henkel.surface.technologi.com,GB575972116,,,2017-04-11
0000000359,ZMRO,Walter Industrial Milling Tools 359,,WALTERIND,342 Manufacturing Parkway,Ahmedabad,380001,IN,EN,+19-575-8650867,sales@walter.industrial.milling.com,24AAACTX6345S1Z9,,,2021-10-28
0000000360,ZMRO,Guhring Precision Drills & Taps 360,,GUHRINGPR,420 Siemensstraße,Mannheim,68161,DE,DE,+4-440-3794088,sales@guhring.precision.drills..com,DE936862253,,,2019-05-28
0000000361,ZMRO,Dormer Pramet Indexable Inserts 361,,DORMERPRA,79 Ambattur Industrial Estate,Faridabad,121001,IN,EN,+65-878-8883900,sales@dormer.pramet.indexable.i.com,27AAACTT7939K1Z8,,,2016-04-27
0000000362,ZCMP,VRL Industrial Logistics Fleet 362,Job-Work Division,VRLINDUST,387 Sanand Industrial Zone,Sheffield,S1 1AA,GB,EN,+5-474-6914487,sales@vrl.industrial.logistics..com,GB192584176,,,2022-09-11
0000000363,ZSUB,Aalberts Surface Technologies Plati,,AALBERTSS,361 Die & Mold Drive,Akron,44301,US,EN,+92-479-6516301,sales@aalberts.surface.technolo.com,34-8512362,,,2019-04-22
0000000364,ZMET,Kalyani Forgings & Metallurgy 364,Job-Work Division,KALYANIFO,189 Assembly Boulevard,Cleveland,44101,US,EN,+26-796-9623217,sales@kalyani.forgings.and.meta.com,88-9575224,,,2019-07-21
0000000365,ZMET,Outokumpu Stainless Special Alloys ,,OUTOKUMPU,385 Daimlerstraße,Chennai,600001,IN,EN,+34-518-8188075,sales@outokumpu.stainless.speci.com,27AAACTM6735A1Z9,,,2021-10-24
0000000366,ZELE,Turck Industrial Proximity Sensors ,Surface Coating Div,TURCKINDU,232 Daimlerstraße,Gurugram,122001,IN,EN,+20-246-2936306,sales@turck.industrial.proximit.com,27AAACTQ1352J1Z5,,,2017-11-16
0000000367,ZELE,Mitsubishi Electric Industrial CNC ,,MITSUBISHI,239 Zona Industrial Norte,Milwaukee,53201,US,EN,+99-210-8882706,sales@mitsubishi.electric.indus.com,88-5302505,,,2020-12-09
0000000368,ZCMP,DHL Global Forwarding Heavy Cargo 3,,DHLGLOBAL,129 GIDC Vatva Industrial Park,Gurugram,122001,IN,EN,+61-770-8457913,sales@dhl.global.forwarding.hea.com,06AAACTO4762U1Z9,,,2016-05-04
0000000369,ZCMP,Hydac Technology Hydraulic Filters ,Tooling Engineering Unit,HYDACTECH,354 Manufacturing Parkway,Düsseldorf,40213,DE,DE,+72-883-4100424,sales@hydac.technology.hydrauli.com,DE480285491,,,2016-09-10
0000000370,ZSUB,Supercut Wire EDM Machining Jobwork,,SUPERCUTW,256 Siemensstraße,Stuttgart,70173,DE,DE,+63-349-6736263,sales@supercut.wire.edm.machini.com,DE279006909,,,2023-09-13
0000000371,ZMET,Sandvik Materials Technology AB 371,,SANDVIKMA,405 Gewerbepark West,Chicago,60601,US,EN,+67-292-1141950,sales@sandvik.materials.technol.com,79-2829855,,,2019-06-23
0000000372,ZELE,Phoenix Contact Terminal Blocks 372,Foundry & Casting Works,PHOENIXCO,402 Foundry Lane,Birmingham,B1 1AA,GB,EN,+95-341-7605238,sales@phoenix.contact.terminal..com,GB386045325,,,2016-10-30
0000000373,ZMRO,Kyocera Cutting Tools Europe 373,Job-Work Division,KYOCERACU,53 Daimlerstraße,Coimbatore,641001,IN,EN,+74-696-7795465,sales@kyocera.cutting.tools.eur.com,27AAACTV4763L1Z9,,,2017-09-20
0000000374,ZMRO,Kyocera Cutting Tools Europe 374,,KYOCERACU,337 Ambattur Industrial Estate,Sheffield,S1 1AA,GB,EN,+75-247-9953183,sales@kyocera.cutting.tools.eur.com,GB405295025,,,2023-02-06
0000000375,ZMRO,Tyrolit Industrial Grinding Wheels ,Machining Plant 2,TYROLITIN,417 Siemensstraße,Gurugram,122001,IN,EN,+47-892-4456647,sales@tyrolit.industrial.grindi.com,24AAACTA8155J1Z7,,,2020-12-17
0000000376,ZELE,Yaskawa Motoman Industrial Robots 3,,YASKAWAMO,257 Gewerbepark West,Faridabad,121001,IN,EN,+64-423-8725037,sales@yaskawa.motoman.industria.com,06AAACTF7159O1Z4,,,2019-08-22
0000000377,ZMET,POSCO Steel Plate & Coil 377,,POSCOSTEE,150 Industrial Tooling Way,Cologne,50667,DE,DE,+77-754-3676617,sales@posco.steel.plate.and.coi.com,DE945879328,,,2019-08-21
0000000378,ZCMP,Bossard Industrial Fasteners & Bolt,Tooling Engineering Unit,BOSSARDIN,314 Die & Mold Drive,Bengaluru,560001,IN,EN,+27-539-9684365,sales@bossard.industrial.fasten.com,24AAACTX2674V1Z1,,,2016-02-04
0000000379,ZCMP,Danfoss Power Solutions Hydraulics ,Job-Work Division,DANFOSSPO,185 Industrial Tooling Way,Stuttgart,70173,DE,DE,+67-986-1043218,sales@danfoss.power.solutions.h.com,DE105255910,,,2020-06-15
0000000380,ZCMP,VRL Industrial Logistics Fleet 380,,VRLINDUST,59 Zona Industrial Norte,Düsseldorf,40213,DE,DE,+11-648-9141625,sales@vrl.industrial.logistics..com,DE422254232,,,2022-08-21
0000000381,ZCMP,Trelleborg Industrial Engineered Se,,TRELLEBORG,187 MIDC Industrial Area Bhosari,Sheffield,S1 1AA,GB,EN,+76-185-6588205,sales@trelleborg.industrial.eng.com,GB376211776,,,2023-02-15
0000000382,ZMET,ArcelorMittal Precision Tubing Euro,,ARCELORMIT,344 MIDC Industrial Area Bhosari,Hanover,30159,DE,DE,+46-965-1011718,sales@arcelormittal.precision.t.com,DE592245542,,,2019-06-08
0000000383,ZCMP,Gates Industrial Power Transmission,,GATESINDU,103 Manufacturing Parkway,Mannheim,68161,DE,DE,+63-450-9390461,sales@gates.industrial.power.tr.com,DE962388734,,,2018-09-25
0000000384,ZMRO,Kyocera Cutting Tools Europe 384,Foundry & Casting Works,KYOCERACU,314 Foundry Lane,Cincinnati,45202,US,EN,+20-695-6176462,sales@kyocera.cutting.tools.eur.com,77-5517342,,,2016-07-03
0000000385,ZELE,Keyence Precision Optical Sensors 3,,KEYENCEPR,92 Parque Industrial Monterrey,Stuttgart,70173,DE,DE,+97-705-6868375,sales@keyence.precision.optical.com,DE525030943,,,2016-03-25
0000000386,ZCMP,Festo Industrial Pneumatic Valves 3,Foundry & Casting Works,FESTOINDU,260 Industrial Tooling Way,Hanover,30159,DE,DE,+83-737-9717433,sales@festo.industrial.pneumati.com,DE535063755,,,2020-10-02
0000000387,ZSUB,Henkel Surface Technologies Bonderi,Machining Plant 2,HENKELSUR,110 Foundry Lane,Ahmedabad,380001,IN,EN,+27-602-3239190,sales@henkel.surface.technologi.com,27AAACTQ6334E1Z9,,,2022-06-22
0000000388,ZMET,Jindal Stainless Structural Product,,JINDALSTA,149 Die & Mold Drive,Coimbatore,641001,IN,EN,+16-376-4901351,sales@jindal.stainless.structur.com,24AAACTY7249D1Z8,,,2018-11-26
0000000389,ZSUB,Aalberts Surface Technologies Plati,,AALBERTSS,289 Engineering Way,Bengaluru,560001,IN,EN,+99-995-6120251,sales@aalberts.surface.technolo.com,24AAACTM7630W1Z1,,,2023-04-05
0000000390,ZCMP,Hydac Technology Hydraulic Filters ,,HYDACTECH,322 Die & Mold Drive,Coimbatore,641001,IN,EN,+85-335-9935668,sales@hydac.technology.hydrauli.com,33AAACTX1468B1Z2,,,2021-01-13
0000000391,ZCMP,THK Precision Linear Guides 391,Surface Coating Div,THKPRECIS,349 Sanand Industrial Zone,Nuremberg,90402,DE,DE,+95-412-8767522,sales@thk.precision.linear.guid.com,DE214016780,,,2016-01-09
0000000392,ZSUB,Hardchrome Industrial Plating Works,,HARDCHROME,263 Daimlerstraße,Jamshedpur,831001,IN,EN,+70-781-9036700,sales@hardchrome.industrial.pla.com,29AAACTU8074W1Z8,,,2017-07-18
0000000393,ZELE,Keyence Precision Optical Sensors 3,,KEYENCEPR,112 MIDC Industrial Area Bhosari,Gurugram,122001,IN,EN,+24-382-4284595,sales@keyence.precision.optical.com,24AAACTL3212R1Z7,,,2017-06-25
0000000394,ZMRO,Castrol Industrial Metalworking Flu,,CASTROLIN,275 Industriestraße,Gothenburg,411 01,SE,JA,+88-976-5651609,sales@castrol.industrial.metalw.com,SE19058782,,,2020-10-29
0000000395,ZCMP,Schaeffler Technologies AG & Co 395,Job-Work Division,SCHAEFFLER,368 Gewerbepark West,Indianapolis,46201,US,EN,+73-487-8234508,sales@schaeffler.technologies.a.com,15-3446811,,,2022-10-25
0000000396,ZSUB,Aalberts Surface Technologies Plati,Tooling Engineering Unit,AALBERTSS,271 Industrial Tooling Way,Stuttgart,70173,DE,DE,+14-125-3025080,sales@aalberts.surface.technolo.com,DE197751110,,,2020-12-11
0000000397,ZMRO,3M Industrial Safety & PPE Systems ,,3MINDUSTR,334 Gewerbepark West,Essen,45127,DE,DE,+57-829-7045528,sales@3m.industrial.safety.and..com,DE447822863,,,2024-02-02
0000000398,ZCMP,Renold Industrial Transmission Chai,,RENOLDIND,183 Industriestraße,Sheffield,S1 1AA,GB,EN,+91-564-3919697,sales@renold.industrial.transmi.com,GB616374879,,,2017-07-24
0000000399,ZMET,SSAB Swedish Steel Heavy Plate 399,Machining Plant 2,SSABSWEDI,130 Daimlerstraße,Chennai,600001,IN,EN,+52-534-7930390,sales@ssab.swedish.steel.heavy..com,06AAACTS9864L1Z4,,,2018-02-10
0000000400,ZMET,Tata Steel Heavy Tubular Products 4,,TATASTEEL,316 Daimlerstraße,Chennai,600001,IN,EN,+71-797-8597084,sales@tata.steel.heavy.tubular..com,06AAACTD6746P1Z2,,,2017-10-16
0000000401,ZCMP,VRL Industrial Logistics Fleet 401,,VRLINDUST,309 Engineering Way,Changwon,51500,KR,JA,+20-431-8795947,sales@vrl.industrial.logistics..com,KR29624132,,,2020-04-04
0000000402,ZCMP,Parker Hannifin Fluid Connectors 40,,PARKERHAN,152 Automotive Corridor Phase 2,Coimbatore,641001,IN,EN,+53-889-6324487,sales@parker.hannifin.fluid.con.com,06AAACTJ6807K1Z4,,,2019-09-07
0000000403,ZMET,Sandvik Materials Technology AB 403,Machining Plant 2,SANDVIKMA,346 Zona Industrial Norte,Nuremberg,90402,DE,DE,+98-820-3086698,sales@sandvik.materials.technol.com,DE719585944,,,2018-01-15
0000000404,ZCMP,Bossard Industrial Fasteners & Bolt,,BOSSARDIN,231 Sanand Industrial Zone,Munich,80331,DE,DE,+68-673-8932181,sales@bossard.industrial.fasten.com,DE592544972,,,2017-04-12
0000000405,ZMET,Voestalpine High Performance Metals,,VOESTALPIN,283 Automotive Corridor Phase 2,Nashik,422001,IN,EN,+60-146-9731344,sales@voestalpine.high.performa.com,27AAACTD4061E1Z2,,,2023-06-15
0000000406,ZCMP,SMC Pneumatics & Automation 406,,SMCPNEUMA,15 Foundry Lane,Faridabad,121001,IN,EN,+62-935-1181582,sales@smc.pneumatics.and.automa.com,06AAACTE5885C1Z6,,,2021-08-27
0000000407,ZMET,Voestalpine High Performance Metals,,VOESTALPIN,333 Automotive Corridor Phase 2,Nashik,422001,IN,EN,+1-760-1635068,sales@voestalpine.high.performa.com,33AAACTU3606Q1Z1,,,2023-08-14
0000000408,ZELE,WAGO Industrial Interconnection 408,,WAGOINDUS,42 Daimlerstraße,Nashik,422001,IN,EN,+49-206-7535469,sales@wago.industrial.interconn.com,29AAACTZ3756D1Z6,,,2020-02-25
0000000409,ZMET,Thyssenkrupp Materials Services Gmb,,THYSSENKRU,318 Daimlerstraße,Monterrey,64000,MX,ES,+4-379-9220363,sales@thyssenkrupp.materials.se.com,FXC181894H92,,,2018-10-23
0000000410,ZMET,Alcoa Aluminum Extrusions Corp 410,Tooling Engineering Unit,ALCOAALUM,96 Foundry Lane,Hanover,30159,DE,DE,+64-501-8577899,sales@alcoa.aluminum.extrusions.com,DE476758106,,,2023-12-20
0000000411,ZCMP,SKF Industrial Bearings & Seals 411,Foundry & Casting Works,SKFINDUST,14 Ambattur Industrial Estate,Milwaukee,53201,US,EN,+47-950-6133782,sales@skf.industrial.bearings.a.com,77-8769401,,,2018-06-03
0000000412,ZCMP,Danfoss Power Solutions Hydraulics ,,DANFOSSPO,134 Sanand Industrial Zone,Cleveland,44101,US,EN,+73-111-4132010,sales@danfoss.power.solutions.h.com,89-5192206,,,2023-03-27
0000000413,ZMRO,Kyocera Cutting Tools Europe 413,,KYOCERACU,41 Gewerbepark West,Coimbatore,641001,IN,EN,+63-882-3564480,sales@kyocera.cutting.tools.eur.com,33AAACTF2649I1Z7,,,2017-03-07
0000000414,ZCMP,DHL Global Forwarding Heavy Cargo 4,,DHLGLOBAL,233 Ambattur Industrial Estate,Munich,80331,DE,DE,+79-299-9883578,sales@dhl.global.forwarding.hea.com,DE995165285,,,2020-01-08
0000000415,ZMRO,Sandvik Coromant Cutting Tools 415,,SANDVIKCO,308 Parque Industrial Monterrey,Nashik,422001,IN,EN,+49-801-7897628,sales@sandvik.coromant.cutting..com,27AAACTW4163H1Z2,,,2016-02-05
0000000416,ZMET,Jindal Stainless Structural Product,,JINDALSTA,416 Daimlerstraße,Ulsan,44000,KR,JA,+37-520-5058669,sales@jindal.stainless.structur.com,KR80728281,,,2023-01-31
0000000417,ZCMP,Kuehne + Nagel Heavy Project Cargo ,,KUEHNE+N,370 Zona Industrial Norte,Wolverhampton,WV1 1AA,GB,EN,+92-784-6786689,sales@kuehne.+.nagel.heavy.proj.com,GB866700191,,,2019-06-08
0000000418,ZCMP,Blue Dart Express Industrial Cargo ,Tooling Engineering Unit,BLUEDART,412 Parque Industrial Monterrey,Cincinnati,45202,US,EN,+61-594-7444851,sales@blue.dart.express.industr.com,36-4103561,,,2021-10-23
0000000419,ZMRO,Klüber Lubrication High Temp Grease,,KLÜBERLUB,334 Automotive Corridor Phase 2,Stuttgart,70173,DE,DE,+11-643-9607716,sales@klüber.lubrication.high.t.com,DE310737636,,,2017-11-22
0000000420,ZMET,Jindal Stainless Structural Product,Job-Work Division,JINDALSTA,208 Die & Mold Drive,Sheffield,S1 1AA,GB,EN,+22-251-9407692,sales@jindal.stainless.structur.com,GB187190779,,,2021-08-09
0000000421,ZMET,Sandvik Materials Technology AB 421,,SANDVIKMA,228 Siemensstraße,Coimbatore,641001,IN,EN,+74-125-2419156,sales@sandvik.materials.technol.com,27AAACTT7297J1Z5,,,2020-02-17
0000000422,ZCMP,Bosch Rexroth Industrial Hydraulics,Surface Coating Div,BOSCHREXR,63 Gewerbepark West,Nuremberg,90402,DE,DE,+34-822-8701161,sales@bosch.rexroth.industrial..com,DE154439469,,,2023-09-08
0000000423,ZSUB,Oerlikon Balzers Surface Hardening ,Foundry & Casting Works,OERLIKONB,395 Gewerbepark West,Milwaukee,53201,US,EN,+20-764-3237681,sales@oerlikon.balzers.surface..com,11-1434894,,,2019-04-26
0000000424,ZELE,Fanuc Robotics & CNC Controllers 42,,FANUCROBO,182 Gewerbepark West,Gurugram,122001,IN,EN,+10-411-3727455,sales@fanuc.robotics.and.cnc.co.com,24AAACTM6610C1Z3,,,2023-01-21
0000000425,ZMRO,Sandvik Coromant Cutting Tools 425,Foundry & Casting Works,SANDVIKCO,419 Daimlerstraße,Bengaluru,560001,IN,EN,+39-971-1673210,sales@sandvik.coromant.cutting..com,27AAACTC6742A1Z4,,,2020-07-02
0000000426,ZMET,POSCO Steel Plate & Coil 426,,POSCOSTEE,69 Sanand Industrial Zone,Querétaro,76000,MX,ES,+91-690-7995774,sales@posco.steel.plate.and.coi.com,WAA682457G63,,,2022-11-25
0000000427,ZELE,Sick AG Industrial LiDAR & Vision 4,,SICKAGIN,36 Manufacturing Parkway,Düsseldorf,40213,DE,DE,+1-319-2497732,sales@sick.ag.industrial.lidar..com,DE346655834,,,2016-03-27
0000000428,ZCMP,HIWIN Linear Motion Guides 428,,HIWINLINE,299 Industriestraße,Chicago,60601,US,EN,+97-410-8974292,sales@hiwin.linear.motion.guide.com,92-7764197,,,2017-07-01
0000000429,ZSUB,Electrocoat Precision Finishing Ltd,Tooling Engineering Unit,ELECTROCOA,101 Gewerbepark West,Stuttgart,70173,DE,DE,+23-853-9998650,sales@electrocoat.precision.fin.com,DE482561260,,,2020-07-27
0000000430,ZMET,Tata Steel Heavy Tubular Products 4,Job-Work Division,TATASTEEL,355 Automotive Corridor Phase 2,Cincinnati,45202,US,EN,+94-804-5959140,sales@tata.steel.heavy.tubular..com,59-1208255,,,2024-03-19
0000000431,ZMRO,Kyocera Cutting Tools Europe 431,,KYOCERACU,132 Parque Industrial Monterrey,Gurugram,122001,IN,EN,+95-709-1756983,sales@kyocera.cutting.tools.eur.com,33AAACTK6656E1Z2,,,2017-10-16
0000000432,ZMRO,Kyocera Cutting Tools Europe 432,,KYOCERACU,346 Foundry Lane,Jamshedpur,831001,IN,EN,+47-476-1483298,sales@kyocera.cutting.tools.eur.com,29AAACTW2198E1Z9,,,2018-02-04
0000000433,ZMRO,3M Industrial Safety & PPE Systems ,Foundry & Casting Works,3MINDUSTR,299 Daimlerstraße,Pune,411001,IN,EN,+35-432-5626802,sales@3m.industrial.safety.and..com,33AAACTR8284S1Z9,,,2017-05-04
0000000434,ZSUB,Supercut Wire EDM Machining Jobwork,Automotive Parts Wing,SUPERCUTW,129 Gewerbepark West,Nuremberg,90402,DE,DE,+40-292-3215339,sales@supercut.wire.edm.machini.com,DE418424123,,,2022-01-08
0000000435,ZCMP,Gates Industrial Power Transmission,,GATESINDU,186 Daimlerstraße,Jamshedpur,831001,IN,EN,+27-445-4413272,sales@gates.industrial.power.tr.com,33AAACTV1205S1Z6,,,2020-02-05
0000000436,ZMET,POSCO Steel Plate & Coil 436,Job-Work Division,POSCOSTEE,288 Daimlerstraße,Hanover,30159,DE,DE,+66-575-9270573,sales@posco.steel.plate.and.coi.com,DE495428944,,,2018-04-22
0000000437,ZCMP,NSK Precision Ball Screws & Linear ,Automotive Parts Wing,NSKPRECIS,184 Manufacturing Parkway,Jamshedpur,831001,IN,EN,+33-835-6313253,sales@nsk.precision.ball.screws.com,33AAACTL3301O1Z1,,,2023-09-01
0000000438,ZMET,Outokumpu Stainless Special Alloys ,,OUTOKUMPU,258 Parque Industrial Monterrey,Faridabad,121001,IN,EN,+97-380-7297819,sales@outokumpu.stainless.speci.com,06AAACTA1163M1Z7,,,2016-12-08
0000000439,ZELE,Omron Industrial Automation Sensors,,OMRONINDU,109 Sanand Industrial Zone,Faridabad,121001,IN,EN,+41-351-4817527,sales@omron.industrial.automati.com,33AAACTL8746V1Z4,,,2021-04-03
0000000440,ZELE,Phoenix Contact Terminal Blocks 440,,PHOENIXCO,447 Peenya Industrial Area,Nashik,422001,IN,EN,+6-248-5781589,sales@phoenix.contact.terminal..com,27AAACTS4790I1Z4,,,2017-11-07
0000000441,ZMRO,Guhring Precision Drills & Taps 441,,GUHRINGPR,349 Zona Industrial Norte,Düsseldorf,40213,DE,DE,+53-366-7077822,sales@guhring.precision.drills..com,DE683648658,,,2018-06-27
0000000442,ZCMP,Danfoss Power Solutions Hydraulics ,Automotive Parts Wing,DANFOSSPO,443 Sanand Industrial Zone,Pittsburgh,15201,US,EN,+55-462-6042378,sales@danfoss.power.solutions.h.com,71-1006092,,,2022-05-09
0000000443,ZSUB,Oerlikon Balzers Surface Hardening ,,OERLIKONB,39 Industrial Tooling Way,Mannheim,68161,DE,DE,+45-312-1869199,sales@oerlikon.balzers.surface..com,DE376890377,,,2021-05-21
0000000444,ZMET,ArcelorMittal Precision Tubing Euro,,ARCELORMIT,187 Gewerbepark West,Ahmedabad,380001,IN,EN,+25-675-5654804,sales@arcelormittal.precision.t.com,27AAACTD8454V1Z7,,,2022-02-08
0000000445,ZCMP,Yuken Hydraulic Vane Pumps 445,,YUKENHYDR,358 Industriestraße,Hanover,30159,DE,DE,+13-534-7101400,sales@yuken.hydraulic.vane.pump.com,DE395370116,,,2016-07-11
0000000446,ZCMP,TCI Freight Heavy Haulage Division ,Tooling Engineering Unit,TCIFREIGH,19 GIDC Vatva Industrial Park,Sheffield,S1 1AA,GB,EN,+49-393-1933024,sales@tci.freight.heavy.haulage.com,GB309198718,,,2023-08-02
0000000447,ZCMP,Kuehne + Nagel Heavy Project Cargo ,,KUEHNE+N,228 Zona Industrial Norte,Frankfurt,60311,DE,DE,+66-197-6923510,sales@kuehne.+.nagel.heavy.proj.com,DE111193492,,,2017-09-10
0000000448,ZCMP,NSK Precision Ball Screws & Linear ,,NSKPRECIS,398 Peenya Industrial Area,Munich,80331,DE,DE,+12-960-9765123,sales@nsk.precision.ball.screws.com,DE798228920,,,2019-10-24
0000000449,ZELE,Fanuc Robotics & CNC Controllers 44,,FANUCROBO,336 Gewerbepark West,Stockholm,111 20,SE,JA,+9-118-6257445,sales@fanuc.robotics.and.cnc.co.com,SE41192186,,,2022-12-25
0000000450,ZCMP,Freudenberg Sealing Technologies 45,,FREUDENBER,178 Parque Industrial Monterrey,Coimbatore,641001,IN,EN,+39-144-2544627,sales@freudenberg.sealing.techn.com,27AAACTR5395H1Z6,,,2022-03-14
0000000451,ZCMP,Garlock Sealing Technologies 451,,GARLOCKSE,328 Automotive Corridor Phase 2,Pune,411001,IN,EN,+62-178-7131634,sales@garlock.sealing.technolog.com,24AAACTO4214Z1Z6,,,2018-01-04
0000000452,ZMRO,Fuchs Lubricants Industrial Cutting,Automotive Parts Wing,FUCHSLUBR,173 Automotive Corridor Phase 2,Bengaluru,560001,IN,EN,+30-177-8850185,sales@fuchs.lubricants.industri.com,24AAACTT5724G1Z1,,,2019-07-05
0000000453,ZSUB,Lasertech CNC Laser Cutting & Bendi,,LASERTECH,174 Manufacturing Parkway,Chennai,600001,IN,EN,+5-898-6846908,sales@lasertech.cnc.laser.cutti.com,33AAACTC4965T1Z1,,,2019-12-23
0000000454,ZMRO,3M Industrial Safety & PPE Systems ,,3MINDUSTR,274 Manufacturing Parkway,Pune,411001,IN,EN,+13-319-5311013,sales@3m.industrial.safety.and..com,27AAACTB9605J1Z5,,,2017-04-15
0000000455,ZSUB,Anodize Engineering Job-Work Servic,,ANODIZEEN,311 GIDC Vatva Industrial Park,Frankfurt,60311,DE,DE,+63-602-5161329,sales@anodize.engineering.jobwo.com,DE285497993,,,2016-02-24
0000000456,ZELE,Omron Industrial Automation Sensors,,OMRONINDU,295 Manufacturing Parkway,Osaka,530-0001,JP,JA,+61-483-9579096,sales@omron.industrial.automati.com,JP88944573,,,2019-11-20
0000000457,ZCMP,Schaeffler Technologies AG & Co 457,,SCHAEFFLER,334 Siemensstraße,Osaka,530-0001,JP,JA,+86-393-2622617,sales@schaeffler.technologies.a.com,JP54048062,,,2017-01-24
0000000458,ZCMP,Maersk Industrial Container Shippin,,MAERSKIND,420 Automotive Corridor Phase 2,Düsseldorf,40213,DE,DE,+53-464-3402128,sales@maersk.industrial.contain.com,DE943532690,,,2021-01-10
0000000459,ZSUB,Anodize Engineering Job-Work Servic,,ANODIZEEN,247 Parque Industrial Monterrey,Manchester,M1 1AD,GB,EN,+71-746-1105912,sales@anodize.engineering.jobwo.com,GB335578113,,,2021-05-19
0000000460,ZMET,Kalyani Forgings & Metallurgy 460,,KALYANIFO,308 Gewerbepark West,Stuttgart,70173,DE,DE,+63-201-2602421,sales@kalyani.forgings.and.meta.com,DE228681290,,,2018-10-19
0000000461,ZCMP,Eaton Hydraulics & Hose Assemblies ,Job-Work Division,EATONHYDR,323 Die & Mold Drive,Milwaukee,53201,US,EN,+46-930-8777441,sales@eaton.hydraulics.and.hose.com,19-7495370,,,2020-01-19
0000000462,ZSUB,PPG Industrial Coatings & E-Coat 46,,PPGINDUST,264 Automotive Corridor Phase 2,Jamshedpur,831001,IN,EN,+11-652-4461014,sales@ppg.industrial.coatings.a.com,29AAACTO7164G1Z7,,,2016-03-04
0000000463,ZELE,Phoenix Contact Terminal Blocks 463,,PHOENIXCO,380 Sanand Industrial Zone,Indianapolis,46201,US,EN,+25-207-6730771,sales@phoenix.contact.terminal..com,63-7625397,,,2020-03-04
0000000464,ZCMP,Blue Dart Express Industrial Cargo ,,BLUEDART,204 Daimlerstraße,Cleveland,44101,US,EN,+67-617-1551663,sales@blue.dart.express.industr.com,90-3266301,,,2018-04-17
0000000465,ZMRO,Seco Tools High Feed Milling 465,Automotive Parts Wing,SECOTOOLS,170 Manufacturing Parkway,Bengaluru,560001,IN,EN,+43-426-3354659,sales@seco.tools.high.feed.mill.com,24AAACTT7902M1Z1,,,2018-10-16
0000000466,ZMET,Nippon Steel Coils & Billets 466,Tooling Engineering Unit,NIPPONSTE,62 Sanand Industrial Zone,Pune,411001,IN,EN,+67-878-4981358,sales@nippon.steel.coils.and.bi.com,06AAACTK3041D1Z1,,,2021-08-03
0000000467,ZSUB,PPG Industrial Coatings & E-Coat 46,Surface Coating Div,PPGINDUST,364 Assembly Boulevard,Guadalajara,44100,MX,ES,+18-856-3347211,sales@ppg.industrial.coatings.a.com,RGN957636B61,,,2017-06-16
0000000468,ZCMP,Garlock Sealing Technologies 468,Job-Work Division,GARLOCKSE,103 Industrial Tooling Way,Chennai,600001,IN,EN,+7-540-6447415,sales@garlock.sealing.technolog.com,24AAACTR2842W1Z3,,,2016-04-22
0000000469,ZMET,Tata Steel Heavy Tubular Products 4,Foundry & Casting Works,TATASTEEL,35 Parque Industrial Monterrey,Bengaluru,560001,IN,EN,+47-991-8239795,sales@tata.steel.heavy.tubular..com,33AAACTL9347P1Z5,,,2022-01-11
0000000470,ZMET,Bohler Special Steels Europe 470,Tooling Engineering Unit,BOHLERSPE,198 Siemensstraße,Bengaluru,560001,IN,EN,+42-483-8585274,sales@bohler.special.steels.eur.com,33AAACTC2357A1Z8,,,2024-01-23
0000000471,ZCMP,Renold Industrial Transmission Chai,,RENOLDIND,407 Engineering Way,Frankfurt,60311,DE,DE,+11-320-4411247,sales@renold.industrial.transmi.com,DE254479159,,,2021-07-08
0000000472,ZMRO,Iscar Carbide Metalworking Tools 47,Automotive Parts Wing,ISCARCARB,131 GIDC Vatva Industrial Park,Toluca,50000,MX,ES,+15-455-8104291,sales@iscar.carbide.metalworkin.com,WYL559233O32,,,2016-09-05
0000000473,ZCMP,Bossard Industrial Fasteners & Bolt,,BOSSARDIN,19 GIDC Vatva Industrial Park,Faridabad,121001,IN,EN,+56-875-4552509,sales@bossard.industrial.fasten.com,24AAACTK1512B1Z5,,,2019-02-19
0000000474,ZMET,Alcoa Aluminum Extrusions Corp 474,,ALCOAALUM,238 Sanand Industrial Zone,Milwaukee,53201,US,EN,+61-384-8360204,sales@alcoa.aluminum.extrusions.com,31-5432314,,,2016-09-27
0000000475,ZCMP,Freudenberg Sealing Technologies 47,,FREUDENBER,85 Daimlerstraße,Pune,411001,IN,EN,+96-458-9244218,sales@freudenberg.sealing.techn.com,27AAACTR5899V1Z1,,,2018-09-23
0000000476,ZSUB,Aalberts Surface Technologies Plati,Tooling Engineering Unit,AALBERTSS,345 MIDC Industrial Area Bhosari,Bengaluru,560001,IN,EN,+43-869-6652814,sales@aalberts.surface.technolo.com,06AAACTR1132F1Z7,,,2016-11-30
0000000477,ZELE,Sick AG Industrial LiDAR & Vision 4,,SICKAGIN,278 Daimlerstraße,Faridabad,121001,IN,EN,+22-411-6074484,sales@sick.ag.industrial.lidar..com,27AAACTB5878Y1Z9,,,2020-03-12
0000000478,ZSUB,Bodycote Thermal Processing & Nitri,,BODYCOTET,76 Die & Mold Drive,Monterrey,64000,MX,ES,+27-153-4215621,sales@bodycote.thermal.processi.com,MXU402281H48,,,2023-08-19
0000000479,ZMET,Outokumpu Stainless Special Alloys ,,OUTOKUMPU,275 Sanand Industrial Zone,Gurugram,122001,IN,EN,+51-329-5332980,sales@outokumpu.stainless.speci.com,06AAACTD5524D1Z9,,,2022-03-13
0000000480,ZELE,Schneider Electric Industrial Contr,Job-Work Division,SCHNEIDER,196 Daimlerstraße,Gurugram,122001,IN,EN,+96-103-1971367,sales@schneider.electric.indust.com,29AAACTP3306W1Z1,,,2023-08-13
0000000481,ZMET,Thyssenkrupp Materials Services Gmb,,THYSSENKRU,115 MIDC Industrial Area Bhosari,Gurugram,122001,IN,EN,+22-573-1118819,sales@thyssenkrupp.materials.se.com,29AAACTG1403H1Z8,,,2019-05-24
0000000482,ZCMP,Bosch Rexroth Industrial Hydraulics,,BOSCHREXR,292 Foundry Lane,Osaka,530-0001,JP,JA,+9-942-5373755,sales@bosch.rexroth.industrial..com,JP33073998,,,2017-09-01
0000000483,ZCMP,Timken Roller Bearings Industrial 4,Automotive Parts Wing,TIMKENROL,261 Peenya Industrial Area,Querétaro,76000,MX,ES,+13-163-4420305,sales@timken.roller.bearings.in.com,ACI977173L63,,,2022-07-28
0000000484,ZSUB,Lasertech CNC Laser Cutting & Bendi,,LASERTECH,226 Daimlerstraße,Faridabad,121001,IN,EN,+98-703-5000060,sales@lasertech.cnc.laser.cutti.com,24AAACTJ9516G1Z4,,,2016-09-19
0000000485,ZCMP,MinebeaMitsumi Precision Components,,MINEBEAMIT,135 Manufacturing Parkway,Nashik,422001,IN,EN,+41-778-3961326,sales@minebeamitsumi.precision..com,27AAACTA5066I1Z1,,,2018-11-07
0000000486,ZSUB,Aalberts Surface Technologies Plati,Surface Coating Div,AALBERTSS,380 Foundry Lane,Hanover,30159,DE,DE,+53-365-5809855,sales@aalberts.surface.technolo.com,DE796854786,,,2016-08-06
0000000487,ZELE,Mitsubishi Electric Industrial CNC ,,MITSUBISHI,443 Engineering Way,Osaka,530-0001,JP,JA,+28-229-1213530,sales@mitsubishi.electric.indus.com,JP63203446,,,2022-10-03
0000000488,ZELE,Schneider Electric Industrial Contr,Automotive Parts Wing,SCHNEIDER,192 Siemensstraße,Ahmedabad,380001,IN,EN,+55-820-3683524,sales@schneider.electric.indust.com,27AAACTR4778G1Z9,,,2019-06-14
0000000489,ZMET,ArcelorMittal Precision Tubing Euro,Automotive Parts Wing,ARCELORMIT,288 Manufacturing Parkway,Cincinnati,45202,US,EN,+75-244-1798256,sales@arcelormittal.precision.t.com,44-5493182,,,2017-06-23
0000000490,ZMRO,Fuchs Lubricants Industrial Cutting,,FUCHSLUBR,301 Parque Industrial Monterrey,Chennai,600001,IN,EN,+11-883-1788279,sales@fuchs.lubricants.industri.com,27AAACTJ3306K1Z7,,,2019-10-31
0000000491,ZCMP,Garlock Sealing Technologies 491,,GARLOCKSE,318 Manufacturing Parkway,Milwaukee,53201,US,EN,+66-468-7560027,sales@garlock.sealing.technolog.com,75-1117451,,,2023-10-04
0000000492,ZMET,Voestalpine High Performance Metals,,VOESTALPIN,394 Gewerbepark West,Ahmedabad,380001,IN,EN,+52-730-9188187,sales@voestalpine.high.performa.com,33AAACTR8882Y1Z6,,,2020-06-14
0000000493,ZSUB,Oerlikon Balzers Surface Hardening ,,OERLIKONB,137 Engineering Way,Faridabad,121001,IN,EN,+13-249-5102512,sales@oerlikon.balzers.surface..com,29AAACTN3561Z1Z9,,,2019-12-30
0000000494,ZSUB,Aalberts Surface Technologies Plati,Automotive Parts Wing,AALBERTSS,388 Daimlerstraße,Gurugram,122001,IN,EN,+87-177-2659152,sales@aalberts.surface.technolo.com,24AAACTV2343G1Z5,,,2016-12-27
0000000495,ZMET,Kalyani Forgings & Metallurgy 495,Machining Plant 2,KALYANIFO,137 Industrial Tooling Way,Munich,80331,DE,DE,+94-716-6461230,sales@kalyani.forgings.and.meta.com,DE996162846,,,2021-09-14
0000000496,ZCMP,Timken Roller Bearings Industrial 4,,TIMKENROL,251 Automotive Corridor Phase 2,Pune,411001,IN,EN,+90-411-4959287,sales@timken.roller.bearings.in.com,29AAACTS7846M1Z4,,,2016-09-03
0000000497,ZMET,Outokumpu Stainless Special Alloys ,,OUTOKUMPU,125 Sanand Industrial Zone,Gurugram,122001,IN,EN,+43-953-8988071,sales@outokumpu.stainless.speci.com,27AAACTF8748M1Z6,,,2021-12-11
0000000498,ZCMP,Garlock Sealing Technologies 498,,GARLOCKSE,220 Zona Industrial Norte,Guadalajara,44100,MX,ES,+88-897-1664862,sales@garlock.sealing.technolog.com,FTK301776Y59,,,2019-05-09
0000000499,ZCMP,Norgren Industrial Pneumatics 499,,NORGRENIN,31 Engineering Way,Chicago,60601,US,EN,+27-492-5664534,sales@norgren.industrial.pneuma.com,36-9195067,,,2022-10-24
0000000500,ZMET,Jindal Stainless Structural Product,,JINDALSTA,409 MIDC Industrial Area Bhosari,Cleveland,44101,US,EN,+68-205-3111522,sales@jindal.stainless.structur.com,52-9082351,,,2018-07-13
0000000501,ZCMP,SMC Pneumatics & Automation 501,,SMCPNEUMA,68 Sanand Industrial Zone,Coventry,CV1 1AA,GB,EN,+13-541-3054623,sales@smc.pneumatics.and.automa.com,GB104600296,,,2024-02-03
0000000502,ZMET,Nippon Steel Coils & Billets 502,Tooling Engineering Unit,NIPPONSTE,163 Foundry Lane,Faridabad,121001,IN,EN,+76-324-8149918,sales@nippon.steel.coils.and.bi.com,29AAACTV8281M1Z2,,,2016-03-07
0000000503,ZMRO,Mobil Industrial Gear Oils & Grease,,MOBILINDU,311 Zona Industrial Norte,Ahmedabad,380001,IN,EN,+39-335-5705234,sales@mobil.industrial.gear.oil.com,27AAACTF3689X1Z9,,,2023-08-14
0000000504,ZMRO,Sandvik Coromant Cutting Tools 504,Automotive Parts Wing,SANDVIKCO,271 MIDC Industrial Area Bhosari,Faridabad,121001,IN,EN,+64-915-7358996,sales@sandvik.coromant.cutting..com,33AAACTG2268Q1Z1,,,2017-10-03
0000000505,ZMET,POSCO Steel Plate & Coil 505,Tooling Engineering Unit,POSCOSTEE,128 Manufacturing Parkway,Leeds,LS1 1BA,GB,EN,+72-803-1403475,sales@posco.steel.plate.and.coi.com,GB453438801,,,2017-10-24
0000000506,ZSUB,Bodycote Thermal Processing & Nitri,Foundry & Casting Works,BODYCOTET,133 Sanand Industrial Zone,Manchester,M1 1AD,GB,EN,+10-113-1166400,sales@bodycote.thermal.processi.com,GB376238366,,,2022-02-24
0000000507,ZMRO,Klüber Lubrication High Temp Grease,Automotive Parts Wing,KLÜBERLUB,281 Manufacturing Parkway,Nashik,422001,IN,EN,+64-530-9567645,sales@klüber.lubrication.high.t.com,27AAACTI8927E1Z9,,,2023-02-15
0000000508,ZCMP,Maersk Industrial Container Shippin,,MAERSKIND,130 Parque Industrial Monterrey,Düsseldorf,40213,DE,DE,+8-470-5511857,sales@maersk.industrial.contain.com,DE599966583,,,2017-03-06
0000000509,ZCMP,Renold Industrial Transmission Chai,,RENOLDIND,218 MIDC Industrial Area Bhosari,Cleveland,44101,US,EN,+85-441-6315196,sales@renold.industrial.transmi.com,49-2932165,,,2017-06-11
0000000510,ZMRO,Mobil Industrial Gear Oils & Grease,,MOBILINDU,199 Automotive Corridor Phase 2,Frankfurt,60311,DE,DE,+53-252-9882356,sales@mobil.industrial.gear.oil.com,DE636791287,,,2018-09-28
0000000511,ZCMP,Würth Industry Assembly Components ,Automotive Parts Wing,WÜRTHINDU,206 Sanand Industrial Zone,Nashik,422001,IN,EN,+80-394-8199776,sales@würth.industry.assembly.c.com,24AAACTU9398H1Z9,,,2023-02-16
0000000512,ZCMP,Schaeffler Technologies AG & Co 512,,SCHAEFFLER,148 Peenya Industrial Area,Saltillo,25000,MX,ES,+73-453-2925017,sales@schaeffler.technologies.a.com,GSN677373P23,,,2023-11-04
0000000513,ZCMP,DB Schenker Heavy Machinery Freight,Job-Work Division,DBSCHENKE,319 Automotive Corridor Phase 2,Frankfurt,60311,DE,DE,+51-763-7029108,sales@db.schenker.heavy.machine.com,DE849502894,,,2024-03-02
0000000514,ZMET,Jindal Stainless Structural Product,,JINDALSTA,354 Industriestraße,Faridabad,121001,IN,EN,+41-214-3470893,sales@jindal.stainless.structur.com,24AAACTJ4516F1Z2,,,2024-01-25
0000000515,ZMET,ArcelorMittal Precision Tubing Euro,,ARCELORMIT,448 Industriestraße,Jamshedpur,831001,IN,EN,+98-584-3632008,sales@arcelormittal.precision.t.com,24AAACTD9450I1Z2,,,2021-08-30
0000000516,ZMET,Voestalpine High Performance Metals,Machining Plant 2,VOESTALPIN,135 Siemensstraße,Milwaukee,53201,US,EN,+94-439-2642309,sales@voestalpine.high.performa.com,48-5598811,,,2017-03-14
0000000517,ZCMP,SKF Industrial Bearings & Seals 517,,SKFINDUST,10 Daimlerstraße,Indianapolis,46201,US,EN,+6-261-2914509,sales@skf.industrial.bearings.a.com,41-6350199,,,2023-08-15
0000000518,ZCMP,SMC Pneumatics & Automation 518,,SMCPNEUMA,376 Siemensstraße,Nashik,422001,IN,EN,+97-339-7652661,sales@smc.pneumatics.and.automa.com,24AAACTU6075N1Z3,,,2023-12-16
0000000519,ZCMP,Freudenberg Sealing Technologies 51,Tooling Engineering Unit,FREUDENBER,207 Ambattur Industrial Estate,Stuttgart,70173,DE,DE,+44-354-4958832,sales@freudenberg.sealing.techn.com,DE285314381,,,2016-02-14
0000000520,ZCMP,Maersk Industrial Container Shippin,Machining Plant 2,MAERSKIND,40 Industrial Tooling Way,Chennai,600001,IN,EN,+76-294-7262798,sales@maersk.industrial.contain.com,06AAACTN8684R1Z6,,,2019-11-08
0000000521,ZCMP,Schaeffler Technologies AG & Co 521,,SCHAEFFLER,418 Die & Mold Drive,Coimbatore,641001,IN,EN,+63-205-7974146,sales@schaeffler.technologies.a.com,27AAACTH8744P1Z7,,,2024-01-10
0000000522,ZSUB,Lasertech CNC Laser Cutting & Bendi,Automotive Parts Wing,LASERTECH,156 Gewerbepark West,Akron,44301,US,EN,+3-208-8485400,sales@lasertech.cnc.laser.cutti.com,70-4163987,,,2021-08-14
0000000523,ZMRO,3M Industrial Safety & PPE Systems ,,3MINDUSTR,129 Peenya Industrial Area,Mannheim,68161,DE,DE,+57-461-5692436,sales@3m.industrial.safety.and..com,DE257110513,,,2022-05-19
0000000524,ZCMP,Bosch Rexroth Industrial Hydraulics,Foundry & Casting Works,BOSCHREXR,294 Assembly Boulevard,Jamshedpur,831001,IN,EN,+76-855-2468438,sales@bosch.rexroth.industrial..com,27AAACTW5491K1Z4,,,2022-03-01
0000000525,ZCMP,Danfoss Power Solutions Hydraulics ,Foundry & Casting Works,DANFOSSPO,49 Zona Industrial Norte,Ahmedabad,380001,IN,EN,+98-319-2855534,sales@danfoss.power.solutions.h.com,29AAACTO5251D1Z7,,,2020-08-29
0000000526,ZCMP,Gates Industrial Power Transmission,Job-Work Division,GATESINDU,438 Zona Industrial Norte,Munich,80331,DE,DE,+58-551-3571358,sales@gates.industrial.power.tr.com,DE456887622,,,2016-06-24
0000000527,ZMET,Jindal Stainless Structural Product,,JINDALSTA,157 Die & Mold Drive,Stuttgart,70173,DE,DE,+9-439-4393712,sales@jindal.stainless.structur.com,DE507038958,,,2021-11-23
0000000528,ZMRO,Walter Industrial Milling Tools 528,Automotive Parts Wing,WALTERIND,114 Industrial Tooling Way,Munich,80331,DE,DE,+48-183-7761292,sales@walter.industrial.milling.com,DE110806986,,,2016-12-28
0000000529,ZCMP,THK Precision Linear Guides 529,Machining Plant 2,THKPRECIS,380 Engineering Way,Coimbatore,641001,IN,EN,+29-140-1906854,sales@thk.precision.linear.guid.com,24AAACTQ2808L1Z8,,,2020-07-03
0000000530,ZMET,Ramkrishna Forgings Industrial Div ,Foundry & Casting Works,RAMKRISHNA,114 Industrial Tooling Way,Mannheim,68161,DE,DE,+59-586-2433437,sales@ramkrishna.forgings.indus.com,DE561839495,,,2022-02-18
0000000531,ZELE,Banner Engineering Safety Sensors 5,,BANNERENG,315 Industriestraße,Faridabad,121001,IN,EN,+15-403-2762825,sales@banner.engineering.safety.com,24AAACTA8719F1Z4,,,2019-04-12
0000000532,ZSUB,Hardchrome Industrial Plating Works,,HARDCHROME,380 Parque Industrial Monterrey,Indianapolis,46201,US,EN,+67-927-8665969,sales@hardchrome.industrial.pla.com,46-4551407,,,2018-08-06
0000000533,ZCMP,Trelleborg Industrial Engineered Se,Tooling Engineering Unit,TRELLEBORG,39 Parque Industrial Monterrey,Jamshedpur,831001,IN,EN,+35-899-1352359,sales@trelleborg.industrial.eng.com,06AAACTV7659X1Z1,,,2017-03-04
0000000534,ZCMP,Hydac Technology Hydraulic Filters ,,HYDACTECH,6 Automotive Corridor Phase 2,Stockholm,111 20,SE,JA,+81-711-2303510,sales@hydac.technology.hydrauli.com,SE11920005,,,2023-07-26
0000000535,ZCMP,Kuehne + Nagel Heavy Project Cargo ,,KUEHNE+N,180 Assembly Boulevard,Essen,45127,DE,DE,+95-575-2398463,sales@kuehne.+.nagel.heavy.proj.com,DE310586000,,,2018-12-24
0000000536,ZMRO,Saint-Gobain Abrasives & Ceramics 5,Tooling Engineering Unit,SAINTGOBA,140 Peenya Industrial Area,Nuremberg,90402,DE,DE,+14-956-2050986,sales@saintgobain.abrasives.and.com,DE225328324,,,2021-10-04
0000000537,ZCMP,VRL Industrial Logistics Fleet 537,Surface Coating Div,VRLINDUST,292 GIDC Vatva Industrial Park,Milwaukee,53201,US,EN,+85-871-7329355,sales@vrl.industrial.logistics..com,87-6415258,,,2020-01-27
0000000538,ZELE,Schneider Electric Industrial Contr,Foundry & Casting Works,SCHNEIDER,359 Manufacturing Parkway,Hanover,30159,DE,DE,+50-496-5648981,sales@schneider.electric.indust.com,DE770492674,,,2021-10-30
0000000539,ZSUB,PPG Industrial Coatings & E-Coat 53,,PPGINDUST,290 Siemensstraße,Düsseldorf,40213,DE,DE,+26-474-2376117,sales@ppg.industrial.coatings.a.com,DE933222537,,,2016-08-27
0000000540,ZMRO,Dormer Pramet Indexable Inserts 540,,DORMERPRA,200 Gewerbepark West,Jamshedpur,831001,IN,EN,+89-328-3130285,sales@dormer.pramet.indexable.i.com,27AAACTI7941X1Z5,,,2020-01-10
0000000541,ZMET,SSAB Swedish Steel Heavy Plate 541,Job-Work Division,SSABSWEDI,147 Siemensstraße,Monterrey,64000,MX,ES,+94-318-3718938,sales@ssab.swedish.steel.heavy..com,DEG873216G19,,,2017-08-17
0000000542,ZMRO,Castrol Industrial Metalworking Flu,Surface Coating Div,CASTROLIN,45 Daimlerstraße,Cincinnati,45202,US,EN,+66-384-9554018,sales@castrol.industrial.metalw.com,10-4133512,,,2022-03-15
0000000543,ZCMP,SKF Industrial Bearings & Seals 543,,SKFINDUST,132 Industriestraße,Guadalajara,44100,MX,ES,+82-864-2307225,sales@skf.industrial.bearings.a.com,MEN180129Y24,,,2023-06-23
0000000544,ZMET,ArcelorMittal Precision Tubing Euro,Surface Coating Div,ARCELORMIT,333 Siemensstraße,Gurugram,122001,IN,EN,+37-397-1442873,sales@arcelormittal.precision.t.com,06AAACTW1961L1Z2,,,2017-09-29
0000000545,ZCMP,Parker Hannifin Fluid Connectors 54,Tooling Engineering Unit,PARKERHAN,179 Siemensstraße,Hanover,30159,DE,DE,+73-543-6004469,sales@parker.hannifin.fluid.con.com,DE170957286,,,2021-08-12
0000000546,ZSUB,Aalberts Surface Technologies Plati,,AALBERTSS,310 Die & Mold Drive,Hanover,30159,DE,DE,+51-139-2542329,sales@aalberts.surface.technolo.com,DE661052020,,,2017-09-24
0000000547,ZELE,ABB Motion & Industrial Drives 547,,ABBMOTION,211 Assembly Boulevard,Stuttgart,70173,DE,DE,+51-219-4023007,sales@abb.motion.and.industrial.com,DE357735745,,,2022-08-04
0000000548,ZCMP,Würth Industry Assembly Components ,Automotive Parts Wing,WÜRTHINDU,239 Peenya Industrial Area,Bengaluru,560001,IN,EN,+64-621-5183803,sales@würth.industry.assembly.c.com,24AAACTN7264S1Z1,,,2021-05-15
0000000549,ZCMP,SKF Industrial Bearings & Seals 549,,SKFINDUST,28 Assembly Boulevard,Osaka,530-0001,JP,JA,+30-575-7330092,sales@skf.industrial.bearings.a.com,JP47241024,,,2019-01-16
0000000550,ZELE,Banner Engineering Safety Sensors 5,,BANNERENG,340 MIDC Industrial Area Bhosari,Faridabad,121001,IN,EN,+72-516-1761940,sales@banner.engineering.safety.com,33AAACTE7741E1Z4,,,2020-08-22
0000000551,ZMRO,Dormer Pramet Indexable Inserts 551,,DORMERPRA,121 Foundry Lane,Indianapolis,46201,US,EN,+82-879-7510849,sales@dormer.pramet.indexable.i.com,32-4329383,,,2017-06-11
0000000552,ZCMP,Freudenberg Sealing Technologies 55,,FREUDENBER,1 Automotive Corridor Phase 2,Essen,45127,DE,DE,+7-773-8013936,sales@freudenberg.sealing.techn.com,DE192468086,,,2017-12-10
0000000553,ZCMP,Kuehne + Nagel Heavy Project Cargo ,,KUEHNE+N,369 Daimlerstraße,Ahmedabad,380001,IN,EN,+87-958-4509449,sales@kuehne.+.nagel.heavy.proj.com,33AAACTF7176Q1Z9,,,2020-06-14
0000000554,ZMRO,Dormer Pramet Indexable Inserts 554,,DORMERPRA,313 Sanand Industrial Zone,Stuttgart,70173,DE,DE,+60-963-8375189,sales@dormer.pramet.indexable.i.com,DE957368260,,,2023-05-16
0000000555,ZCMP,DHL Global Forwarding Heavy Cargo 5,,DHLGLOBAL,393 GIDC Vatva Industrial Park,Jamshedpur,831001,IN,EN,+31-318-2403679,sales@dhl.global.forwarding.hea.com,24AAACTA2821R1Z6,,,2017-12-12
0000000556,ZCMP,SMC Pneumatics & Automation 556,,SMCPNEUMA,176 Automotive Corridor Phase 2,Frankfurt,60311,DE,DE,+62-598-7358663,sales@smc.pneumatics.and.automa.com,DE271762474,,,2017-03-03
0000000557,ZSUB,Oerlikon Balzers Surface Hardening ,,OERLIKONB,287 Industrial Tooling Way,Monterrey,64000,MX,ES,+72-807-4601020,sales@oerlikon.balzers.surface..com,KDD869433E36,,,2018-09-26
0000000558,ZMET,Tata Steel Heavy Tubular Products 5,,TATASTEEL,365 Die & Mold Drive,Milwaukee,53201,US,EN,+74-973-2340774,sales@tata.steel.heavy.tubular..com,43-9032133,,,2016-05-07
0000000559,ZSUB,Henkel Surface Technologies Bonderi,,HENKELSUR,275 Gewerbepark West,Nuremberg,90402,DE,DE,+40-903-8261287,sales@henkel.surface.technologi.com,DE981216816,,,2024-02-02
0000000560,ZCMP,THK Precision Linear Guides 560,Tooling Engineering Unit,THKPRECIS,170 Gewerbepark West,Sandviken,811 30,SE,JA,+83-922-8652473,sales@thk.precision.linear.guid.com,SE42788860,,,2021-06-07
0000000561,ZCMP,DHL Global Forwarding Heavy Cargo 5,Tooling Engineering Unit,DHLGLOBAL,111 GIDC Vatva Industrial Park,Gurugram,122001,IN,EN,+56-608-1015213,sales@dhl.global.forwarding.hea.com,06AAACTG7330F1Z4,,,2022-01-12
0000000562,ZCMP,Parker Hannifin Fluid Connectors 56,,PARKERHAN,235 Ambattur Industrial Estate,Chicago,60601,US,EN,+82-633-5826743,sales@parker.hannifin.fluid.con.com,18-8249336,,,2021-10-21
0000000563,ZCMP,Würth Industry Assembly Components ,,WÜRTHINDU,363 Foundry Lane,Faridabad,121001,IN,EN,+23-414-5347244,sales@würth.industry.assembly.c.com,33AAACTV1329Z1Z3,,,2019-05-26
0000000564,ZELE,ABB Motion & Industrial Drives 564,,ABBMOTION,61 Automotive Corridor Phase 2,Monterrey,64000,MX,ES,+68-214-6546554,sales@abb.motion.and.industrial.com,CAA717619A85,,,2023-01-11
0000000565,ZCMP,SKF Industrial Bearings & Seals 565,,SKFINDUST,418 Peenya Industrial Area,Pune,411001,IN,EN,+55-464-2270621,sales@skf.industrial.bearings.a.com,24AAACTE9033G1Z2,,,2023-07-22
0000000566,ZSUB,PPG Industrial Coatings & E-Coat 56,,PPGINDUST,295 Ambattur Industrial Estate,Manchester,M1 1AD,GB,EN,+98-356-5629866,sales@ppg.industrial.coatings.a.com,GB884871984,,,2016-10-19
0000000567,ZSUB,Oerlikon Balzers Surface Hardening ,,OERLIKONB,232 Engineering Way,Chicago,60601,US,EN,+43-299-8648409,sales@oerlikon.balzers.surface..com,24-3487352,,,2021-09-25
0000000568,ZMET,Jindal Stainless Structural Product,,JINDALSTA,191 Zona Industrial Norte,Yokohama,220-0001,JP,JA,+11-678-6210021,sales@jindal.stainless.structur.com,JP31054391,,,2016-05-15
0000000569,ZCMP,Gates Industrial Power Transmission,,GATESINDU,110 Daimlerstraße,Nashik,422001,IN,EN,+35-966-6033200,sales@gates.industrial.power.tr.com,27AAACTI4684O1Z1,,,2019-12-15
0000000570,ZMET,Bharat Forge Precision Machining 57,,BHARATFOR,240 Automotive Corridor Phase 2,Cologne,50667,DE,DE,+98-638-8045532,sales@bharat.forge.precision.ma.com,DE759771938,,,2017-04-28
0000000571,ZMET,Kalyani Forgings & Metallurgy 571,Machining Plant 2,KALYANIFO,125 Ambattur Industrial Estate,Pune,411001,IN,EN,+36-243-8776580,sales@kalyani.forgings.and.meta.com,06AAACTY1249X1Z2,,,2016-02-15
0000000572,ZSUB,Anodize Engineering Job-Work Servic,,ANODIZEEN,217 Gewerbepark West,Indianapolis,46201,US,EN,+12-848-5701824,sales@anodize.engineering.jobwo.com,82-5654147,,,2020-11-26
0000000573,ZCMP,Freudenberg Sealing Technologies 57,,FREUDENBER,61 Gewerbepark West,Chennai,600001,IN,EN,+54-762-4050728,sales@freudenberg.sealing.techn.com,29AAACTL1293Q1Z4,,,2016-05-26
0000000574,ZCMP,Blue Dart Express Industrial Cargo ,Machining Plant 2,BLUEDART,272 Industriestraße,Cologne,50667,DE,DE,+59-267-8779262,sales@blue.dart.express.industr.com,DE159795375,,,2020-11-17
0000000575,ZSUB,Anodize Engineering Job-Work Servic,Machining Plant 2,ANODIZEEN,269 Parque Industrial Monterrey,Cincinnati,45202,US,EN,+50-772-2921684,sales@anodize.engineering.jobwo.com,48-9463104,,,2016-08-29
0000000576,ZSUB,Supercut Wire EDM Machining Jobwork,,SUPERCUTW,347 GIDC Vatva Industrial Park,Manchester,M1 1AD,GB,EN,+93-108-7776351,sales@supercut.wire.edm.machini.com,GB977943283,,,2020-05-23
0000000577,ZCMP,MinebeaMitsumi Precision Components,,MINEBEAMIT,405 Engineering Way,Nashik,422001,IN,EN,+41-470-2085018,sales@minebeamitsumi.precision..com,33AAACTN9374D1Z9,,,2023-09-29
0000000578,ZMRO,Dormer Pramet Indexable Inserts 578,,DORMERPRA,175 Sanand Industrial Zone,Stuttgart,70173,DE,DE,+75-717-4231580,sales@dormer.pramet.indexable.i.com,DE441803858,,,2021-11-23
0000000579,ZCMP,Maersk Industrial Container Shippin,,MAERSKIND,108 Foundry Lane,Faridabad,121001,IN,EN,+72-426-8389756,sales@maersk.industrial.contain.com,06AAACTN4343M1Z2,,,2021-07-15
0000000580,ZMET,ArcelorMittal Precision Tubing Euro,Machining Plant 2,ARCELORMIT,30 MIDC Industrial Area Bhosari,Cologne,50667,DE,DE,+60-484-8297789,sales@arcelormittal.precision.t.com,DE968054925,,,2019-04-20
0000000581,ZSUB,Hardchrome Industrial Plating Works,Foundry & Casting Works,HARDCHROME,254 Peenya Industrial Area,Chennai,600001,IN,EN,+63-284-7954457,sales@hardchrome.industrial.pla.com,24AAACTI9987S1Z1,,,2016-02-01
0000000582,ZSUB,Aalberts Surface Technologies Plati,,AALBERTSS,115 Daimlerstraße,Faridabad,121001,IN,EN,+92-878-2908426,sales@aalberts.surface.technolo.com,27AAACTM8611Z1Z5,,,2022-04-15
0000000583,ZELE,Lapp Group Industrial Cable Systems,,LAPPGROUP,120 Engineering Way,Hanover,30159,DE,DE,+41-851-7725523,sales@lapp.group.industrial.cab.com,DE370441054,,,2018-10-27
0000000584,ZELE,Sick AG Industrial LiDAR & Vision 5,Tooling Engineering Unit,SICKAGIN,345 Zona Industrial Norte,Milwaukee,53201,US,EN,+37-943-4505007,sales@sick.ag.industrial.lidar..com,57-4638906,,,2016-05-20
0000000585,ZCMP,Eaton Hydraulics & Hose Assemblies ,,EATONHYDR,137 Peenya Industrial Area,Bengaluru,560001,IN,EN,+20-970-3647054,sales@eaton.hydraulics.and.hose.com,29AAACTG3975Z1Z6,,,2024-01-12
0000000586,ZCMP,Würth Industry Assembly Components ,,WÜRTHINDU,160 Assembly Boulevard,Coimbatore,641001,IN,EN,+40-271-7493677,sales@würth.industry.assembly.c.com,33AAACTM9884Z1Z8,,,2023-01-05
0000000587,ZCMP,Festo Industrial Pneumatic Valves 5,,FESTOINDU,72 Gewerbepark West,Pune,411001,IN,EN,+82-437-8602401,sales@festo.industrial.pneumati.com,29AAACTH5485W1Z6,,,2018-05-16
0000000588,ZCMP,NSK Precision Ball Screws & Linear ,Surface Coating Div,NSKPRECIS,28 Ambattur Industrial Estate,Tokyo,100-0001,JP,JA,+86-241-4322793,sales@nsk.precision.ball.screws.com,JP29916368,,,2017-09-05
0000000589,ZCMP,Trelleborg Industrial Engineered Se,,TRELLEBORG,308 Daimlerstraße,Milwaukee,53201,US,EN,+76-408-7263249,sales@trelleborg.industrial.eng.com,41-5187120,,,2017-03-15
0000000590,ZMET,Jindal Stainless Structural Product,Job-Work Division,JINDALSTA,141 Automotive Corridor Phase 2,Düsseldorf,40213,DE,DE,+50-897-6645213,sales@jindal.stainless.structur.com,DE779543158,,,2019-09-04
0000000591,ZMET,Bharat Forge Precision Machining 59,Job-Work Division,BHARATFOR,317 Gewerbepark West,Sheffield,S1 1AA,GB,EN,+14-663-8273151,sales@bharat.forge.precision.ma.com,GB285842475,,,2020-05-27
0000000592,ZCMP,Würth Industry Assembly Components ,Surface Coating Div,WÜRTHINDU,54 Manufacturing Parkway,Gurugram,122001,IN,EN,+72-790-7834038,sales@würth.industry.assembly.c.com,33AAACTX4762B1Z9,,,2020-05-21
0000000593,ZSUB,Anodize Engineering Job-Work Servic,,ANODIZEEN,189 Parque Industrial Monterrey,Coimbatore,641001,IN,EN,+36-257-7371568,sales@anodize.engineering.jobwo.com,29AAACTO3289M1Z7,,,2016-05-05
0000000594,ZMET,SSAB Swedish Steel Heavy Plate 594,,SSABSWEDI,448 Sanand Industrial Zone,Nuremberg,90402,DE,DE,+59-999-6828647,sales@ssab.swedish.steel.heavy..com,DE662031487,,,2020-03-02
0000000595,ZCMP,SKF Industrial Bearings & Seals 595,Machining Plant 2,SKFINDUST,346 Peenya Industrial Area,Gothenburg,411 01,SE,JA,+27-211-7593715,sales@skf.industrial.bearings.a.com,SE89889266,,,2022-07-20
0000000596,ZMRO,Sandvik Coromant Cutting Tools 596,Automotive Parts Wing,SANDVIKCO,77 Industrial Tooling Way,Chennai,600001,IN,EN,+41-571-2655201,sales@sandvik.coromant.cutting..com,29AAACTF6870Y1Z5,,,2017-07-05
0000000597,ZCMP,HIWIN Linear Motion Guides 597,,HIWINLINE,195 Manufacturing Parkway,Pune,411001,IN,EN,+5-860-2820974,sales@hiwin.linear.motion.guide.com,24AAACTZ3279W1Z3,,,2017-06-09
0000000598,ZCMP,Freudenberg Sealing Technologies 59,Surface Coating Div,FREUDENBER,64 Peenya Industrial Area,Nuremberg,90402,DE,DE,+76-649-2682563,sales@freudenberg.sealing.techn.com,DE763014446,,,2017-03-19
0000000599,ZMET,POSCO Steel Plate & Coil 599,Machining Plant 2,POSCOSTEE,149 Industrial Tooling Way,Indianapolis,46201,US,EN,+71-713-3050665,sales@posco.steel.plate.and.coi.com,48-6995015,,,2020-12-07
0000000600,ZCMP,TCI Freight Heavy Haulage Division ,Foundry & Casting Works,TCIFREIGH,29 Sanand Industrial Zone,Nuremberg,90402,DE,DE,+73-100-4728778,sales@tci.freight.heavy.haulage.com,DE386165986,,,2021-07-14
0000000601,ZMRO,Iscar Carbide Metalworking Tools 60,,ISCARCARB,357 Sanand Industrial Zone,Coimbatore,641001,IN,EN,+49-695-1116125,sales@iscar.carbide.metalworkin.com,29AAACTR8951L1Z4,,,2021-02-06
0000000602,ZCMP,Timken Roller Bearings Industrial 6,,TIMKENROL,128 Industriestraße,Gurugram,122001,IN,EN,+22-210-5066134,sales@timken.roller.bearings.in.com,27AAACTO5662Q1Z9,,,2017-03-18
0000000603,ZCMP,Norgren Industrial Pneumatics 603,,NORGRENIN,425 Industriestraße,Changwon,51500,KR,JA,+80-328-5505486,sales@norgren.industrial.pneuma.com,KR63520804,,,2022-08-05
0000000604,ZMRO,Iscar Carbide Metalworking Tools 60,,ISCARCARB,299 Foundry Lane,Mannheim,68161,DE,DE,+93-338-7067591,sales@iscar.carbide.metalworkin.com,DE699205656,,,2016-09-25
0000000605,ZCMP,Parker Hannifin Fluid Connectors 60,,PARKERHAN,326 GIDC Vatva Industrial Park,Coimbatore,641001,IN,EN,+38-428-4954665,sales@parker.hannifin.fluid.con.com,29AAACTG8667U1Z1,,,2023-08-03
0000000606,ZMRO,Walter Industrial Milling Tools 606,,WALTERIND,322 Zona Industrial Norte,Cologne,50667,DE,DE,+95-950-2580595,sales@walter.industrial.milling.com,DE398933232,,,2017-10-31
0000000607,ZCMP,Festo Industrial Pneumatic Valves 6,,FESTOINDU,168 Industriestraße,Coventry,CV1 1AA,GB,EN,+15-734-5760518,sales@festo.industrial.pneumati.com,GB595887310,,,2018-10-14
0000000608,ZMRO,Mobil Industrial Gear Oils & Grease,Automotive Parts Wing,MOBILINDU,369 Siemensstraße,Essen,45127,DE,DE,+51-915-7188003,sales@mobil.industrial.gear.oil.com,DE718978380,,,2018-04-21
0000000609,ZSUB,Hardchrome Industrial Plating Works,,HARDCHROME,95 Industriestraße,Jamshedpur,831001,IN,EN,+22-486-5110908,sales@hardchrome.industrial.pla.com,29AAACTV2905Z1Z3,,,2020-01-02
0000000610,ZMRO,Dormer Pramet Indexable Inserts 610,,DORMERPRA,403 Industrial Tooling Way,Essen,45127,DE,DE,+68-820-4573447,sales@dormer.pramet.indexable.i.com,DE904203264,,,2023-07-22
0000000611,ZSUB,Bodycote Thermal Processing & Nitri,,BODYCOTET,390 MIDC Industrial Area Bhosari,Ahmedabad,380001,IN,EN,+23-411-9999464,sales@bodycote.thermal.processi.com,24AAACTM7506A1Z8,,,2018-02-28
0000000612,ZCMP,DB Schenker Heavy Machinery Freight,,DBSCHENKE,15 GIDC Vatva Industrial Park,Manchester,M1 1AD,GB,EN,+84-993-5205303,sales@db.schenker.heavy.machine.com,GB482893916,,,2016-08-28
0000000613,ZCMP,Trelleborg Industrial Engineered Se,,TRELLEBORG,240 Peenya Industrial Area,Ahmedabad,380001,IN,EN,+96-312-9557721,sales@trelleborg.industrial.eng.com,29AAACTC5048Y1Z1,,,2022-11-30
0000000614,ZSUB,Lasertech CNC Laser Cutting & Bendi,Job-Work Division,LASERTECH,44 Industrial Tooling Way,Mannheim,68161,DE,DE,+99-566-3306986,sales@lasertech.cnc.laser.cutti.com,DE457254928,,,2016-04-17
0000000615,ZMRO,Guhring Precision Drills & Taps 615,,GUHRINGPR,126 Industriestraße,Düsseldorf,40213,DE,DE,+66-447-4560497,sales@guhring.precision.drills..com,DE180417305,,,2018-03-28
0000000616,ZMET,Voestalpine High Performance Metals,,VOESTALPIN,305 Assembly Boulevard,Gurugram,122001,IN,EN,+71-829-3581194,sales@voestalpine.high.performa.com,33AAACTN6666H1Z5,,,2019-08-09
0000000617,ZMET,Alcoa Aluminum Extrusions Corp 617,Surface Coating Div,ALCOAALUM,184 Peenya Industrial Area,Nashik,422001,IN,EN,+16-900-7985341,sales@alcoa.aluminum.extrusions.com,06AAACTS7437U1Z8,,,2022-02-03
0000000618,ZMET,Nippon Steel Coils & Billets 618,,NIPPONSTE,305 Peenya Industrial Area,Nashik,422001,IN,EN,+23-838-5099621,sales@nippon.steel.coils.and.bi.com,27AAACTK8306K1Z2,,,2017-06-11
0000000619,ZELE,Lapp Group Industrial Cable Systems,,LAPPGROUP,198 Peenya Industrial Area,Cincinnati,45202,US,EN,+30-305-2686346,sales@lapp.group.industrial.cab.com,11-2991752,,,2017-01-14
0000000620,ZMET,Ramkrishna Forgings Industrial Div ,,RAMKRISHNA,252 Zona Industrial Norte,Faridabad,121001,IN,EN,+67-583-7762913,sales@ramkrishna.forgings.indus.com,33AAACTH1826G1Z5,,,2017-10-14
0000000621,ZMRO,Saint-Gobain Abrasives & Ceramics 6,,SAINTGOBA,414 MIDC Industrial Area Bhosari,Nuremberg,90402,DE,DE,+96-601-1861489,sales@saintgobain.abrasives.and.com,DE823482428,,,2016-11-07
0000000622,ZSUB,Lasertech CNC Laser Cutting & Bendi,,LASERTECH,123 Sanand Industrial Zone,Birmingham,B1 1AA,GB,EN,+29-250-9860848,sales@lasertech.cnc.laser.cutti.com,GB518526693,,,2022-02-23
0000000623,ZCMP,Würth Industry Assembly Components ,,WÜRTHINDU,33 Manufacturing Parkway,Wolverhampton,WV1 1AA,GB,EN,+3-960-4450392,sales@würth.industry.assembly.c.com,GB169304816,,,2016-06-27
0000000624,ZMET,Bohler Special Steels Europe 624,Job-Work Division,BOHLERSPE,170 GIDC Vatva Industrial Park,Chennai,600001,IN,EN,+71-430-4544744,sales@bohler.special.steels.eur.com,06AAACTZ9476B1Z8,,,2023-05-07
0000000625,ZMRO,Dormer Pramet Indexable Inserts 625,,DORMERPRA,236 Gewerbepark West,Pune,411001,IN,EN,+22-422-9658435,sales@dormer.pramet.indexable.i.com,24AAACTL6304N1Z6,,,2019-10-12
0000000626,ZELE,Rockwell Automation Allen-Bradley 6,,ROCKWELLA,258 Gewerbepark West,Indianapolis,46201,US,EN,+46-290-3893687,sales@rockwell.automation.allen.com,86-8628348,,,2022-08-01
0000000627,ZSUB,Lasertech CNC Laser Cutting & Bendi,Automotive Parts Wing,LASERTECH,224 Automotive Corridor Phase 2,Jamshedpur,831001,IN,EN,+44-736-9066940,sales@lasertech.cnc.laser.cutti.com,24AAACTV9817N1Z3,,,2021-03-12
0000000628,ZELE,Sick AG Industrial LiDAR & Vision 6,Tooling Engineering Unit,SICKAGIN,254 Foundry Lane,Cincinnati,45202,US,EN,+69-602-2002377,sales@sick.ag.industrial.lidar..com,10-5039850,,,2023-09-09
0000000629,ZCMP,Swagelok Fluid System Components 62,Automotive Parts Wing,SWAGELOKF,274 MIDC Industrial Area Bhosari,Jamshedpur,831001,IN,EN,+14-637-9808452,sales@swagelok.fluid.system.com.com,29AAACTD7680V1Z4,,,2023-07-18
0000000630,ZMRO,Kennametal Carbide Tooling Systems ,Job-Work Division,KENNAMETAL,21 Die & Mold Drive,Changwon,51500,KR,JA,+71-290-6711143,sales@kennametal.carbide.toolin.com,KR34394685,,,2022-01-14
0000000631,ZCMP,Maersk Industrial Container Shippin,,MAERSKIND,358 Engineering Way,Pittsburgh,15201,US,EN,+46-763-8130184,sales@maersk.industrial.contain.com,65-9740438,,,2018-07-24
0000000632,ZELE,Fanuc Robotics & CNC Controllers 63,Surface Coating Div,FANUCROBO,47 Automotive Corridor Phase 2,Indianapolis,46201,US,EN,+42-213-9770491,sales@fanuc.robotics.and.cnc.co.com,36-7042691,,,2021-10-12
0000000633,ZELE,ABB Motion & Industrial Drives 633,,ABBMOTION,102 GIDC Vatva Industrial Park,Frankfurt,60311,DE,DE,+61-267-7155443,sales@abb.motion.and.industrial.com,DE999989590,,,2017-03-07
0000000634,ZMRO,Dormer Pramet Indexable Inserts 634,,DORMERPRA,435 Foundry Lane,Hanover,30159,DE,DE,+3-763-8247578,sales@dormer.pramet.indexable.i.com,DE158827806,,,2022-09-27
0000000635,ZELE,Banner Engineering Safety Sensors 6,,BANNERENG,361 Peenya Industrial Area,Nashik,422001,IN,EN,+41-322-6000381,sales@banner.engineering.safety.com,27AAACTB9420N1Z8,,,2019-04-07
0000000636,ZCMP,Danfoss Power Solutions Hydraulics ,,DANFOSSPO,336 Zona Industrial Norte,Hanover,30159,DE,DE,+80-544-1556557,sales@danfoss.power.solutions.h.com,DE143617304,,,2017-06-04
0000000637,ZMET,POSCO Steel Plate & Coil 637,Tooling Engineering Unit,POSCOSTEE,108 Engineering Way,Frankfurt,60311,DE,DE,+29-766-7508077,sales@posco.steel.plate.and.coi.com,DE585143871,,,2018-12-18
0000000638,ZCMP,Bosch Rexroth Industrial Hydraulics,,BOSCHREXR,380 Industriestraße,Pittsburgh,15201,US,EN,+68-399-4708005,sales@bosch.rexroth.industrial..com,80-9224868,,,2018-12-26
0000000639,ZCMP,Kuehne + Nagel Heavy Project Cargo ,Tooling Engineering Unit,KUEHNE+N,207 Industriestraße,Bengaluru,560001,IN,EN,+59-184-7107010,sales@kuehne.+.nagel.heavy.proj.com,24AAACTW6030H1Z9,,,2016-10-27
0000000640,ZMET,Voestalpine High Performance Metals,,VOESTALPIN,260 Daimlerstraße,Jamshedpur,831001,IN,EN,+79-491-1494486,sales@voestalpine.high.performa.com,33AAACTO7564P1Z4,,,2023-08-08
0000000641,ZCMP,Swagelok Fluid System Components 64,,SWAGELOKF,159 Foundry Lane,Milwaukee,53201,US,EN,+38-208-8747684,sales@swagelok.fluid.system.com.com,90-7555334,,,2021-07-29
0000000642,ZCMP,Garlock Sealing Technologies 642,,GARLOCKSE,44 Daimlerstraße,Manchester,M1 1AD,GB,EN,+73-577-8340682,sales@garlock.sealing.technolog.com,GB112079461,,,2018-03-07
0000000643,ZSUB,Electrocoat Precision Finishing Ltd,,ELECTROCOA,388 Manufacturing Parkway,Birmingham,B1 1AA,GB,EN,+66-251-9159442,sales@electrocoat.precision.fin.com,GB884676128,,,2019-02-19
0000000644,ZMRO,Iscar Carbide Metalworking Tools 64,Automotive Parts Wing,ISCARCARB,130 Industriestraße,Cologne,50667,DE,DE,+61-559-9655931,sales@iscar.carbide.metalworkin.com,DE950770839,,,2016-08-20
0000000645,ZCMP,Sundram Fasteners Automotive Ltd 64,,SUNDRAMFA,188 Peenya Industrial Area,Faridabad,121001,IN,EN,+13-440-1107749,sales@sundram.fasteners.automot.com,27AAACTR1813W1Z3,,,2016-10-05
0000000646,ZMRO,Saint-Gobain Abrasives & Ceramics 6,,SAINTGOBA,271 GIDC Vatva Industrial Park,Ahmedabad,380001,IN,EN,+23-906-8688153,sales@saintgobain.abrasives.and.com,27AAACTE3127G1Z9,,,2019-02-16
0000000647,ZCMP,DB Schenker Heavy Machinery Freight,,DBSCHENKE,116 Parque Industrial Monterrey,Stuttgart,70173,DE,DE,+70-404-1952347,sales@db.schenker.heavy.machine.com,DE329243055,,,2020-10-26
0000000648,ZELE,Fanuc Robotics & CNC Controllers 64,Automotive Parts Wing,FANUCROBO,8 Parque Industrial Monterrey,Coventry,CV1 1AA,GB,EN,+20-601-5667229,sales@fanuc.robotics.and.cnc.co.com,GB869038078,,,2023-05-16
0000000649,ZSUB,PPG Industrial Coatings & E-Coat 64,Foundry & Casting Works,PPGINDUST,414 Engineering Way,Cleveland,44101,US,EN,+58-140-7205529,sales@ppg.industrial.coatings.a.com,16-8580755,,,2023-10-31
0000000650,ZSUB,Oerlikon Balzers Surface Hardening ,Job-Work Division,OERLIKONB,388 Ambattur Industrial Estate,Chennai,600001,IN,EN,+10-901-7605817,sales@oerlikon.balzers.surface..com,33AAACTU6048M1Z5,,,2017-04-22
0000000651,ZMET,Ramkrishna Forgings Industrial Div ,Machining Plant 2,RAMKRISHNA,128 Gewerbepark West,Cleveland,44101,US,EN,+16-984-4155003,sales@ramkrishna.forgings.indus.com,94-6598534,,,2016-04-14
0000000652,ZMET,Voestalpine High Performance Metals,Tooling Engineering Unit,VOESTALPIN,227 Industrial Tooling Way,Chennai,600001,IN,EN,+10-686-5480101,sales@voestalpine.high.performa.com,27AAACTW2866H1Z5,,,2018-09-07
0000000653,ZMET,Alcoa Aluminum Extrusions Corp 653,,ALCOAALUM,368 Die & Mold Drive,Indianapolis,46201,US,EN,+75-484-4033640,sales@alcoa.aluminum.extrusions.com,60-8477948,,,2022-06-25
0000000654,ZCMP,MinebeaMitsumi Precision Components,,MINEBEAMIT,77 Zona Industrial Norte,Cleveland,44101,US,EN,+18-520-2375378,sales@minebeamitsumi.precision..com,17-4963553,,,2018-06-24
0000000655,ZCMP,Maersk Industrial Container Shippin,Surface Coating Div,MAERSKIND,59 Ambattur Industrial Estate,Ahmedabad,380001,IN,EN,+31-121-1599074,sales@maersk.industrial.contain.com,24AAACTW2514X1Z4,,,2019-07-17
0000000656,ZMET,Jindal Stainless Structural Product,,JINDALSTA,230 Parque Industrial Monterrey,Gothenburg,411 01,SE,JA,+37-983-4725422,sales@jindal.stainless.structur.com,SE84710118,,,2023-07-25
0000000657,ZELE,Omron Industrial Automation Sensors,Automotive Parts Wing,OMRONINDU,361 Automotive Corridor Phase 2,Manchester,M1 1AD,GB,EN,+75-168-8715917,sales@omron.industrial.automati.com,GB410198483,,,2023-06-15
0000000658,ZCMP,Norgren Industrial Pneumatics 658,,NORGRENIN,359 Siemensstraße,Cologne,50667,DE,DE,+82-908-2523007,sales@norgren.industrial.pneuma.com,DE440936057,,,2016-01-10
0000000659,ZSUB,PPG Industrial Coatings & E-Coat 65,,PPGINDUST,441 Assembly Boulevard,Bengaluru,560001,IN,EN,+80-539-2810801,sales@ppg.industrial.coatings.a.com,06AAACTF4736X1Z3,,,2017-09-28
0000000660,ZSUB,PPG Industrial Coatings & E-Coat 66,Automotive Parts Wing,PPGINDUST,13 Siemensstraße,Toluca,50000,MX,ES,+20-950-2396141,sales@ppg.industrial.coatings.a.com,CFI900821G93,,,2020-07-09
0000000661,ZMET,Bharat Forge Precision Machining 66,,BHARATFOR,239 Industriestraße,Essen,45127,DE,DE,+18-690-1770756,sales@bharat.forge.precision.ma.com,DE729843841,,,2017-05-17
0000000662,ZELE,WAGO Industrial Interconnection 662,Machining Plant 2,WAGOINDUS,342 Daimlerstraße,Nashik,422001,IN,EN,+34-613-1657258,sales@wago.industrial.interconn.com,06AAACTN6755C1Z7,,,2017-05-31
0000000663,ZELE,Sick AG Industrial LiDAR & Vision 6,,SICKAGIN,419 Die & Mold Drive,Pune,411001,IN,EN,+96-576-4578127,sales@sick.ag.industrial.lidar..com,06AAACTU8165N1Z3,,,2022-01-15
0000000664,ZMRO,Castrol Industrial Metalworking Flu,,CASTROLIN,228 Ambattur Industrial Estate,Nuremberg,90402,DE,DE,+7-885-1776688,sales@castrol.industrial.metalw.com,DE328334644,,,2017-08-27
0000000665,ZSUB,Aalberts Surface Technologies Plati,,AALBERTSS,328 MIDC Industrial Area Bhosari,Frankfurt,60311,DE,DE,+68-598-8390197,sales@aalberts.surface.technolo.com,DE488831103,,,2018-01-16
0000000666,ZELE,Yaskawa Motoman Industrial Robots 6,Surface Coating Div,YASKAWAMO,19 Foundry Lane,Düsseldorf,40213,DE,DE,+91-705-7093103,sales@yaskawa.motoman.industria.com,DE895815072,,,2019-01-08
0000000667,ZELE,Banner Engineering Safety Sensors 6,,BANNERENG,392 Industriestraße,Manchester,M1 1AD,GB,EN,+48-413-4955556,sales@banner.engineering.safety.com,GB319610123,,,2021-12-20
0000000668,ZMET,Nippon Steel Coils & Billets 668,Machining Plant 2,NIPPONSTE,302 Peenya Industrial Area,Nashik,422001,IN,EN,+4-390-7950587,sales@nippon.steel.coils.and.bi.com,29AAACTJ3205D1Z7,,,2016-03-21
0000000669,ZELE,Banner Engineering Safety Sensors 6,Tooling Engineering Unit,BANNERENG,69 Manufacturing Parkway,Ahmedabad,380001,IN,EN,+57-272-5865345,sales@banner.engineering.safety.com,33AAACTH4703W1Z1,,,2019-11-06
0000000670,ZCMP,Danfoss Power Solutions Hydraulics ,,DANFOSSPO,352 Zona Industrial Norte,Frankfurt,60311,DE,DE,+13-376-5782786,sales@danfoss.power.solutions.h.com,DE881498049,,,2017-11-14
0000000671,ZMET,Nippon Steel Coils & Billets 671,Machining Plant 2,NIPPONSTE,435 GIDC Vatva Industrial Park,Mannheim,68161,DE,DE,+20-895-8966261,sales@nippon.steel.coils.and.bi.com,DE558526292,,,2020-07-14
0000000672,ZCMP,SKF Industrial Bearings & Seals 672,,SKFINDUST,56 Industrial Tooling Way,Frankfurt,60311,DE,DE,+62-550-5221850,sales@skf.industrial.bearings.a.com,DE187741642,,,2017-05-11
0000000673,ZELE,Fanuc Robotics & CNC Controllers 67,,FANUCROBO,440 Gewerbepark West,Hanover,30159,DE,DE,+36-531-7338136,sales@fanuc.robotics.and.cnc.co.com,DE503664713,,,2019-07-04
0000000674,ZELE,Omron Industrial Automation Sensors,Machining Plant 2,OMRONINDU,262 Manufacturing Parkway,Cologne,50667,DE,DE,+91-553-3495156,sales@omron.industrial.automati.com,DE755517169,,,2018-02-20
0000000675,ZMET,Nippon Steel Coils & Billets 675,,NIPPONSTE,210 Die & Mold Drive,Chicago,60601,US,EN,+25-703-2072890,sales@nippon.steel.coils.and.bi.com,85-9581543,,,2019-04-07
0000000676,ZMRO,Fuchs Lubricants Industrial Cutting,,FUCHSLUBR,312 Sanand Industrial Zone,Guadalajara,44100,MX,ES,+32-961-5939155,sales@fuchs.lubricants.industri.com,YRW498456U66,,,2022-12-23
0000000677,ZCMP,Garlock Sealing Technologies 677,,GARLOCKSE,421 Engineering Way,Stuttgart,70173,DE,DE,+56-240-4975189,sales@garlock.sealing.technolog.com,DE353653655,,,2023-10-03
0000000678,ZCMP,Renold Industrial Transmission Chai,,RENOLDIND,223 Industrial Tooling Way,Coimbatore,641001,IN,EN,+40-951-6941172,sales@renold.industrial.transmi.com,24AAACTF4586F1Z9,,,2018-12-02
0000000679,ZMET,ArcelorMittal Precision Tubing Euro,,ARCELORMIT,415 Assembly Boulevard,Pittsburgh,15201,US,EN,+50-117-4373573,sales@arcelormittal.precision.t.com,99-9827581,,,2017-03-22
0000000680,ZCMP,SMC Pneumatics & Automation 680,,SMCPNEUMA,167 Gewerbepark West,Hanover,30159,DE,DE,+63-784-6627271,sales@smc.pneumatics.and.automa.com,DE458439480,,,2020-02-11
0000000681,ZMRO,3M Industrial Safety & PPE Systems ,Job-Work Division,3MINDUSTR,200 Foundry Lane,Detroit,48201,US,EN,+16-491-5552445,sales@3m.industrial.safety.and..com,31-7501752,,,2016-08-16
0000000682,ZMRO,Klüber Lubrication High Temp Grease,,KLÜBERLUB,99 Daimlerstraße,Nashik,422001,IN,EN,+58-903-5284599,sales@klüber.lubrication.high.t.com,24AAACTJ8801Z1Z1,,,2016-09-09
0000000683,ZCMP,Eaton Hydraulics & Hose Assemblies ,,EATONHYDR,97 Automotive Corridor Phase 2,Nashik,422001,IN,EN,+83-121-1353404,sales@eaton.hydraulics.and.hose.com,06AAACTL8074Y1Z1,,,2018-03-10
0000000684,ZCMP,Würth Industry Assembly Components ,,WÜRTHINDU,302 Sanand Industrial Zone,Changwon,51500,KR,JA,+60-726-7353224,sales@würth.industry.assembly.c.com,KR67327241,,,2016-11-21
0000000685,ZSUB,PPG Industrial Coatings & E-Coat 68,,PPGINDUST,106 Gewerbepark West,Chennai,600001,IN,EN,+95-761-5319231,sales@ppg.industrial.coatings.a.com,24AAACTU4254E1Z2,,,2023-05-29
0000000686,ZMET,Bharat Forge Precision Machining 68,,BHARATFOR,191 Die & Mold Drive,Gurugram,122001,IN,EN,+13-115-1956221,sales@bharat.forge.precision.ma.com,06AAACTW8402W1Z9,,,2023-09-12
0000000687,ZCMP,Hydac Technology Hydraulic Filters ,Foundry & Casting Works,HYDACTECH,352 Engineering Way,Nashik,422001,IN,EN,+84-927-7893802,sales@hydac.technology.hydrauli.com,24AAACTB3506I1Z9,,,2020-04-26
0000000688,ZELE,Schneider Electric Industrial Contr,,SCHNEIDER,331 GIDC Vatva Industrial Park,Nuremberg,90402,DE,DE,+9-313-6111048,sales@schneider.electric.indust.com,DE504138739,,,2021-01-06
0000000689,ZMRO,Mobil Industrial Gear Oils & Grease,,MOBILINDU,298 MIDC Industrial Area Bhosari,Nagoya,460-0001,JP,JA,+63-625-5178198,sales@mobil.industrial.gear.oil.com,JP29532280,,,2022-09-11
0000000690,ZMRO,Sandvik Coromant Cutting Tools 690,,SANDVIKCO,186 Manufacturing Parkway,Indianapolis,46201,US,EN,+77-337-9950892,sales@sandvik.coromant.cutting..com,26-6420549,,,2020-05-03
0000000691,ZMRO,Tyrolit Industrial Grinding Wheels ,Foundry & Casting Works,TYROLITIN,434 Industrial Tooling Way,Cincinnati,45202,US,EN,+5-461-5845288,sales@tyrolit.industrial.grindi.com,52-7732683,,,2018-04-30
0000000692,ZSUB,Oerlikon Balzers Surface Hardening ,Automotive Parts Wing,OERLIKONB,69 MIDC Industrial Area Bhosari,Coimbatore,641001,IN,EN,+28-436-7444821,sales@oerlikon.balzers.surface..com,24AAACTR7144C1Z6,,,2016-05-03
0000000693,ZELE,Keyence Precision Optical Sensors 6,,KEYENCEPR,361 Sanand Industrial Zone,Bengaluru,560001,IN,EN,+69-954-9558707,sales@keyence.precision.optical.com,24AAACTD2258V1Z1,,,2018-09-15
0000000694,ZSUB,Aalberts Surface Technologies Plati,,AALBERTSS,228 GIDC Vatva Industrial Park,Munich,80331,DE,DE,+51-586-2138090,sales@aalberts.surface.technolo.com,DE781854003,,,2019-04-17
0000000695,ZELE,Lapp Group Industrial Cable Systems,Foundry & Casting Works,LAPPGROUP,34 Zona Industrial Norte,Birmingham,B1 1AA,GB,EN,+64-611-6099612,sales@lapp.group.industrial.cab.com,GB919051780,,,2023-10-06
0000000696,ZELE,Keyence Precision Optical Sensors 6,Automotive Parts Wing,KEYENCEPR,70 Industrial Tooling Way,Ahmedabad,380001,IN,EN,+12-515-5834543,sales@keyence.precision.optical.com,24AAACTC6409O1Z3,,,2018-04-01
0000000697,ZCMP,Parker Hannifin Fluid Connectors 69,,PARKERHAN,196 Ambattur Industrial Estate,Gurugram,122001,IN,EN,+60-127-8639265,sales@parker.hannifin.fluid.con.com,06AAACTP4445O1Z9,,,2017-07-19
0000000698,ZSUB,Hardchrome Industrial Plating Works,,HARDCHROME,228 Gewerbepark West,Sheffield,S1 1AA,GB,EN,+17-950-5964343,sales@hardchrome.industrial.pla.com,GB212732923,,,2023-10-30
0000000699,ZCMP,Swagelok Fluid System Components 69,Surface Coating Div,SWAGELOKF,158 Gewerbepark West,Pittsburgh,15201,US,EN,+71-240-7874442,sales@swagelok.fluid.system.com.com,11-4767839,,,2018-01-22
0000000700,ZCMP,Sundram Fasteners Automotive Ltd 70,Foundry & Casting Works,SUNDRAMFA,243 Foundry Lane,Tokyo,100-0001,JP,JA,+76-750-5936322,sales@sundram.fasteners.automot.com,JP20377311,,,2023-01-20
0000000701,ZELE,Banner Engineering Safety Sensors 7,Surface Coating Div,BANNERENG,337 Die & Mold Drive,Cleveland,44101,US,EN,+56-666-3637867,sales@banner.engineering.safety.com,83-9597718,,,2017-03-21
0000000702,ZCMP,Maersk Industrial Container Shippin,,MAERSKIND,439 GIDC Vatva Industrial Park,Hanover,30159,DE,DE,+17-553-3269223,sales@maersk.industrial.contain.com,DE694856455,,,2019-04-08
0000000703,ZELE,Mitsubishi Electric Industrial CNC ,Job-Work Division,MITSUBISHI,358 Assembly Boulevard,Cincinnati,45202,US,EN,+68-657-2379801,sales@mitsubishi.electric.indus.com,40-1956811,,,2017-09-02
0000000704,ZMET,Tata Steel Heavy Tubular Products 7,,TATASTEEL,414 Foundry Lane,Stockholm,111 20,SE,JA,+57-680-1947390,sales@tata.steel.heavy.tubular..com,SE43506747,,,2017-05-11
0000000705,ZMRO,Saint-Gobain Abrasives & Ceramics 7,,SAINTGOBA,265 Automotive Corridor Phase 2,Pune,411001,IN,EN,+96-151-5989008,sales@saintgobain.abrasives.and.com,29AAACTL1638T1Z8,,,2023-10-17
0000000706,ZSUB,Anodize Engineering Job-Work Servic,,ANODIZEEN,325 Die & Mold Drive,Cincinnati,45202,US,EN,+42-577-1780216,sales@anodize.engineering.jobwo.com,16-6180659,,,2016-12-24
0000000707,ZELE,Fanuc Robotics & CNC Controllers 70,,FANUCROBO,176 Siemensstraße,Coimbatore,641001,IN,EN,+13-891-6864110,sales@fanuc.robotics.and.cnc.co.com,33AAACTL5619I1Z5,,,2016-04-12
0000000708,ZCMP,Festo Industrial Pneumatic Valves 7,Surface Coating Div,FESTOINDU,336 Peenya Industrial Area,Mannheim,68161,DE,DE,+56-749-9572950,sales@festo.industrial.pneumati.com,DE638628110,,,2017-04-03
0000000709,ZMET,Alcoa Aluminum Extrusions Corp 709,,ALCOAALUM,323 Engineering Way,Stuttgart,70173,DE,DE,+13-822-3237611,sales@alcoa.aluminum.extrusions.com,DE662398898,,,2022-05-31
0000000710,ZSUB,Henkel Surface Technologies Bonderi,,HENKELSUR,307 Parque Industrial Monterrey,Pune,411001,IN,EN,+86-814-3203111,sales@henkel.surface.technologi.com,29AAACTY8580J1Z3,,,2020-09-24
0000000711,ZCMP,SMC Pneumatics & Automation 711,,SMCPNEUMA,65 Ambattur Industrial Estate,Sandviken,811 30,SE,JA,+70-577-7632804,sales@smc.pneumatics.and.automa.com,SE68657376,,,2020-08-11
0000000712,ZCMP,Garlock Sealing Technologies 712,,GARLOCKSE,185 Industrial Tooling Way,Gothenburg,411 01,SE,JA,+86-750-4018475,sales@garlock.sealing.technolog.com,SE58365968,,,2018-11-25
0000000713,ZELE,Banner Engineering Safety Sensors 7,,BANNERENG,198 Sanand Industrial Zone,Nagoya,460-0001,JP,JA,+51-526-3140225,sales@banner.engineering.safety.com,JP23520689,,,2019-08-18
0000000714,ZELE,Turck Industrial Proximity Sensors ,Automotive Parts Wing,TURCKINDU,215 Foundry Lane,Guadalajara,44100,MX,ES,+49-227-4042050,sales@turck.industrial.proximit.com,BEG249775R83,,,2016-07-25
0000000715,ZCMP,SKF Industrial Bearings & Seals 715,,SKFINDUST,270 Automotive Corridor Phase 2,Akron,44301,US,EN,+92-998-9969400,sales@skf.industrial.bearings.a.com,55-3678841,,,2022-06-15
0000000716,ZMET,Sandvik Materials Technology AB 716,Foundry & Casting Works,SANDVIKMA,250 Engineering Way,Pittsburgh,15201,US,EN,+13-788-3837297,sales@sandvik.materials.technol.com,24-1196817,,,2017-07-27
0000000717,ZCMP,THK Precision Linear Guides 717,,THKPRECIS,294 Parque Industrial Monterrey,Düsseldorf,40213,DE,DE,+18-728-5701305,sales@thk.precision.linear.guid.com,DE542164905,,,2017-01-14
0000000718,ZMET,Kalyani Forgings & Metallurgy 718,,KALYANIFO,185 Automotive Corridor Phase 2,Ulsan,44000,KR,JA,+74-983-3553147,sales@kalyani.forgings.and.meta.com,KR29531912,,,2023-01-28
0000000719,ZCMP,Swagelok Fluid System Components 71,Job-Work Division,SWAGELOKF,302 Peenya Industrial Area,Stuttgart,70173,DE,DE,+8-274-2669642,sales@swagelok.fluid.system.com.com,DE482067484,,,2020-04-18
0000000720,ZELE,Schneider Electric Industrial Contr,Automotive Parts Wing,SCHNEIDER,130 Foundry Lane,Detroit,48201,US,EN,+4-488-8259182,sales@schneider.electric.indust.com,97-6766921,,,2020-01-28
0000000721,ZSUB,Oerlikon Balzers Surface Hardening ,Automotive Parts Wing,OERLIKONB,151 MIDC Industrial Area Bhosari,Pune,411001,IN,EN,+36-178-4299263,sales@oerlikon.balzers.surface..com,24AAACTD5131Z1Z5,,,2018-05-06
0000000722,ZSUB,Aalberts Surface Technologies Plati,Automotive Parts Wing,AALBERTSS,67 Parque Industrial Monterrey,Saltillo,25000,MX,ES,+21-865-1520408,sales@aalberts.surface.technolo.com,QHK635557Q54,,,2018-11-21
0000000723,ZCMP,Sundram Fasteners Automotive Ltd 72,,SUNDRAMFA,73 Zona Industrial Norte,Jamshedpur,831001,IN,EN,+96-983-7883698,sales@sundram.fasteners.automot.com,27AAACTP4184R1Z3,,,2018-04-27
0000000724,ZELE,WAGO Industrial Interconnection 724,,WAGOINDUS,295 Ambattur Industrial Estate,Akron,44301,US,EN,+99-848-4995939,sales@wago.industrial.interconn.com,75-3752457,,,2023-09-04
0000000725,ZCMP,VRL Industrial Logistics Fleet 725,,VRLINDUST,373 Die & Mold Drive,Coventry,CV1 1AA,GB,EN,+69-466-1543879,sales@vrl.industrial.logistics..com,GB628321270,,,2018-08-31
0000000726,ZCMP,THK Precision Linear Guides 726,Foundry & Casting Works,THKPRECIS,310 Peenya Industrial Area,Incheon,21000,KR,JA,+10-699-1555019,sales@thk.precision.linear.guid.com,KR53735788,,,2020-11-11
0000000727,ZSUB,Supercut Wire EDM Machining Jobwork,Automotive Parts Wing,SUPERCUTW,223 Industriestraße,Stuttgart,70173,DE,DE,+67-752-7880353,sales@supercut.wire.edm.machini.com,DE718197404,,,2018-12-06
0000000728,ZCMP,VRL Industrial Logistics Fleet 728,,VRLINDUST,443 Daimlerstraße,Ahmedabad,380001,IN,EN,+95-559-3329578,sales@vrl.industrial.logistics..com,24AAACTN6752M1Z8,,,2016-05-29
0000000729,ZSUB,Aalberts Surface Technologies Plati,Foundry & Casting Works,AALBERTSS,200 Foundry Lane,Mannheim,68161,DE,DE,+88-191-3505160,sales@aalberts.surface.technolo.com,DE690982100,,,2020-10-28
0000000730,ZMRO,Klüber Lubrication High Temp Grease,Tooling Engineering Unit,KLÜBERLUB,184 Automotive Corridor Phase 2,Nashik,422001,IN,EN,+93-316-9446540,sales@klüber.lubrication.high.t.com,24AAACTW8353C1Z7,,,2018-10-21
0000000731,ZELE,Banner Engineering Safety Sensors 7,Tooling Engineering Unit,BANNERENG,171 Zona Industrial Norte,Leeds,LS1 1BA,GB,EN,+5-228-5422338,sales@banner.engineering.safety.com,GB754559590,,,2022-09-25
0000000732,ZMRO,Saint-Gobain Abrasives & Ceramics 7,Job-Work Division,SAINTGOBA,399 Siemensstraße,Mannheim,68161,DE,DE,+93-748-4422125,sales@saintgobain.abrasives.and.com,DE771843428,,,2020-09-11
0000000733,ZMET,Outokumpu Stainless Special Alloys ,,OUTOKUMPU,211 Gewerbepark West,Munich,80331,DE,DE,+80-124-4665438,sales@outokumpu.stainless.speci.com,DE405353753,,,2022-03-10
0000000734,ZMET,Bharat Forge Precision Machining 73,Automotive Parts Wing,BHARATFOR,450 Automotive Corridor Phase 2,Hanover,30159,DE,DE,+90-117-8349785,sales@bharat.forge.precision.ma.com,DE124146748,,,2022-03-08
0000000735,ZCMP,Bossard Industrial Fasteners & Bolt,,BOSSARDIN,42 Ambattur Industrial Estate,Chicago,60601,US,EN,+44-201-1755501,sales@bossard.industrial.fasten.com,11-3294858,,,2017-12-13
0000000736,ZMRO,Seco Tools High Feed Milling 736,,SECOTOOLS,48 Parque Industrial Monterrey,Saltillo,25000,MX,ES,+69-753-6946636,sales@seco.tools.high.feed.mill.com,GEH780269H77,,,2017-09-13
0000000737,ZMRO,Klüber Lubrication High Temp Grease,,KLÜBERLUB,96 MIDC Industrial Area Bhosari,Ahmedabad,380001,IN,EN,+69-228-8496486,sales@klüber.lubrication.high.t.com,33AAACTH4569A1Z4,,,2016-01-29
0000000738,ZMRO,Mobil Industrial Gear Oils & Grease,,MOBILINDU,233 Manufacturing Parkway,Nashik,422001,IN,EN,+41-343-7849827,sales@mobil.industrial.gear.oil.com,29AAACTC6684K1Z3,,,2019-01-21
0000000739,ZMRO,Saint-Gobain Abrasives & Ceramics 7,,SAINTGOBA,376 Industriestraße,Düsseldorf,40213,DE,DE,+47-108-7486251,sales@saintgobain.abrasives.and.com,DE391599868,,,2023-04-19
0000000740,ZCMP,Swagelok Fluid System Components 74,Foundry & Casting Works,SWAGELOKF,156 Parque Industrial Monterrey,Leeds,LS1 1BA,GB,EN,+83-737-5872091,sales@swagelok.fluid.system.com.com,GB300983316,,,2021-11-29
0000000741,ZELE,Mitsubishi Electric Industrial CNC ,,MITSUBISHI,399 Automotive Corridor Phase 2,Chicago,60601,US,EN,+81-484-6965026,sales@mitsubishi.electric.indus.com,17-5093083,,,2017-01-02
0000000742,ZMET,POSCO Steel Plate & Coil 742,Job-Work Division,POSCOSTEE,269 Engineering Way,Indianapolis,46201,US,EN,+37-114-7054781,sales@posco.steel.plate.and.coi.com,96-9165216,,,2016-11-02
0000000743,ZCMP,Yuken Hydraulic Vane Pumps 743,,YUKENHYDR,211 Sanand Industrial Zone,Hanover,30159,DE,DE,+73-538-2267624,sales@yuken.hydraulic.vane.pump.com,DE692842046,,,2016-05-16
0000000744,ZCMP,Freudenberg Sealing Technologies 74,Tooling Engineering Unit,FREUDENBER,118 Manufacturing Parkway,Chennai,600001,IN,EN,+54-361-7284491,sales@freudenberg.sealing.techn.com,06AAACTQ5775O1Z2,,,2024-02-05
0000000745,ZCMP,Festo Industrial Pneumatic Valves 7,,FESTOINDU,302 Automotive Corridor Phase 2,Frankfurt,60311,DE,DE,+33-300-9057692,sales@festo.industrial.pneumati.com,DE814969769,,,2024-03-04
0000000746,ZSUB,Henkel Surface Technologies Bonderi,Automotive Parts Wing,HENKELSUR,230 Manufacturing Parkway,Chicago,60601,US,EN,+67-993-9535604,sales@henkel.surface.technologi.com,38-3686379,,,2024-03-10
0000000747,ZMRO,Sandvik Coromant Cutting Tools 747,,SANDVIKCO,9 Parque Industrial Monterrey,Düsseldorf,40213,DE,DE,+22-263-8059511,sales@sandvik.coromant.cutting..com,DE744395921,,,2023-05-08
0000000748,ZCMP,Norgren Industrial Pneumatics 748,Automotive Parts Wing,NORGRENIN,356 Zona Industrial Norte,Nuremberg,90402,DE,DE,+53-723-2588388,sales@norgren.industrial.pneuma.com,DE212725291,,,2021-01-23
0000000749,ZELE,Rockwell Automation Allen-Bradley 7,,ROCKWELLA,133 Gewerbepark West,Coimbatore,641001,IN,EN,+68-548-3067302,sales@rockwell.automation.allen.com,24AAACTE7734Z1Z4,,,2016-10-06
0000000750,ZSUB,Anodize Engineering Job-Work Servic,,ANODIZEEN,333 Sanand Industrial Zone,Coimbatore,641001,IN,EN,+49-869-9998513,sales@anodize.engineering.jobwo.com,06AAACTX6579G1Z4,,,2017-10-22
0000000751,ZCMP,Schaeffler Technologies AG & Co 751,,SCHAEFFLER,201 Assembly Boulevard,Milwaukee,53201,US,EN,+75-495-2826384,sales@schaeffler.technologies.a.com,34-4433703,,,2022-03-25
0000000752,ZELE,Banner Engineering Safety Sensors 7,Machining Plant 2,BANNERENG,168 Zona Industrial Norte,Gurugram,122001,IN,EN,+29-183-2330839,sales@banner.engineering.safety.com,27AAACTA5750X1Z9,,,2020-03-23
0000000753,ZCMP,Schaeffler Technologies AG & Co 753,,SCHAEFFLER,16 Peenya Industrial Area,Querétaro,76000,MX,ES,+61-854-4131192,sales@schaeffler.technologies.a.com,NSC160721N98,,,2016-09-27
0000000754,ZMRO,Klüber Lubrication High Temp Grease,,KLÜBERLUB,27 Industrial Tooling Way,Chennai,600001,IN,EN,+46-735-6390797,sales@klüber.lubrication.high.t.com,27AAACTD2377N1Z8,,,2023-07-25
0000000755,ZELE,Phoenix Contact Terminal Blocks 755,,PHOENIXCO,99 Daimlerstraße,Tokyo,100-0001,JP,JA,+62-892-8632141,sales@phoenix.contact.terminal..com,JP48894467,,,2020-10-12
0000000756,ZMET,Thyssenkrupp Materials Services Gmb,,THYSSENKRU,398 Manufacturing Parkway,Jamshedpur,831001,IN,EN,+14-981-9974777,sales@thyssenkrupp.materials.se.com,29AAACTZ9155Z1Z4,,,2018-05-07
0000000757,ZMET,ArcelorMittal Precision Tubing Euro,Tooling Engineering Unit,ARCELORMIT,419 Industriestraße,Coventry,CV1 1AA,GB,EN,+63-497-2383529,sales@arcelormittal.precision.t.com,GB241024957,,,2021-12-11
0000000758,ZMRO,Mobil Industrial Gear Oils & Grease,Automotive Parts Wing,MOBILINDU,5 Automotive Corridor Phase 2,Nashik,422001,IN,EN,+22-388-4021025,sales@mobil.industrial.gear.oil.com,27AAACTU5569N1Z3,,,2019-11-24
0000000759,ZCMP,Yuken Hydraulic Vane Pumps 759,,YUKENHYDR,21 Automotive Corridor Phase 2,Coimbatore,641001,IN,EN,+37-501-6531578,sales@yuken.hydraulic.vane.pump.com,33AAACTO5178V1Z3,,,2023-05-15
0000000760,ZMRO,Kennametal Carbide Tooling Systems ,,KENNAMETAL,198 Peenya Industrial Area,Essen,45127,DE,DE,+78-507-8831381,sales@kennametal.carbide.toolin.com,DE609898844,,,2020-10-03
0000000761,ZMRO,Sandvik Coromant Cutting Tools 761,,SANDVIKCO,25 Industrial Tooling Way,Düsseldorf,40213,DE,DE,+29-562-9368697,sales@sandvik.coromant.cutting..com,DE482036152,,,2020-08-14
0000000762,ZMRO,Dormer Pramet Indexable Inserts 762,,DORMERPRA,186 Industrial Tooling Way,Hanover,30159,DE,DE,+26-756-4589272,sales@dormer.pramet.indexable.i.com,DE331211991,,,2017-03-29
0000000763,ZCMP,Renold Industrial Transmission Chai,,RENOLDIND,221 Gewerbepark West,Cleveland,44101,US,EN,+14-283-1578333,sales@renold.industrial.transmi.com,96-8239199,,,2021-04-10
0000000764,ZCMP,Kuehne + Nagel Heavy Project Cargo ,,KUEHNE+N,8 Automotive Corridor Phase 2,Düsseldorf,40213,DE,DE,+71-683-3893537,sales@kuehne.+.nagel.heavy.proj.com,DE727676215,,,2017-03-24
0000000765,ZELE,Banner Engineering Safety Sensors 7,,BANNERENG,168 GIDC Vatva Industrial Park,Pittsburgh,15201,US,EN,+7-210-7518681,sales@banner.engineering.safety.com,90-6906524,,,2020-12-13
0000000766,ZMET,Sandvik Materials Technology AB 766,Machining Plant 2,SANDVIKMA,129 Siemensstraße,Munich,80331,DE,DE,+79-841-8432658,sales@sandvik.materials.technol.com,DE958891317,,,2016-04-10
0000000767,ZMET,Tata Steel Heavy Tubular Products 7,,TATASTEEL,75 Sanand Industrial Zone,Gurugram,122001,IN,EN,+30-691-6793948,sales@tata.steel.heavy.tubular..com,29AAACTY8383F1Z5,,,2020-12-04
0000000768,ZCMP,Freudenberg Sealing Technologies 76,,FREUDENBER,211 Peenya Industrial Area,Stuttgart,70173,DE,DE,+84-534-1490907,sales@freudenberg.sealing.techn.com,DE835168850,,,2018-01-11
0000000769,ZMRO,Castrol Industrial Metalworking Flu,,CASTROLIN,403 Sanand Industrial Zone,Mannheim,68161,DE,DE,+97-407-5791116,sales@castrol.industrial.metalw.com,DE224086408,,,2019-08-03
0000000770,ZELE,Lapp Group Industrial Cable Systems,,LAPPGROUP,289 Gewerbepark West,Essen,45127,DE,DE,+46-753-8934532,sales@lapp.group.industrial.cab.com,DE845674998,,,2023-03-21
0000000771,ZMET,Sandvik Materials Technology AB 771,Automotive Parts Wing,SANDVIKMA,203 Zona Industrial Norte,Cleveland,44101,US,EN,+4-186-2528890,sales@sandvik.materials.technol.com,40-7040801,,,2023-04-02
0000000772,ZCMP,Norgren Industrial Pneumatics 772,Foundry & Casting Works,NORGRENIN,94 Engineering Way,Essen,45127,DE,DE,+30-164-7281513,sales@norgren.industrial.pneuma.com,DE665142848,,,2021-10-11
0000000773,ZMET,Thyssenkrupp Materials Services Gmb,,THYSSENKRU,221 Sanand Industrial Zone,Chennai,600001,IN,EN,+87-824-7349875,sales@thyssenkrupp.materials.se.com,29AAACTT4924S1Z2,,,2019-10-10
0000000774,ZCMP,HIWIN Linear Motion Guides 774,,HIWINLINE,400 Industrial Tooling Way,Detroit,48201,US,EN,+54-562-5319064,sales@hiwin.linear.motion.guide.com,98-3895065,,,2017-07-23
0000000775,ZCMP,SKF Industrial Bearings & Seals 775,Foundry & Casting Works,SKFINDUST,284 Siemensstraße,Nuremberg,90402,DE,DE,+28-898-5888719,sales@skf.industrial.bearings.a.com,DE634158660,,,2018-07-26
0000000776,ZSUB,Lasertech CNC Laser Cutting & Bendi,,LASERTECH,197 Foundry Lane,Nashik,422001,IN,EN,+96-652-1381341,sales@lasertech.cnc.laser.cutti.com,24AAACTI2732G1Z6,,,2016-05-03
0000000777,ZMRO,Kyocera Cutting Tools Europe 777,Foundry & Casting Works,KYOCERACU,406 Assembly Boulevard,Milwaukee,53201,US,EN,+16-385-3554772,sales@kyocera.cutting.tools.eur.com,39-1999047,,,2019-11-26
0000000778,ZMRO,Tyrolit Industrial Grinding Wheels ,Job-Work Division,TYROLITIN,232 Parque Industrial Monterrey,Essen,45127,DE,DE,+20-440-9234316,sales@tyrolit.industrial.grindi.com,DE154222246,,,2018-01-29
0000000779,ZMRO,Iscar Carbide Metalworking Tools 77,Tooling Engineering Unit,ISCARCARB,249 GIDC Vatva Industrial Park,Yokohama,220-0001,JP,JA,+47-167-6751442,sales@iscar.carbide.metalworkin.com,JP10935635,,,2019-07-10
0000000780,ZSUB,Lasertech CNC Laser Cutting & Bendi,,LASERTECH,220 Sanand Industrial Zone,Cincinnati,45202,US,EN,+6-453-9156747,sales@lasertech.cnc.laser.cutti.com,82-1551714,,,2017-02-24
0000000781,ZELE,Yaskawa Motoman Industrial Robots 7,,YASKAWAMO,208 Foundry Lane,Bengaluru,560001,IN,EN,+18-141-5091003,sales@yaskawa.motoman.industria.com,29AAACTP3899D1Z4,,,2016-01-14
0000000782,ZMET,POSCO Steel Plate & Coil 782,Surface Coating Div,POSCOSTEE,35 Siemensstraße,Wolverhampton,WV1 1AA,GB,EN,+10-412-3168774,sales@posco.steel.plate.and.coi.com,GB817163297,,,2023-10-08
0000000783,ZMRO,Kyocera Cutting Tools Europe 783,Machining Plant 2,KYOCERACU,135 Daimlerstraße,Chennai,600001,IN,EN,+42-786-5942024,sales@kyocera.cutting.tools.eur.com,27AAACTT4940Q1Z9,,,2020-10-27
0000000784,ZCMP,Schaeffler Technologies AG & Co 784,Machining Plant 2,SCHAEFFLER,305 MIDC Industrial Area Bhosari,Jamshedpur,831001,IN,EN,+66-344-3871578,sales@schaeffler.technologies.a.com,24AAACTE7320D1Z4,,,2021-06-29
0000000785,ZCMP,THK Precision Linear Guides 785,,THKPRECIS,70 Die & Mold Drive,Birmingham,B1 1AA,GB,EN,+42-868-6465948,sales@thk.precision.linear.guid.com,GB693092590,,,2021-05-25
0000000786,ZSUB,Lasertech CNC Laser Cutting & Bendi,,LASERTECH,135 Manufacturing Parkway,Pune,411001,IN,EN,+90-958-2313061,sales@lasertech.cnc.laser.cutti.com,33AAACTH2056R1Z5,,,2017-03-31
0000000787,ZCMP,Kuehne + Nagel Heavy Project Cargo ,,KUEHNE+N,44 Zona Industrial Norte,Tokyo,100-0001,JP,JA,+98-979-2352862,sales@kuehne.+.nagel.heavy.proj.com,JP52535657,,,2017-03-20
0000000788,ZSUB,Lasertech CNC Laser Cutting & Bendi,,LASERTECH,425 Parque Industrial Monterrey,Bengaluru,560001,IN,EN,+70-822-7313589,sales@lasertech.cnc.laser.cutti.com,06AAACTN4341S1Z9,,,2023-04-04
0000000789,ZELE,Phoenix Contact Terminal Blocks 789,Automotive Parts Wing,PHOENIXCO,324 Peenya Industrial Area,Ahmedabad,380001,IN,EN,+78-632-8312151,sales@phoenix.contact.terminal..com,33AAACTE2714D1Z2,,,2019-02-18
0000000790,ZMRO,Tyrolit Industrial Grinding Wheels ,Machining Plant 2,TYROLITIN,380 Sanand Industrial Zone,Yokohama,220-0001,JP,JA,+22-453-5096975,sales@tyrolit.industrial.grindi.com,JP24948986,,,2016-09-06
0000000791,ZSUB,Aalberts Surface Technologies Plati,Job-Work Division,AALBERTSS,404 Siemensstraße,Cologne,50667,DE,DE,+42-689-7365669,sales@aalberts.surface.technolo.com,DE616033567,,,2019-02-05
0000000792,ZELE,Keyence Precision Optical Sensors 7,,KEYENCEPR,414 Automotive Corridor Phase 2,Milwaukee,53201,US,EN,+88-406-6643208,sales@keyence.precision.optical.com,87-7630366,,,2017-11-25
0000000793,ZCMP,Hydac Technology Hydraulic Filters ,,HYDACTECH,117 MIDC Industrial Area Bhosari,Coimbatore,641001,IN,EN,+33-497-3381879,sales@hydac.technology.hydrauli.com,06AAACTJ4902R1Z7,,,2023-05-18
0000000794,ZCMP,NSK Precision Ball Screws & Linear ,,NSKPRECIS,176 Parque Industrial Monterrey,Chicago,60601,US,EN,+92-734-4788655,sales@nsk.precision.ball.screws.com,79-6547840,,,2019-10-12
0000000795,ZCMP,TCI Freight Heavy Haulage Division ,,TCIFREIGH,439 Gewerbepark West,Nashik,422001,IN,EN,+7-426-7066217,sales@tci.freight.heavy.haulage.com,33AAACTZ9031B1Z9,,,2023-02-15
0000000796,ZCMP,Trelleborg Industrial Engineered Se,,TRELLEBORG,309 GIDC Vatva Industrial Park,Leeds,LS1 1BA,GB,EN,+73-903-1272441,sales@trelleborg.industrial.eng.com,GB870015870,,,2022-07-18
0000000797,ZCMP,Schaeffler Technologies AG & Co 797,,SCHAEFFLER,408 Foundry Lane,Indianapolis,46201,US,EN,+40-282-3072826,sales@schaeffler.technologies.a.com,12-3203424,,,2021-12-19
0000000798,ZCMP,MinebeaMitsumi Precision Components,Machining Plant 2,MINEBEAMIT,314 Engineering Way,Manchester,M1 1AD,GB,EN,+3-906-9046248,sales@minebeamitsumi.precision..com,GB880777213,,,2023-05-02
0000000799,ZMRO,Sandvik Coromant Cutting Tools 799,,SANDVIKCO,80 Manufacturing Parkway,Gurugram,122001,IN,EN,+45-198-1998670,sales@sandvik.coromant.cutting..com,33AAACTR8529M1Z6,,,2023-06-18
0000000800,ZCMP,Hydac Technology Hydraulic Filters ,,HYDACTECH,437 Die & Mold Drive,Nagoya,460-0001,JP,JA,+11-440-3144176,sales@hydac.technology.hydrauli.com,JP51173256,,,2021-03-16
0000000801,ZSUB,Bodycote Thermal Processing & Nitri,,BODYCOTET,5 Sanand Industrial Zone,Ahmedabad,380001,IN,EN,+74-520-6518191,sales@bodycote.thermal.processi.com,27AAACTB4779B1Z3,,,2017-06-22
0000000802,ZMRO,Klüber Lubrication High Temp Grease,Job-Work Division,KLÜBERLUB,244 Parque Industrial Monterrey,Cologne,50667,DE,DE,+27-808-3382610,sales@klüber.lubrication.high.t.com,DE719665413,,,2022-04-18
0000000803,ZCMP,THK Precision Linear Guides 803,Automotive Parts Wing,THKPRECIS,99 Parque Industrial Monterrey,Bengaluru,560001,IN,EN,+81-319-8546805,sales@thk.precision.linear.guid.com,06AAACTT7238B1Z3,,,2018-10-23
0000000804,ZCMP,SKF Industrial Bearings & Seals 804,Surface Coating Div,SKFINDUST,95 Industrial Tooling Way,Birmingham,B1 1AA,GB,EN,+9-513-6985151,sales@skf.industrial.bearings.a.com,GB660299694,,,2022-03-29
0000000805,ZCMP,Renold Industrial Transmission Chai,,RENOLDIND,279 Engineering Way,Frankfurt,60311,DE,DE,+22-530-9458264,sales@renold.industrial.transmi.com,DE812039794,,,2019-08-28
0000000806,ZELE,Yaskawa Motoman Industrial Robots 8,Foundry & Casting Works,YASKAWAMO,190 Siemensstraße,Essen,45127,DE,DE,+14-122-4568057,sales@yaskawa.motoman.industria.com,DE243458985,,,2023-10-13
0000000807,ZMET,Alcoa Aluminum Extrusions Corp 807,,ALCOAALUM,426 Parque Industrial Monterrey,Cologne,50667,DE,DE,+11-772-9335295,sales@alcoa.aluminum.extrusions.com,DE584632298,,,2021-09-04
0000000808,ZCMP,Norgren Industrial Pneumatics 808,,NORGRENIN,81 MIDC Industrial Area Bhosari,Hanover,30159,DE,DE,+49-586-9893720,sales@norgren.industrial.pneuma.com,DE742102066,,,2021-05-03
0000000809,ZMRO,Walter Industrial Milling Tools 809,,WALTERIND,443 Assembly Boulevard,Jamshedpur,831001,IN,EN,+30-613-5539325,sales@walter.industrial.milling.com,33AAACTQ5492T1Z7,,,2016-06-30
0000000810,ZCMP,TCI Freight Heavy Haulage Division ,,TCIFREIGH,219 Siemensstraße,Düsseldorf,40213,DE,DE,+42-304-8570728,sales@tci.freight.heavy.haulage.com,DE151463920,,,2018-06-19
0000000811,ZELE,Fanuc Robotics & CNC Controllers 81,,FANUCROBO,414 Industriestraße,Chennai,600001,IN,EN,+82-614-2675241,sales@fanuc.robotics.and.cnc.co.com,24AAACTR6491F1Z6,,,2021-08-01
0000000812,ZELE,Omron Industrial Automation Sensors,,OMRONINDU,33 Engineering Way,Ahmedabad,380001,IN,EN,+25-262-5831264,sales@omron.industrial.automati.com,24AAACTG6624N1Z7,,,2020-01-15
0000000813,ZCMP,Timken Roller Bearings Industrial 8,,TIMKENROL,139 MIDC Industrial Area Bhosari,Yokohama,220-0001,JP,JA,+98-993-4049270,sales@timken.roller.bearings.in.com,JP62881807,,,2016-02-26
0000000814,ZCMP,Danfoss Power Solutions Hydraulics ,,DANFOSSPO,310 Automotive Corridor Phase 2,Gothenburg,411 01,SE,JA,+57-536-6447315,sales@danfoss.power.solutions.h.com,SE56623378,,,2023-11-01
0000000815,ZMRO,Saint-Gobain Abrasives & Ceramics 8,,SAINTGOBA,28 Sanand Industrial Zone,Pittsburgh,15201,US,EN,+46-990-3041311,sales@saintgobain.abrasives.and.com,94-7672416,,,2018-09-12
0000000816,ZSUB,Supercut Wire EDM Machining Jobwork,,SUPERCUTW,226 Zona Industrial Norte,Munich,80331,DE,DE,+51-106-3269738,sales@supercut.wire.edm.machini.com,DE322833776,,,2016-01-22
0000000817,ZMET,Alcoa Aluminum Extrusions Corp 817,,ALCOAALUM,54 Siemensstraße,Pune,411001,IN,EN,+59-719-6528402,sales@alcoa.aluminum.extrusions.com,29AAACTQ7828C1Z5,,,2018-07-23
0000000818,ZMET,Ramkrishna Forgings Industrial Div ,,RAMKRISHNA,215 Engineering Way,Saltillo,25000,MX,ES,+80-256-8875426,sales@ramkrishna.forgings.indus.com,QKC772365Y49,,,2019-10-13
0000000819,ZCMP,VRL Industrial Logistics Fleet 819,,VRLINDUST,38 Foundry Lane,Faridabad,121001,IN,EN,+80-786-5137033,sales@vrl.industrial.logistics..com,06AAACTJ4426M1Z6,,,2018-08-08
0000000820,ZCMP,SKF Industrial Bearings & Seals 820,,SKFINDUST,20 Industrial Tooling Way,Nuremberg,90402,DE,DE,+90-445-7917865,sales@skf.industrial.bearings.a.com,DE130777583,,,2021-05-10
0000000821,ZMET,Bharat Forge Precision Machining 82,,BHARATFOR,336 MIDC Industrial Area Bhosari,Cincinnati,45202,US,EN,+30-755-4596586,sales@bharat.forge.precision.ma.com,56-4737050,,,2016-01-30
0000000822,ZCMP,HIWIN Linear Motion Guides 822,,HIWINLINE,75 Manufacturing Parkway,Saltillo,25000,MX,ES,+70-215-6335854,sales@hiwin.linear.motion.guide.com,RWO856136Y34,,,2016-07-20
0000000823,ZELE,WAGO Industrial Interconnection 823,,WAGOINDUS,325 Parque Industrial Monterrey,Sandviken,811 30,SE,JA,+12-973-7002482,sales@wago.industrial.interconn.com,SE64576914,,,2018-11-11
0000000824,ZELE,Mitsubishi Electric Industrial CNC ,Automotive Parts Wing,MITSUBISHI,74 Automotive Corridor Phase 2,Munich,80331,DE,DE,+40-947-8035805,sales@mitsubishi.electric.indus.com,DE778622075,,,2023-04-21
0000000825,ZCMP,Swagelok Fluid System Components 82,,SWAGELOKF,117 Daimlerstraße,Munich,80331,DE,DE,+19-136-4682209,sales@swagelok.fluid.system.com.com,DE394724115,,,2022-12-06
0000000826,ZMRO,Dormer Pramet Indexable Inserts 826,,DORMERPRA,273 Parque Industrial Monterrey,Chennai,600001,IN,EN,+59-764-8760169,sales@dormer.pramet.indexable.i.com,29AAACTZ5707W1Z3,,,2016-10-15
0000000827,ZCMP,Sundram Fasteners Automotive Ltd 82,,SUNDRAMFA,371 Sanand Industrial Zone,Pittsburgh,15201,US,EN,+78-420-1187151,sales@sundram.fasteners.automot.com,17-8575263,,,2020-10-01
0000000828,ZCMP,Freudenberg Sealing Technologies 82,,FREUDENBER,367 GIDC Vatva Industrial Park,Essen,45127,DE,DE,+79-763-5853279,sales@freudenberg.sealing.techn.com,DE916861661,,,2021-05-20
0000000829,ZMRO,Fuchs Lubricants Industrial Cutting,,FUCHSLUBR,137 Parque Industrial Monterrey,Munich,80331,DE,DE,+32-697-6284354,sales@fuchs.lubricants.industri.com,DE230768062,,,2021-12-27
0000000830,ZCMP,MinebeaMitsumi Precision Components,,MINEBEAMIT,140 Foundry Lane,Düsseldorf,40213,DE,DE,+9-587-7999553,sales@minebeamitsumi.precision..com,DE182158934,,,2018-04-09
0000000831,ZSUB,Electrocoat Precision Finishing Ltd,Job-Work Division,ELECTROCOA,40 Zona Industrial Norte,Essen,45127,DE,DE,+72-931-2927295,sales@electrocoat.precision.fin.com,DE169136946,,,2022-12-20
0000000832,ZELE,ABB Motion & Industrial Drives 832,Automotive Parts Wing,ABBMOTION,302 Zona Industrial Norte,Bengaluru,560001,IN,EN,+23-534-3975397,sales@abb.motion.and.industrial.com,33AAACTT6914Q1Z6,,,2020-04-29
0000000833,ZCMP,SKF Industrial Bearings & Seals 833,,SKFINDUST,407 Peenya Industrial Area,Detroit,48201,US,EN,+67-587-6839780,sales@skf.industrial.bearings.a.com,94-3830542,,,2016-03-04
0000000834,ZMRO,Walter Industrial Milling Tools 834,,WALTERIND,334 Industrial Tooling Way,Hanover,30159,DE,DE,+50-926-1014562,sales@walter.industrial.milling.com,DE137820302,,,2022-08-16
0000000835,ZCMP,Renold Industrial Transmission Chai,,RENOLDIND,355 Manufacturing Parkway,Chennai,600001,IN,EN,+51-903-3660547,sales@renold.industrial.transmi.com,06AAACTZ6347A1Z3,,,2021-08-07
0000000836,ZELE,Banner Engineering Safety Sensors 8,,BANNERENG,389 Industriestraße,Gurugram,122001,IN,EN,+66-696-9901882,sales@banner.engineering.safety.com,06AAACTG7121X1Z2,,,2020-09-16
0000000837,ZMRO,Seco Tools High Feed Milling 837,Foundry & Casting Works,SECOTOOLS,198 Siemensstraße,Cologne,50667,DE,DE,+11-723-5558976,sales@seco.tools.high.feed.mill.com,DE234888731,,,2017-02-17
0000000838,ZCMP,Garlock Sealing Technologies 838,,GARLOCKSE,440 Industrial Tooling Way,Detroit,48201,US,EN,+78-212-4682426,sales@garlock.sealing.technolog.com,99-1924523,,,2017-08-19
0000000839,ZMRO,Iscar Carbide Metalworking Tools 83,Surface Coating Div,ISCARCARB,16 Automotive Corridor Phase 2,Nuremberg,90402,DE,DE,+15-321-4004238,sales@iscar.carbide.metalworkin.com,DE363699361,,,2022-10-11
0000000840,ZCMP,Garlock Sealing Technologies 840,,GARLOCKSE,432 Daimlerstraße,Coventry,CV1 1AA,GB,EN,+67-935-3607780,sales@garlock.sealing.technolog.com,GB462340129,,,2016-09-04
0000000841,ZMRO,3M Industrial Safety & PPE Systems ,,3MINDUSTR,313 GIDC Vatva Industrial Park,Gurugram,122001,IN,EN,+16-344-3161941,sales@3m.industrial.safety.and..com,33AAACTB5496I1Z7,,,2023-04-03
0000000842,ZELE,WAGO Industrial Interconnection 842,,WAGOINDUS,333 Manufacturing Parkway,Faridabad,121001,IN,EN,+8-670-5919003,sales@wago.industrial.interconn.com,06AAACTD6855M1Z3,,,2021-08-08
0000000843,ZMRO,3M Industrial Safety & PPE Systems ,Job-Work Division,3MINDUSTR,63 Industriestraße,Faridabad,121001,IN,EN,+48-178-4574589,sales@3m.industrial.safety.and..com,24AAACTP5961H1Z4,,,2021-06-20
0000000844,ZELE,Lapp Group Industrial Cable Systems,,LAPPGROUP,225 Gewerbepark West,Leeds,LS1 1BA,GB,EN,+52-397-8130575,sales@lapp.group.industrial.cab.com,GB246061451,,,2017-11-23
0000000845,ZCMP,Hydac Technology Hydraulic Filters ,,HYDACTECH,28 GIDC Vatva Industrial Park,Coimbatore,641001,IN,EN,+58-917-6264320,sales@hydac.technology.hydrauli.com,06AAACTP2355E1Z8,,,2021-09-11
0000000846,ZCMP,Parker Hannifin Fluid Connectors 84,,PARKERHAN,99 Ambattur Industrial Estate,Busan,48000,KR,JA,+98-245-5134460,sales@parker.hannifin.fluid.con.com,KR79488222,,,2017-06-02
0000000847,ZCMP,Maersk Industrial Container Shippin,,MAERSKIND,27 Sanand Industrial Zone,Querétaro,76000,MX,ES,+62-540-2822724,sales@maersk.industrial.contain.com,GFI182990L48,,,2019-06-30
0000000848,ZMET,Alcoa Aluminum Extrusions Corp 848,,ALCOAALUM,56 Ambattur Industrial Estate,Chicago,60601,US,EN,+63-523-8701755,sales@alcoa.aluminum.extrusions.com,65-8976861,,,2023-11-17
0000000849,ZCMP,Kuehne + Nagel Heavy Project Cargo ,,KUEHNE+N,172 Assembly Boulevard,Cleveland,44101,US,EN,+92-972-5389726,sales@kuehne.+.nagel.heavy.proj.com,70-5252636,,,2017-09-12
0000000850,ZELE,Omron Industrial Automation Sensors,,OMRONINDU,91 Daimlerstraße,Nuremberg,90402,DE,DE,+49-340-6212485,sales@omron.industrial.automati.com,DE985056266,,,2023-11-17
0000000851,ZCMP,Sundram Fasteners Automotive Ltd 85,,SUNDRAMFA,50 Ambattur Industrial Estate,Coimbatore,641001,IN,EN,+90-775-5777166,sales@sundram.fasteners.automot.com,06AAACTS7468S1Z4,,,2021-04-22
0000000852,ZMRO,Kyocera Cutting Tools Europe 852,Automotive Parts Wing,KYOCERACU,241 GIDC Vatva Industrial Park,Ahmedabad,380001,IN,EN,+21-779-2450706,sales@kyocera.cutting.tools.eur.com,27AAACTJ6475K1Z1,,,2021-09-12
0000000853,ZCMP,Norgren Industrial Pneumatics 853,,NORGRENIN,320 Peenya Industrial Area,Frankfurt,60311,DE,DE,+12-385-2744199,sales@norgren.industrial.pneuma.com,DE346146814,,,2016-07-23
0000000854,ZMET,Sandvik Materials Technology AB 854,,SANDVIKMA,437 MIDC Industrial Area Bhosari,Nuremberg,90402,DE,DE,+89-284-9437596,sales@sandvik.materials.technol.com,DE141633818,,,2016-10-10
0000000855,ZELE,Omron Industrial Automation Sensors,,OMRONINDU,192 Daimlerstraße,Incheon,21000,KR,JA,+34-852-1085989,sales@omron.industrial.automati.com,KR72097228,,,2021-01-06
0000000856,ZMET,Kalyani Forgings & Metallurgy 856,,KALYANIFO,444 MIDC Industrial Area Bhosari,Faridabad,121001,IN,EN,+4-897-4891533,sales@kalyani.forgings.and.meta.com,33AAACTM9921P1Z1,,,2021-09-13
0000000857,ZSUB,Lasertech CNC Laser Cutting & Bendi,Machining Plant 2,LASERTECH,23 GIDC Vatva Industrial Park,Coimbatore,641001,IN,EN,+18-947-4743655,sales@lasertech.cnc.laser.cutti.com,06AAACTZ5112F1Z4,,,2016-05-28
0000000858,ZMRO,Walter Industrial Milling Tools 858,,WALTERIND,177 Foundry Lane,Pittsburgh,15201,US,EN,+12-476-1243598,sales@walter.industrial.milling.com,69-5559752,,,2023-09-30
0000000859,ZCMP,Danfoss Power Solutions Hydraulics ,Machining Plant 2,DANFOSSPO,353 Automotive Corridor Phase 2,Ulsan,44000,KR,JA,+35-473-3861225,sales@danfoss.power.solutions.h.com,KR39916552,,,2017-02-02
0000000860,ZMET,Kalyani Forgings & Metallurgy 860,,KALYANIFO,337 Parque Industrial Monterrey,Wolverhampton,WV1 1AA,GB,EN,+41-922-5659086,sales@kalyani.forgings.and.meta.com,GB356213776,,,2018-01-19
0000000861,ZCMP,Blue Dart Express Industrial Cargo ,Foundry & Casting Works,BLUEDART,95 Siemensstraße,Coventry,CV1 1AA,GB,EN,+82-655-2303733,sales@blue.dart.express.industr.com,GB294993268,,,2020-12-12
0000000862,ZMRO,Fuchs Lubricants Industrial Cutting,,FUCHSLUBR,213 Siemensstraße,Frankfurt,60311,DE,DE,+33-145-9391546,sales@fuchs.lubricants.industri.com,DE785504185,,,2017-08-03
0000000863,ZSUB,PPG Industrial Coatings & E-Coat 86,,PPGINDUST,328 Parque Industrial Monterrey,Nashik,422001,IN,EN,+98-191-3719346,sales@ppg.industrial.coatings.a.com,27AAACTV3324M1Z2,,,2022-01-26
0000000864,ZMRO,Iscar Carbide Metalworking Tools 86,,ISCARCARB,436 GIDC Vatva Industrial Park,Gurugram,122001,IN,EN,+20-428-2815158,sales@iscar.carbide.metalworkin.com,24AAACTL1097L1Z7,,,2019-03-03
0000000865,ZMET,Jindal Stainless Structural Product,,JINDALSTA,94 Industriestraße,Pittsburgh,15201,US,EN,+25-576-9273392,sales@jindal.stainless.structur.com,63-7497212,,,2018-10-10
0000000866,ZMRO,Sandvik Coromant Cutting Tools 866,,SANDVIKCO,424 Automotive Corridor Phase 2,Ahmedabad,380001,IN,EN,+43-111-1511140,sales@sandvik.coromant.cutting..com,33AAACTF4507G1Z7,,,2016-02-26
0000000867,ZELE,Siemens Factory Automation & Drives,,SIEMENSFA,104 Parque Industrial Monterrey,Milwaukee,53201,US,EN,+74-980-8410098,sales@siemens.factory.automatio.com,26-6508172,,,2019-09-19
0000000868,ZSUB,Hardchrome Industrial Plating Works,Surface Coating Div,HARDCHROME,6 Die & Mold Drive,Akron,44301,US,EN,+97-105-4586717,sales@hardchrome.industrial.pla.com,68-8535300,,,2019-03-04
0000000869,ZMRO,Castrol Industrial Metalworking Flu,,CASTROLIN,8 GIDC Vatva Industrial Park,Chennai,600001,IN,EN,+40-504-4113853,sales@castrol.industrial.metalw.com,33AAACTP4261H1Z7,,,2017-07-21
0000000870,ZELE,Banner Engineering Safety Sensors 8,,BANNERENG,398 Assembly Boulevard,Hanover,30159,DE,DE,+23-797-9593392,sales@banner.engineering.safety.com,DE798388719,,,2018-08-17
0000000871,ZMRO,Sandvik Coromant Cutting Tools 871,,SANDVIKCO,184 Siemensstraße,Cologne,50667,DE,DE,+52-994-3400975,sales@sandvik.coromant.cutting..com,DE996645976,,,2020-09-12
0000000872,ZMRO,Walter Industrial Milling Tools 872,,WALTERIND,323 Siemensstraße,Coventry,CV1 1AA,GB,EN,+36-653-3284594,sales@walter.industrial.milling.com,GB752000517,,,2019-12-28
0000000873,ZCMP,VRL Industrial Logistics Fleet 873,Automotive Parts Wing,VRLINDUST,325 GIDC Vatva Industrial Park,Pune,411001,IN,EN,+73-304-4259078,sales@vrl.industrial.logistics..com,24AAACTL8479L1Z7,,,2017-03-08
0000000874,ZCMP,Yuken Hydraulic Vane Pumps 874,,YUKENHYDR,411 Die & Mold Drive,Essen,45127,DE,DE,+7-593-3501506,sales@yuken.hydraulic.vane.pump.com,DE608299203,,,2018-03-30
0000000875,ZMRO,Guhring Precision Drills & Taps 875,Automotive Parts Wing,GUHRINGPR,117 Ambattur Industrial Estate,Chennai,600001,IN,EN,+15-217-4872006,sales@guhring.precision.drills..com,33AAACTV3024I1Z4,,,2019-11-21
0000000876,ZSUB,Hardchrome Industrial Plating Works,,HARDCHROME,192 Industrial Tooling Way,Pune,411001,IN,EN,+20-243-6533483,sales@hardchrome.industrial.pla.com,06AAACTI4638J1Z7,,,2021-06-28
0000000877,ZMET,Sandvik Materials Technology AB 877,Job-Work Division,SANDVIKMA,324 Gewerbepark West,Munich,80331,DE,DE,+71-950-2661323,sales@sandvik.materials.technol.com,DE267372249,,,2023-12-28
0000000878,ZCMP,Garlock Sealing Technologies 878,,GARLOCKSE,307 Daimlerstraße,Nuremberg,90402,DE,DE,+3-193-6074640,sales@garlock.sealing.technolog.com,DE529945823,,,2021-08-27
0000000879,ZCMP,MinebeaMitsumi Precision Components,,MINEBEAMIT,213 Sanand Industrial Zone,Osaka,530-0001,JP,JA,+9-442-6866685,sales@minebeamitsumi.precision..com,JP70087774,,,2017-02-28
0000000880,ZMRO,Fuchs Lubricants Industrial Cutting,,FUCHSLUBR,51 GIDC Vatva Industrial Park,Detroit,48201,US,EN,+91-343-2150301,sales@fuchs.lubricants.industri.com,89-9485723,,,2021-08-22
0000000881,ZELE,Sick AG Industrial LiDAR & Vision 8,,SICKAGIN,24 Automotive Corridor Phase 2,Akron,44301,US,EN,+26-587-9978602,sales@sick.ag.industrial.lidar..com,69-6291763,,,2020-01-15
0000000882,ZELE,Turck Industrial Proximity Sensors ,,TURCKINDU,123 Sanand Industrial Zone,Akron,44301,US,EN,+12-894-4500374,sales@turck.industrial.proximit.com,88-6444072,,,2018-04-08
0000000883,ZELE,Banner Engineering Safety Sensors 8,Tooling Engineering Unit,BANNERENG,16 Die & Mold Drive,Coventry,CV1 1AA,GB,EN,+90-735-3766422,sales@banner.engineering.safety.com,GB418525366,,,2021-12-03
0000000884,ZMET,SSAB Swedish Steel Heavy Plate 884,,SSABSWEDI,234 Foundry Lane,Jamshedpur,831001,IN,EN,+88-975-9489167,sales@ssab.swedish.steel.heavy..com,24AAACTY7172Q1Z7,,,2022-07-02
0000000885,ZSUB,Henkel Surface Technologies Bonderi,,HENKELSUR,252 Peenya Industrial Area,Milwaukee,53201,US,EN,+50-998-6726084,sales@henkel.surface.technologi.com,73-1508081,,,2020-07-26
0000000886,ZELE,Yaskawa Motoman Industrial Robots 8,Automotive Parts Wing,YASKAWAMO,47 Industriestraße,Bengaluru,560001,IN,EN,+71-915-7984846,sales@yaskawa.motoman.industria.com,27AAACTZ6123B1Z6,,,2021-11-27
0000000887,ZCMP,Parker Hannifin Fluid Connectors 88,,PARKERHAN,93 Sanand Industrial Zone,Querétaro,76000,MX,ES,+58-351-4054539,sales@parker.hannifin.fluid.con.com,AAT875399H25,,,2020-01-06
0000000888,ZELE,Schneider Electric Industrial Contr,Automotive Parts Wing,SCHNEIDER,279 Industriestraße,Mannheim,68161,DE,DE,+44-306-8726358,sales@schneider.electric.indust.com,DE256921996,,,2022-07-11
0000000889,ZCMP,MinebeaMitsumi Precision Components,,MINEBEAMIT,304 Siemensstraße,Manchester,M1 1AD,GB,EN,+29-823-7137599,sales@minebeamitsumi.precision..com,GB202531971,,,2022-03-25
0000000890,ZMRO,3M Industrial Safety & PPE Systems ,,3MINDUSTR,87 Manufacturing Parkway,Nuremberg,90402,DE,DE,+60-945-2515111,sales@3m.industrial.safety.and..com,DE775015096,,,2018-08-26
0000000891,ZCMP,SMC Pneumatics & Automation 891,,SMCPNEUMA,160 Manufacturing Parkway,Bengaluru,560001,IN,EN,+21-339-5019376,sales@smc.pneumatics.and.automa.com,29AAACTW2719O1Z9,,,2022-06-20
0000000892,ZSUB,Hardchrome Industrial Plating Works,,HARDCHROME,253 Die & Mold Drive,Nashik,422001,IN,EN,+67-847-9391123,sales@hardchrome.industrial.pla.com,29AAACTE7814A1Z4,,,2021-02-24
0000000893,ZCMP,HIWIN Linear Motion Guides 893,Foundry & Casting Works,HIWINLINE,278 Ambattur Industrial Estate,Cologne,50667,DE,DE,+29-719-3510868,sales@hiwin.linear.motion.guide.com,DE140245398,,,2022-05-04
0000000894,ZMRO,Mobil Industrial Gear Oils & Grease,,MOBILINDU,160 GIDC Vatva Industrial Park,Cologne,50667,DE,DE,+28-362-1940599,sales@mobil.industrial.gear.oil.com,DE292554342,,,2018-12-02
0000000895,ZSUB,PPG Industrial Coatings & E-Coat 89,,PPGINDUST,59 Foundry Lane,Ahmedabad,380001,IN,EN,+4-979-8989638,sales@ppg.industrial.coatings.a.com,06AAACTL7870U1Z5,,,2018-03-01
0000000896,ZSUB,Aalberts Surface Technologies Plati,,AALBERTSS,61 Sanand Industrial Zone,Wolverhampton,WV1 1AA,GB,EN,+60-329-3151551,sales@aalberts.surface.technolo.com,GB431311328,,,2023-10-20
0000000897,ZSUB,Lasertech CNC Laser Cutting & Bendi,,LASERTECH,53 MIDC Industrial Area Bhosari,Chennai,600001,IN,EN,+55-260-6819528,sales@lasertech.cnc.laser.cutti.com,33AAACTO7200M1Z3,,,2022-06-26
0000000898,ZMRO,Castrol Industrial Metalworking Flu,Job-Work Division,CASTROLIN,326 Daimlerstraße,Nuremberg,90402,DE,DE,+2-334-2764066,sales@castrol.industrial.metalw.com,DE531836525,,,2023-07-19
0000000899,ZMET,Thyssenkrupp Materials Services Gmb,,THYSSENKRU,353 Industrial Tooling Way,Nashik,422001,IN,EN,+54-991-1416049,sales@thyssenkrupp.materials.se.com,33AAACTT1227X1Z2,,,2017-02-01
0000000900,ZMRO,Iscar Carbide Metalworking Tools 90,,ISCARCARB,441 Daimlerstraße,Essen,45127,DE,DE,+20-788-4957421,sales@iscar.carbide.metalworkin.com,DE132107223,,,2018-02-21
0000000901,ZMRO,Mobil Industrial Gear Oils & Grease,Job-Work Division,MOBILINDU,358 Zona Industrial Norte,Gurugram,122001,IN,EN,+81-329-7407287,sales@mobil.industrial.gear.oil.com,29AAACTD8138J1Z3,,,2020-07-11
0000000902,ZMRO,Iscar Carbide Metalworking Tools 90,,ISCARCARB,40 Engineering Way,Jamshedpur,831001,IN,EN,+29-417-7227993,sales@iscar.carbide.metalworkin.com,33AAACTU4838K1Z6,,,2019-10-23
0000000903,ZCMP,Schaeffler Technologies AG & Co 903,,SCHAEFFLER,125 Zona Industrial Norte,Coimbatore,641001,IN,EN,+52-964-8781394,sales@schaeffler.technologies.a.com,24AAACTS5211L1Z3,,,2023-11-09
0000000904,ZSUB,Henkel Surface Technologies Bonderi,,HENKELSUR,444 Sanand Industrial Zone,Bengaluru,560001,IN,EN,+26-348-6478533,sales@henkel.surface.technologi.com,33AAACTC5300Z1Z9,,,2019-12-09
0000000905,ZCMP,DB Schenker Heavy Machinery Freight,,DBSCHENKE,32 MIDC Industrial Area Bhosari,Cincinnati,45202,US,EN,+40-177-4245104,sales@db.schenker.heavy.machine.com,70-4395684,,,2023-10-27
0000000906,ZSUB,Aalberts Surface Technologies Plati,,AALBERTSS,153 Manufacturing Parkway,Jamshedpur,831001,IN,EN,+38-569-7021898,sales@aalberts.surface.technolo.com,06AAACTY1420W1Z1,,,2020-05-12
0000000907,ZMRO,Walter Industrial Milling Tools 907,,WALTERIND,443 Gewerbepark West,Gurugram,122001,IN,EN,+80-393-6904466,sales@walter.industrial.milling.com,33AAACTQ2664I1Z2,,,2020-04-20
0000000908,ZCMP,Garlock Sealing Technologies 908,,GARLOCKSE,97 Industrial Tooling Way,Coimbatore,641001,IN,EN,+79-297-7179164,sales@garlock.sealing.technolog.com,06AAACTX1733G1Z6,,,2023-10-18
0000000909,ZELE,Sick AG Industrial LiDAR & Vision 9,,SICKAGIN,59 Sanand Industrial Zone,Mannheim,68161,DE,DE,+70-969-6476441,sales@sick.ag.industrial.lidar..com,DE174242135,,,2020-01-08
0000000910,ZCMP,Parker Hannifin Fluid Connectors 91,Automotive Parts Wing,PARKERHAN,301 Parque Industrial Monterrey,Guadalajara,44100,MX,ES,+60-825-7257646,sales@parker.hannifin.fluid.con.com,FMM644684Y51,,,2022-06-10
0000000911,ZMRO,Guhring Precision Drills & Taps 911,,GUHRINGPR,346 Sanand Industrial Zone,Faridabad,121001,IN,EN,+59-796-4169974,sales@guhring.precision.drills..com,06AAACTH1939R1Z4,,,2021-07-08
0000000912,ZCMP,Kuehne + Nagel Heavy Project Cargo ,Job-Work Division,KUEHNE+N,24 Daimlerstraße,Hanover,30159,DE,DE,+19-707-8656245,sales@kuehne.+.nagel.heavy.proj.com,DE928188643,,,2016-11-06
0000000913,ZCMP,Schaeffler Technologies AG & Co 913,Job-Work Division,SCHAEFFLER,181 Manufacturing Parkway,Hanover,30159,DE,DE,+33-842-4109125,sales@schaeffler.technologies.a.com,DE962860283,,,2020-11-03
0000000914,ZCMP,DB Schenker Heavy Machinery Freight,,DBSCHENKE,225 Manufacturing Parkway,Pune,411001,IN,EN,+43-294-2891796,sales@db.schenker.heavy.machine.com,24AAACTH2890H1Z5,,,2018-02-19
0000000915,ZELE,Keyence Precision Optical Sensors 9,,KEYENCEPR,206 GIDC Vatva Industrial Park,Cleveland,44101,US,EN,+1-481-1910841,sales@keyence.precision.optical.com,27-7870590,,,2023-07-31
0000000916,ZCMP,Eaton Hydraulics & Hose Assemblies ,,EATONHYDR,255 Industrial Tooling Way,Gurugram,122001,IN,EN,+61-724-3902007,sales@eaton.hydraulics.and.hose.com,24AAACTR3858G1Z3,,,2016-11-06
0000000917,ZCMP,Yuken Hydraulic Vane Pumps 917,,YUKENHYDR,45 Foundry Lane,Nashik,422001,IN,EN,+38-303-7055511,sales@yuken.hydraulic.vane.pump.com,06AAACTD9396F1Z4,,,2017-02-02
0000000918,ZELE,Schneider Electric Industrial Contr,,SCHNEIDER,435 Zona Industrial Norte,Saltillo,25000,MX,ES,+49-447-8440360,sales@schneider.electric.indust.com,PYF391019H71,,,2018-07-19
0000000919,ZCMP,SMC Pneumatics & Automation 919,Tooling Engineering Unit,SMCPNEUMA,64 Ambattur Industrial Estate,Querétaro,76000,MX,ES,+18-224-7736822,sales@smc.pneumatics.and.automa.com,BWP999681A88,,,2018-07-31
0000000920,ZSUB,Bodycote Thermal Processing & Nitri,Automotive Parts Wing,BODYCOTET,214 Parque Industrial Monterrey,Akron,44301,US,EN,+28-292-8474437,sales@bodycote.thermal.processi.com,97-8854655,,,2017-09-22
0000000921,ZSUB,Electrocoat Precision Finishing Ltd,,ELECTROCOA,330 Daimlerstraße,Stuttgart,70173,DE,DE,+69-595-8519043,sales@electrocoat.precision.fin.com,DE255562392,,,2020-02-07
0000000922,ZELE,Banner Engineering Safety Sensors 9,Foundry & Casting Works,BANNERENG,314 Manufacturing Parkway,Düsseldorf,40213,DE,DE,+29-907-1808248,sales@banner.engineering.safety.com,DE439518068,,,2018-02-22
0000000923,ZMET,Bharat Forge Precision Machining 92,,BHARATFOR,52 Peenya Industrial Area,Nashik,422001,IN,EN,+74-688-8750969,sales@bharat.forge.precision.ma.com,33AAACTM8044V1Z7,,,2019-09-18
0000000924,ZSUB,Bodycote Thermal Processing & Nitri,,BODYCOTET,301 Siemensstraße,Düsseldorf,40213,DE,DE,+31-997-6854680,sales@bodycote.thermal.processi.com,DE256432543,,,2023-01-25
0000000925,ZCMP,Norgren Industrial Pneumatics 925,,NORGRENIN,131 Industrial Tooling Way,Gurugram,122001,IN,EN,+13-686-7580635,sales@norgren.industrial.pneuma.com,33AAACTC1809W1Z7,,,2023-12-13
0000000926,ZSUB,Electrocoat Precision Finishing Ltd,Machining Plant 2,ELECTROCOA,2 Engineering Way,Cleveland,44101,US,EN,+18-646-4530501,sales@electrocoat.precision.fin.com,69-3815329,,,2022-06-01
0000000927,ZELE,Keyence Precision Optical Sensors 9,,KEYENCEPR,314 Ambattur Industrial Estate,Sheffield,S1 1AA,GB,EN,+70-814-7294823,sales@keyence.precision.optical.com,GB288954726,,,2023-01-24
0000000928,ZELE,Schneider Electric Industrial Contr,,SCHNEIDER,403 Die & Mold Drive,Pune,411001,IN,EN,+26-874-2918837,sales@schneider.electric.indust.com,29AAACTU7738B1Z7,,,2022-12-21
0000000929,ZMET,Voestalpine High Performance Metals,Tooling Engineering Unit,VOESTALPIN,135 Parque Industrial Monterrey,Cincinnati,45202,US,EN,+4-161-5714594,sales@voestalpine.high.performa.com,13-5129480,,,2017-10-06
0000000930,ZCMP,DHL Global Forwarding Heavy Cargo 9,,DHLGLOBAL,229 Parque Industrial Monterrey,Querétaro,76000,MX,ES,+68-999-2826648,sales@dhl.global.forwarding.hea.com,RBW338399L36,,,2019-06-23
0000000931,ZSUB,Lasertech CNC Laser Cutting & Bendi,Foundry & Casting Works,LASERTECH,15 Peenya Industrial Area,Bengaluru,560001,IN,EN,+8-788-7686424,sales@lasertech.cnc.laser.cutti.com,33AAACTQ2413H1Z2,,,2021-10-03
0000000932,ZSUB,Supercut Wire EDM Machining Jobwork,,SUPERCUTW,59 Engineering Way,Birmingham,B1 1AA,GB,EN,+70-297-5332302,sales@supercut.wire.edm.machini.com,GB104117052,,,2020-02-07
0000000933,ZCMP,Würth Industry Assembly Components ,Foundry & Casting Works,WÜRTHINDU,399 Manufacturing Parkway,Jamshedpur,831001,IN,EN,+35-561-4805891,sales@würth.industry.assembly.c.com,06AAACTR8733Z1Z3,,,2021-09-22
0000000934,ZCMP,Yuken Hydraulic Vane Pumps 934,,YUKENHYDR,219 Industriestraße,Cologne,50667,DE,DE,+15-765-1243624,sales@yuken.hydraulic.vane.pump.com,DE751360647,,,2018-12-03
0000000935,ZSUB,Electrocoat Precision Finishing Ltd,,ELECTROCOA,383 Parque Industrial Monterrey,Jamshedpur,831001,IN,EN,+54-684-1427629,sales@electrocoat.precision.fin.com,06AAACTW8388N1Z4,,,2017-11-30
0000000936,ZELE,Yaskawa Motoman Industrial Robots 9,,YASKAWAMO,9 Foundry Lane,Jamshedpur,831001,IN,EN,+85-594-1891108,sales@yaskawa.motoman.industria.com,33AAACTJ5884T1Z6,,,2018-03-17
0000000937,ZCMP,Trelleborg Industrial Engineered Se,,TRELLEBORG,178 Industrial Tooling Way,Gurugram,122001,IN,EN,+25-786-6229330,sales@trelleborg.industrial.eng.com,29AAACTS3070H1Z3,,,2018-06-29
0000000938,ZMET,POSCO Steel Plate & Coil 938,Surface Coating Div,POSCOSTEE,18 Industrial Tooling Way,Pune,411001,IN,EN,+19-777-5850613,sales@posco.steel.plate.and.coi.com,33AAACTF6596G1Z5,,,2024-02-23
0000000939,ZELE,ABB Motion & Industrial Drives 939,,ABBMOTION,222 Manufacturing Parkway,Bengaluru,560001,IN,EN,+42-661-7530362,sales@abb.motion.and.industrial.com,27AAACTS3095E1Z3,,,2016-10-22
0000000940,ZSUB,Bodycote Thermal Processing & Nitri,,BODYCOTET,287 Ambattur Industrial Estate,Chennai,600001,IN,EN,+20-500-5852452,sales@bodycote.thermal.processi.com,33AAACTS1726V1Z4,,,2017-01-06
0000000941,ZSUB,Electrocoat Precision Finishing Ltd,,ELECTROCOA,189 Industrial Tooling Way,Hanover,30159,DE,DE,+49-582-6343062,sales@electrocoat.precision.fin.com,DE451020536,,,2020-04-08
0000000942,ZCMP,Norgren Industrial Pneumatics 942,Surface Coating Div,NORGRENIN,208 Daimlerstraße,Leeds,LS1 1BA,GB,EN,+38-511-7733759,sales@norgren.industrial.pneuma.com,GB439737552,,,2018-11-07
0000000943,ZCMP,Schaeffler Technologies AG & Co 943,,SCHAEFFLER,406 Siemensstraße,Incheon,21000,KR,JA,+23-244-4542723,sales@schaeffler.technologies.a.com,KR20000157,,,2017-04-07
0000000944,ZMRO,Tyrolit Industrial Grinding Wheels ,Tooling Engineering Unit,TYROLITIN,431 Peenya Industrial Area,Jamshedpur,831001,IN,EN,+60-584-4511518,sales@tyrolit.industrial.grindi.com,24AAACTA9231E1Z1,,,2020-01-19
0000000945,ZSUB,Electrocoat Precision Finishing Ltd,Machining Plant 2,ELECTROCOA,317 GIDC Vatva Industrial Park,Cologne,50667,DE,DE,+41-195-1825085,sales@electrocoat.precision.fin.com,DE893798218,,,2017-08-27
0000000946,ZCMP,NSK Precision Ball Screws & Linear ,,NSKPRECIS,291 Zona Industrial Norte,Milwaukee,53201,US,EN,+30-329-3551357,sales@nsk.precision.ball.screws.com,36-3458440,,,2022-04-15
0000000947,ZSUB,Henkel Surface Technologies Bonderi,Machining Plant 2,HENKELSUR,218 Zona Industrial Norte,Pune,411001,IN,EN,+93-116-4909605,sales@henkel.surface.technologi.com,29AAACTY7684J1Z8,,,2023-02-14
0000000948,ZMET,Bohler Special Steels Europe 948,Machining Plant 2,BOHLERSPE,426 Ambattur Industrial Estate,Ahmedabad,380001,IN,EN,+69-443-2065392,sales@bohler.special.steels.eur.com,27AAACTO8605C1Z1,,,2022-02-19
0000000949,ZMRO,Klüber Lubrication High Temp Grease,,KLÜBERLUB,48 GIDC Vatva Industrial Park,Gurugram,122001,IN,EN,+37-210-4068495,sales@klüber.lubrication.high.t.com,24AAACTT9730Z1Z9,,,2017-10-14
0000000950,ZSUB,Bodycote Thermal Processing & Nitri,,BODYCOTET,110 Automotive Corridor Phase 2,Cologne,50667,DE,DE,+53-537-2259574,sales@bodycote.thermal.processi.com,DE160191595,,,2023-01-20
0000000951,ZSUB,Hardchrome Industrial Plating Works,,HARDCHROME,267 Foundry Lane,Jamshedpur,831001,IN,EN,+24-876-2618792,sales@hardchrome.industrial.pla.com,24AAACTI8626T1Z8,,,2021-08-23
0000000952,ZELE,Schneider Electric Industrial Contr,,SCHNEIDER,365 Gewerbepark West,Gurugram,122001,IN,EN,+86-823-2820877,sales@schneider.electric.indust.com,24AAACTO5255G1Z3,,,2021-11-05
0000000953,ZSUB,Henkel Surface Technologies Bonderi,,HENKELSUR,391 Die & Mold Drive,Indianapolis,46201,US,EN,+71-151-9181191,sales@henkel.surface.technologi.com,31-4409019,,,2016-01-11
0000000954,ZSUB,Lasertech CNC Laser Cutting & Bendi,,LASERTECH,93 Peenya Industrial Area,Nagoya,460-0001,JP,JA,+7-387-6398668,sales@lasertech.cnc.laser.cutti.com,JP99759588,,,2021-01-19
0000000955,ZCMP,Garlock Sealing Technologies 955,,GARLOCKSE,211 Engineering Way,Milwaukee,53201,US,EN,+46-570-6442237,sales@garlock.sealing.technolog.com,89-3442570,,,2020-06-29
0000000956,ZCMP,Bosch Rexroth Industrial Hydraulics,,BOSCHREXR,130 Engineering Way,Frankfurt,60311,DE,DE,+19-278-8433941,sales@bosch.rexroth.industrial..com,DE149447445,,,2022-04-07
0000000957,ZSUB,Anodize Engineering Job-Work Servic,Foundry & Casting Works,ANODIZEEN,25 Industriestraße,Milwaukee,53201,US,EN,+4-615-3007768,sales@anodize.engineering.jobwo.com,66-5636220,,,2017-06-04
0000000958,ZMRO,Seco Tools High Feed Milling 958,,SECOTOOLS,303 Manufacturing Parkway,Faridabad,121001,IN,EN,+76-740-4540213,sales@seco.tools.high.feed.mill.com,06AAACTZ7689Z1Z1,,,2016-07-01
0000000959,ZMRO,Kyocera Cutting Tools Europe 959,,KYOCERACU,118 Foundry Lane,Faridabad,121001,IN,EN,+33-178-1098137,sales@kyocera.cutting.tools.eur.com,27AAACTX6322C1Z2,,,2023-01-17
0000000960,ZMRO,Kyocera Cutting Tools Europe 960,Machining Plant 2,KYOCERACU,262 Gewerbepark West,Cleveland,44101,US,EN,+27-161-4779603,sales@kyocera.cutting.tools.eur.com,76-8669469,,,2019-02-03
0000000961,ZMRO,Iscar Carbide Metalworking Tools 96,Tooling Engineering Unit,ISCARCARB,279 Industrial Tooling Way,Cologne,50667,DE,DE,+34-239-8053377,sales@iscar.carbide.metalworkin.com,DE931547482,,,2016-08-21
0000000962,ZCMP,Parker Hannifin Fluid Connectors 96,Surface Coating Div,PARKERHAN,430 Foundry Lane,Pune,411001,IN,EN,+45-300-4384305,sales@parker.hannifin.fluid.con.com,29AAACTC2177V1Z9,,,2023-02-23
0000000963,ZSUB,Henkel Surface Technologies Bonderi,Automotive Parts Wing,HENKELSUR,432 Sanand Industrial Zone,Hanover,30159,DE,DE,+27-114-5191404,sales@henkel.surface.technologi.com,DE427343525,,,2017-07-17
0000000964,ZMET,POSCO Steel Plate & Coil 964,,POSCOSTEE,250 Ambattur Industrial Estate,Sheffield,S1 1AA,GB,EN,+73-486-7317617,sales@posco.steel.plate.and.coi.com,GB315728890,,,2021-12-22
0000000965,ZCMP,Würth Industry Assembly Components ,,WÜRTHINDU,80 MIDC Industrial Area Bhosari,Nagoya,460-0001,JP,JA,+21-161-5647254,sales@würth.industry.assembly.c.com,JP75027822,,,2014-08-19
0000000966,ZMRO,3M Industrial Safety & PPE Systems ,Automotive Parts Wing,3MINDUSTR,142 Automotive Corridor Phase 2,Bengaluru,560001,IN,EN,+32-521-9152070,sales@3m.industrial.safety.and..com,27AAACTZ6108Y1Z6,,,2014-08-19
0000000967,ZCMP,Sundram Fasteners Automotive Ltd 96,,SUNDRAMFA,342 Sanand Industrial Zone,Coventry,CV1 1AA,GB,EN,+15-668-4170881,sales@sundram.fasteners.automot.com,GB808880223,,,2014-08-19
0000000968,ZELE,Rockwell Automation Allen-Bradley 9,,ROCKWELLA,196 Zona Industrial Norte,Pune,411001,IN,EN,+44-819-1221684,sales@rockwell.automation.allen.com,06AAACTJ9395R1Z6,,,2014-08-19
0000000969,ZMRO,Kennametal Carbide Tooling Systems ,Job-Work Division,KENNAMETAL,402 Zona Industrial Norte,Faridabad,121001,IN,EN,+16-205-2337694,sales@kennametal.carbide.toolin.com,06AAACTZ5194W1Z6,,,2014-08-19
0000000970,ZMRO,Dormer Pramet Indexable Inserts 970,,DORMERPRA,183 MIDC Industrial Area Bhosari,Pittsburgh,15201,US,EN,+22-945-1780573,sales@dormer.pramet.indexable.i.com,71-7505016,,,2014-08-19
0000000971,ZCMP,Freudenberg Sealing Technologies 97,Automotive Parts Wing,FREUDENBER,163 MIDC Industrial Area Bhosari,Cincinnati,45202,US,EN,+73-926-7216742,sales@freudenberg.sealing.techn.com,48-8791706,,,2014-08-19
0000000972,ZCMP,VRL Industrial Logistics Fleet 972,,VRLINDUST,398 Siemensstraße,Nashik,422001,IN,EN,+85-642-4478447,sales@vrl.industrial.logistics..com,06AAACTB6182R1Z9,,,2014-08-19
0000000973,ZCMP,Schaeffler Technologies AG & Co 973,,SCHAEFFLER,12 Ambattur Industrial Estate,Leeds,LS1 1BA,GB,EN,+85-949-7417996,sales@schaeffler.technologies.a.com,GB699427113,,,2014-08-19
0000000974,ZMRO,Saint-Gobain Abrasives & Ceramics 9,,SAINTGOBA,51 GIDC Vatva Industrial Park,Yokohama,220-0001,JP,JA,+5-968-1273799,sales@saintgobain.abrasives.and.com,JP59760070,,,2014-08-19
0000000975,ZMET,SSAB Swedish Steel Heavy Plate 975,Foundry & Casting Works,SSABSWEDI,42 Industriestraße,Monterrey,64000,MX,ES,+85-969-1365695,sales@ssab.swedish.steel.heavy..com,OJC136526W71,,,2014-08-19
0000000976,ZELE,Turck Industrial Proximity Sensors ,,TURCKINDU,186 Automotive Corridor Phase 2,Nashik,422001,IN,EN,+14-903-2140001,sales@turck.industrial.proximit.com,24AAACTY8096G1Z4,,,2014-08-19
0000000977,ZELE,Banner Engineering Safety Sensors 9,,BANNERENG,205 Manufacturing Parkway,Cologne,50667,DE,DE,+61-556-4475946,sales@banner.engineering.safety.com,DE504308527,,,2014-08-19
0000000978,ZMRO,Walter Industrial Milling Tools 978,Automotive Parts Wing,WALTERIND,285 Peenya Industrial Area,Stuttgart,70173,DE,DE,+17-743-4637130,sales@walter.industrial.milling.com,DE582429368,,,2014-08-19
0000000979,ZCMP,Blue Dart Express Industrial Cargo ,Machining Plant 2,BLUEDART,52 Siemensstraße,Ahmedabad,380001,IN,EN,+96-204-9542840,sales@blue.dart.express.industr.com,06AAACTJ3423Y1Z8,,,2014-08-19
0000000980,ZSUB,PPG Industrial Coatings & E-Coat 98,,PPGINDUST,331 Ambattur Industrial Estate,Nashik,422001,IN,EN,+66-865-8356624,sales@ppg.industrial.coatings.a.com,33AAACTZ1373F1Z5,,,2014-08-19
0000000981,ZCMP,Festo Industrial Pneumatic Valves 9,,FESTOINDU,60 Gewerbepark West,Essen,45127,DE,DE,+91-722-8342628,sales@festo.industrial.pneumati.com,DE938191824,,,2014-08-19
0000000982,ZELE,Omron Industrial Automation Sensors,,OMRONINDU,412 Daimlerstraße,Cleveland,44101,US,EN,+58-794-1400515,sales@omron.industrial.automati.com,64-9737976,,,2014-08-19
0000000983,ZMET,ArcelorMittal Precision Tubing Euro,Job-Work Division,ARCELORMIT,91 Siemensstraße,Mannheim,68161,DE,DE,+66-837-7215247,sales@arcelormittal.precision.t.com,DE211234012,,,2014-08-19
0000000984,ZCMP,Hydac Technology Hydraulic Filters ,,HYDACTECH,43 Foundry Lane,Indianapolis,46201,US,EN,+13-375-8772570,sales@hydac.technology.hydrauli.com,63-7982834,,,2014-08-19
0000000985,ZCMP,Swagelok Fluid System Components 98,,SWAGELOKF,200 Engineering Way,Faridabad,121001,IN,EN,+90-398-4640548,sales@swagelok.fluid.system.com.com,33AAACTT7470G1Z4,,,2014-08-19
0000000986,ZCMP,DB Schenker Heavy Machinery Freight,,DBSCHENKE,193 MIDC Industrial Area Bhosari,Jamshedpur,831001,IN,EN,+96-612-2404313,sales@db.schenker.heavy.machine.com,33AAACTR3231J1Z5,,,2014-08-19
0000000987,ZMRO,Mobil Industrial Gear Oils & Grease,,MOBILINDU,391 Daimlerstraße,Bengaluru,560001,IN,EN,+61-510-2355945,sales@mobil.industrial.gear.oil.com,06AAACTY8757S1Z1,,,2014-08-19
0000000988,ZCMP,Bosch Rexroth Industrial Hydraulics,Surface Coating Div,BOSCHREXR,395 GIDC Vatva Industrial Park,Cologne,50667,DE,DE,+33-815-8225809,sales@bosch.rexroth.industrial..com,DE885750194,,,2014-08-19
0000000989,ZCMP,Trelleborg Industrial Engineered Se,Automotive Parts Wing,TRELLEBORG,177 Siemensstraße,Chennai,600001,IN,EN,+21-756-1917360,sales@trelleborg.industrial.eng.com,24AAACTR8517R1Z2,,,2014-08-19
0000000990,ZMRO,Sandvik Coromant Cutting Tools 990,,SANDVIKCO,363 Assembly Boulevard,Jamshedpur,831001,IN,EN,+99-664-1039403,sales@sandvik.coromant.cutting..com,33AAACTM2220A1Z9,,,2014-08-19
0000000991,ZMET,Tata Steel Heavy Tubular Products 9,,TATASTEEL,344 Gewerbepark West,Faridabad,121001,IN,EN,+80-166-8749812,sales@tata.steel.heavy.tubular..com,24AAACTG1736A1Z8,,,2014-08-19
0000000992,ZMET,Bohler Special Steels Europe 992,,BOHLERSPE,232 Foundry Lane,Monterrey,64000,MX,ES,+13-257-2688511,sales@bohler.special.steels.eur.com,SMN758847L24,,,2014-08-19
0000000993,ZCMP,Norgren Industrial Pneumatics 993,,NORGRENIN,375 Engineering Way,Pune,411001,IN,EN,+10-734-7613244,sales@norgren.industrial.pneuma.com,24AAACTW4899Q1Z1,,,2014-08-19
0000000994,ZMRO,Castrol Industrial Metalworking Flu,,CASTROLIN,373 Ambattur Industrial Estate,Faridabad,121001,IN,EN,+11-685-4107516,sales@castrol.industrial.metalw.com,06AAACTZ7954B1Z7,,,2014-08-19
0000000995,ZSUB,Bodycote Thermal Processing & Nitri,,BODYCOTET,295 Die & Mold Drive,Querétaro,76000,MX,ES,+1-808-5410771,sales@bodycote.thermal.processi.com,BES799669M71,,,2021-01-20
0000000996,ZSUB,Oerlikon Balzers Surface Hardening ,,OERLIKONB,347 Parque Industrial Monterrey,Wolverhampton,WV1 1AA,GB,EN,+36-432-6401893,sales@oerlikon.balzers.surface..com,GB737656779,,,2017-03-15
0000000997,ZSUB,Electrocoat Precision Finishing Ltd,Tooling Engineering Unit,ELECTROCOA,45 Peenya Industrial Area,Mannheim,68161,DE,DE,+27-449-6822274,sales@electrocoat.precision.fin.com,DE732756970,,,2022-10-24
0000000998,ZMRO,Fuchs Lubricants Industrial Cutting,Surface Coating Div,FUCHSLUBR,204 Ambattur Industrial Estate,Chicago,60601,US,EN,+95-153-7129008,sales@fuchs.lubricants.industri.com,73-5611582,,,2016-07-10
0000000999,ZSUB,Electrocoat Precision Finishing Ltd,Foundry & Casting Works,ELECTROCOA,373 Industriestraße,Gurugram,122001,IN,EN,+80-790-8371584,sales@electrocoat.precision.fin.com,29AAACTL3906D1Z8,,,2021-08-15
0000001000,ZELE,Turck Industrial Proximity Sensors ,Surface Coating Div,TURCKINDU,314 Assembly Boulevard,Jamshedpur,831001,IN,EN,+69-971-8017815,sales@turck.industrial.proximit.com,06AAACTM3693W1Z7,,,2017-11-13
0000000001,ZSUB,Henkel Surface Technologies Bonderi,Automotive Parts Wing,HENKELSUR,184 Engineering Way,Manchester,M1 1AD,GB,EN,+78-327-5840603,sales@henkel.surface.technologi.com,GB330342282,,,2021-06-11
0000000002,ZCMP,THK Precision Linear Guides,Foundry & Casting Works,THKPRECIS,37 Siemensstraße,Faridabad,121001,IN,EN,+61-905-6469846,sales@thk.precision.linear.guid.com,24AAACTY9803L1Z4,,,2018-09-05
0000000003,ZCMP,Kuehne + Nagel Heavy Project Cargo,,KUEHNE+N,107 Peenya Industrial Area,Indianapolis,46201,US,EN,+15-767-6511844,sales@kuehne.+.nagel.heavy.proj.com,48-4552537,,,2023-06-15
0000000004,ZCMP,Eaton Hydraulics & Hose Assemblies,Job-Work Division,EATONHYDR,118 Assembly Boulevard,Ahmedabad,380001,IN,EN,+13-453-1366853,sales@eaton.hydraulics.and.hose.com,24AAACTA8603G1Z9,,,2020-02-28
0000000005,ZELE,Yaskawa Motoman Industrial Robots,Foundry & Casting Works,YASKAWAMO,18 Assembly Boulevard,Coimbatore,641001,IN,EN,+22-610-9563699,sales@yaskawa.motoman.industria.com,33AAACTM6943U1Z8,,,2019-06-29
0000000006,ZCMP,Freudenberg Sealing Technologies,Surface Coating Div,FREUDENBER,44 Peenya Industrial Area,Detroit,48201,US,EN,+16-792-8727941,sales@freudenberg.sealing.techn.com,78-8420023,,,2023-02-24
0000000007,ZCMP,Timken Roller Bearings Industrial,,TIMKENROL,378 Zona Industrial Norte,Milwaukee,53201,US,EN,+20-419-6663260,sales@timken.roller.bearings.in.com,27-2362659,,,2020-03-16
0000000008,ZMET,SSAB Swedish Steel Heavy Plate,,SSABSWEDI,353 Industrial Tooling Way,Nashik,422001,IN,EN,+20-356-8820194,sales@ssab.swedish.steel.heavy..com,33AAACTI6366C1Z5,,,2018-04-17
0000000009,ZELE,Lapp Group Industrial Cable Systems,Machining Plant 2,LAPPGROUP,126 GIDC Vatva Industrial Park,Jamshedpur,831001,IN,EN,+84-683-1745882,sales@lapp.group.industrial.cab.com,27AAACTA7479T1Z8,,,2019-10-10
0000000010,ZCMP,Bosch Rexroth Industrial Hydraulics,,BOSCHREXR,339 Industriestraße,Akron,44301,US,EN,+43-118-3243979,sales@bosch.rexroth.industrial..com,78-6290906,,,2019-03-26
