LIFNR,KTOKK,NAME1,NAME2,SORTL,STRAS,ORT01,PSTLZ,LAND1,SPRAS,TELF1,SMTP_ADDR,STCD1,LOEVM,SPERM,ERDAT
0000000001,ZSRV,Spirax Sarco Clean Steam Systems,Plant Operations,SPIRAXSAR,251 Central Way,Stuttgart,70173,DE,DE,+95-658-2458591,contact@spirax.sarco.clean.steam..com,DE826600539,,,2022-08-15
0000000002,ZSRV,Nutra-Blend Contract Manufacturing,,NUTRA-BLEN,224 Central Way,Hamburg,20095,DE,DE,+72-303-8038374,contact@nutra-blend.contract.manu.com,DE128492780,,,2018-06-21
0000000003,ZSRV,TreeHouse Private Brands Co-Packing,,TREEHOUSE,778 Agri Park Road,London,EC1A 1BB,GB,EN,+36-259-4612365,contact@treehouse.private.brands..com,GB465341213,,,2019-10-10
0000000004,ZPKG,Sonoco Products Industrial,,SONOCOPRO,368 Gewerbestraße,Hamburg,20095,DE,DE,+6-847-8707870,contact@sonoco.products.industria.com,DE966647391,,,2022-01-05
0000000005,ZPKG,Graphic Packaging International,,GRAPHICPA,81 Freight Terminal Drive,Lausanne,1003,CH,DE,+47-691-4226067,contact@graphic.packaging.interna.com,CH93016315,,,2023-11-25
0000000006,ZPKG,Huhtamaki Foodservice Packaging,,HUHTAMAKI,792 Freight Terminal Drive,Düsseldorf,40213,DE,DE,+13-489-5663623,contact@huhtamaki.foodservice.pac.com,DE349957310,,,2021-01-31
0000000007,ZSRV,Spirax Sarco Clean Steam Systems,Specialty Ingredients Div,SPIRAXSAR,380 Gewerbestraße,Rio de Janeiro,20000-000,BR,PT,+78-750-3871230,contact@spirax.sarco.clean.steam..com,99.799.763/0001-19,,,2021-12-27
0000000008,ZRAW,Roquette Frères Plant Proteins,,ROQUETTEF,277 Central Way,Berlin,10117,DE,DE,+8-334-1538552,contact@roquette.frères.plant.pro.com,DE924970419,,,2019-07-16
0000000009,ZSRV,Hearthside Food Solutions Co-Packin,Logistics Terminal,HEARTHSIDE,936 Harbor Road,Düsseldorf,40213,DE,DE,+83-569-3396987,contact@hearthside.food.solutions.com,DE524806516,,,2018-12-20
0000000010,ZPKG,Klöckner Pentaplast Food Films,,KLÖCKNERP,552 Supply Chain Park,Hanover,30159,DE,DE,+75-508-7073292,contact@klöckner.pentaplast.food..com,DE560027313,,,2018-06-17
0000000011,ZPKG,Klöckner Pentaplast Food Films,,KLÖCKNERP,774 Logistics Boulevard,Atlanta,30303,US,EN,+88-532-2065818,contact@klöckner.pentaplast.food..com,29-3684052,,,2020-04-25
0000000012,ZRAW,Lactalis Food Ingredients,,LACTALISF,542 Supply Chain Park,Leeds,LS1 1BA,GB,EN,+88-838-2921859,contact@lactalis.food.ingredients.com,GB112327652,,,2023-08-24
0000000013,ZSRV,DB Schenker Dedicated Fleet Logisti,,DBSCHENKE,349 Packaging Avenue,Ahmedabad,380001,IN,EN,+93-996-5418934,contact@db.schenker.dedicated.fle.com,27F8433A1Z5,,,2021-08-12
0000000014,ZPKG,Novelis Aluminum Can Sheet,,NOVELISAL,892 Freight Terminal Drive,Atlanta,30303,US,EN,+20-482-3710343,contact@novelis.aluminum.can.shee.com,74-4337174,,,2022-01-18
0000000015,ZSRV,XPO Logistics Ambient & Reefer,Specialty Ingredients Div,XPOLOGIST,501 Industrial Park West,Marseille,13001,FR,FR,+31-159-5041154,contact@xpo.logistics.ambient.and.com,FR51273847,X,,2022-05-12
0000000016,ZPKG,Avery Dennison Label Solutions,,AVERYDENN,836 Factory Lane,Nuremberg,90402,DE,DE,+99-228-3154051,contact@avery.dennison.label.solu.com,DE671988889,X,,2023-05-26
0000000017,ZSRV,KDC/One FMCG Custom Manufacturing,,KDC/ONEFM,272 Route Nationale,Amsterdam,1012,NL,FR,+97-847-4374754,contact@kdc.one.fmcg.custom.manuf.com,NL82383095,X,,2023-12-30
0000000018,ZRAW,Ingredion Modified Food Starches,Distribution Hub,INGREDION,449 Zone Industrielle,New York,10001,US,EN,+3-702-4860684,contact@ingredion.modified.food.s.com,18-6672134,X,,2022-08-07
0000000019,ZRAW,Symrise Taste & Nutrition Solutions,,SYMRISETA,235 Factory Lane,Frankfurt,60311,DE,DE,+10-626-4993055,contact@symrise.taste.and.nutriti.com,DE454794895,X,,2019-02-14
0000000020,ZSRV,Krones Bottling & Canning Machinery,Logistics Terminal,KRONESBOT,136 Avenida Industrial,Philadelphia,19102,US,EN,+13-199-8231838,contact@krones.bottling.and.canni.com,62-4194548,X,,2019-12-22
0000000021,ZSRV,Nutra-Blend Contract Manufacturing,Specialty Ingredients Div,NUTRA-BLEN,690 Packaging Avenue,Chicago,60601,US,EN,+25-294-9997381,contact@nutra-blend.contract.manu.com,23-5171761,X,,2021-01-11
0000000022,ZPKG,Klöckner Pentaplast Food Films,,KLÖCKNERP,474 Central Way,Minneapolis,55401,US,EN,+71-200-1848731,contact@klöckner.pentaplast.food..com,19-8434500,X,,2023-04-25
0000000023,ZSRV,Americold Temperature-Controlled,Logistics Terminal,AMERICOLD,949 Central Way,São Paulo,01000-000,BR,PT,+8-268-7358113,contact@americold.temperature-con.com,71.318.985/0001-61,X,,2016-01-09
0000000024,ZRAW,Fonterra Dairy Commodities,,FONTERRAD,293 Route Nationale,Nuremberg,90402,DE,DE,+72-777-9164991,contact@fonterra.dairy.commoditie.com,DE884374109,X,,2017-09-26
0000000025,ZPKG,Gerresheimer Glass Packaging,,GERRESHEIM,594 Logistics Boulevard,Frankfurt,60311,DE,DE,+7-698-8999183,contact@gerresheimer.glass.packag.com,DE161380746,X,,2021-08-21
0000000026,ZSRV,XPO Logistics Ambient & Reefer,Plant Operations,XPOLOGIST,83 Agri Park Road,Hanover,30159,DE,DE,+31-513-3011363,contact@xpo.logistics.ambient.and.com,DE825003955,X,,2022-05-22
0000000027,ZRAW,Roquette Frères Plant Proteins,,ROQUETTEF,635 Factory Lane,London,EC1A 1BB,GB,EN,+73-635-6307805,contact@roquette.frères.plant.pro.com,GB726713347,X,,2018-12-04
0000000028,ZRAW,Archer Daniels Midland Nutrition,,ARCHERDAN,245 Supply Chain Park,Birmingham,B1 1AA,GB,EN,+83-407-8670955,contact@archer.daniels.midland.nu.com,GB821221887,X,,2019-07-19
0000000029,ZPKG,Alpla Plastic Technologies,,ALPLAPLAS,76 Brewery Street,Hamburg,20095,DE,DE,+45-170-5098412,contact@alpla.plastic.technologie.com,DE242224154,X,,2020-02-22
0000000030,ZRAW,Barentz Food & Nutrition Distributi,,BARENTZFO,721 Freight Terminal Drive,Hanover,30159,DE,DE,+84-641-1131249,contact@barentz.food.and.nutritio.com,DE966616964,X,,2023-06-28
0000000031,ZSRV,HAVI Global Logistics & Supply Chai,,HAVIGLOBA,962 Commerce Way,Hamburg,20095,DE,DE,+96-666-3607983,contact@havi.global.logistics.and.com,DE214929002,X,,2019-01-20
0000000032,ZRAW,Barentz Food & Nutrition Distributi,,BARENTZFO,352 Brewery Street,Glasgow,G1 1AA,GB,EN,+65-600-5213115,contact@barentz.food.and.nutritio.com,GB383450553,X,,2016-07-27
0000000033,ZPKG,Sealed Air Protective Packaging,,SEALEDAIR,46 Industrial Park West,Birmingham,B1 1AA,GB,EN,+82-368-3710895,contact@sealed.air.protective.pac.com,GB240466536,X,,2020-12-14
0000000034,ZSRV,HAVI Global Logistics & Supply Chai,Distribution Hub,HAVIGLOBA,10 Packaging Avenue,Gurugram,122001,IN,EN,+75-665-3484601,contact@havi.global.logistics.and.com,27R1590L1Z5,X,,2020-10-26
0000000035,ZPKG,SIG Combibloc Aseptic Systems,,SIGCOMBIB,921 Logistics Boulevard,Cologne,50667,DE,DE,+88-355-2724590,contact@sig.combibloc.aseptic.sys.com,DE325567963,X,,2019-12-19
0000000036,ZSRV,NFI Dedicated Fleet & Crossdock,,NFIDEDICA,998 Commerce Way,Curitiba,80010-000,BR,PT,+53-125-4009172,contact@nfi.dedicated.fleet.and.c.com,40.985.266/0001-32,X,,2019-09-22
0000000037,ZSRV,Cott Bottling & Beverage Services,,COTTBOTTL,831 Central Way,Ahmedabad,380001,IN,EN,+5-979-8896868,contact@cott.bottling.and.beverag.com,27Z2771M1Z5,X,,2018-06-30
0000000038,ZRAW,Cargill Food Ingredients & Starches,,CARGILLFO,359 Freight Terminal Drive,Pune,411001,IN,EN,+85-297-7685149,contact@cargill.food.ingredients..com,27H4652A1Z5,X,,2019-09-06
0000000039,ZRAW,Olam Agri Commodities & Nuts,,OLAMAGRI,360 Industriestraße,Campinas,13010-000,BR,PT,+34-282-5453786,contact@olam.agri.commodities.and.com,78.439.128/0001-24,X,,2016-06-05
0000000040,ZPKG,Sonoco Products Industrial,,SONOCOPRO,747 Harbor Road,Birmingham,B1 1AA,GB,EN,+15-494-4188992,contact@sonoco.products.industria.com,GB649136331,X,,2018-11-09
0000000041,ZPKG,Ball Beverage Packaging Corp,,BALLBEVER,533 Brewery Street,Mumbai,400001,IN,EN,+41-779-3090865,contact@ball.beverage.packaging.c.com,27C6409T1Z5,X,,2024-01-27
0000000042,ZRAW,AAK Specialty Vegetable Fats,,AAKSPECIA,335 Industriestraße,Los Angeles,90001,US,EN,+25-530-7361002,contact@aak.specialty.vegetable.f.com,80-3135534,X,,2023-08-06
0000000043,ZPKG,Novelis Aluminum Can Sheet,,NOVELISAL,416 Industrial Park West,Birmingham,B1 1AA,GB,EN,+56-904-6406444,contact@novelis.aluminum.can.shee.com,GB325681936,X,,2021-03-19
0000000044,ZSRV,Pacmoore Dry Blending & Sifting,,PACMOORED,524 Avenida Industrial,Cincinnati,45202,US,EN,+37-627-6623525,contact@pacmoore.dry.blending.and.com,31-2422633,X,,2017-01-17
0000000045,ZRAW,Bunge Refined Edible Oils,Plant Operations,BUNGEREFI,826 Brewery Street,Manchester,M1 1AD,GB,EN,+61-725-2221854,contact@bunge.refined.edible.oils.com,GB362897676,,,2021-02-08
0000000046,ZSRV,Fuchs Food Technology & Blending,,FUCHSFOOD,200 Industriestraße,Santos,11010-000,BR,PT,+1-868-2788238,contact@fuchs.food.technology.and.com,41.251.771/0001-98,,X,2020-10-07
0000000047,ZRAW,Symrise Taste & Nutrition Solutions,,SYMRISETA,476 Logistics Boulevard,Hanover,30159,DE,DE,+59-236-8795419,contact@symrise.taste.and.nutriti.com,DE230307805,,X,2023-06-27
0000000048,ZSRV,XPO Logistics Ambient & Reefer,,XPOLOGIST,973 Zone Industrielle,Basel,4001,CH,DE,+55-950-8481188,contact@xpo.logistics.ambient.and.com,CH77750178,,X,2017-10-13
0000000049,ZSRV,KDC/One FMCG Custom Manufacturing,,KDC/ONEFM,861 Supply Chain Park,Cincinnati,45202,US,EN,+81-344-5606980,contact@kdc.one.fmcg.custom.manuf.com,76-9130188,,X,2020-12-06
0000000050,ZPKG,Alpla Plastic Technologies,,ALPLAPLAS,279 Harbor Road,Bengaluru,560001,IN,EN,+20-336-7426265,contact@alpla.plastic.technologie.com,27R2320E1Z5,,X,2023-10-13
0000000051,ZPKG,AptarGroup Dispensing Systems,,APTARGROUP,425 Route Nationale,Mumbai,400001,IN,EN,+27-952-8048838,contact@aptargroup.dispensing.sys.com,27O7812B1Z5,,X,2020-05-14
0000000052,ZSRV,Ecolab Food & Beverage Hygiene,,ECOLABFOO,878 Industriestraße,Rotterdam,3011,NL,FR,+39-871-7542890,contact@ecolab.food.and.beverage..com,NL57212267,,X,2020-09-12
0000000053,ZSRV,DB Schenker Dedicated Fleet Logisti,,DBSCHENKE,820 Central Way,Gurugram,122001,IN,EN,+4-498-6639317,contact@db.schenker.dedicated.fle.com,27I8140P1Z5,,X,2023-07-02
0000000054,ZSRV,Kalyan Retail Display & POS Solutio,,KALYANRET,170 Zone Industrielle,Ahmedabad,380001,IN,EN,+51-706-1454696,contact@kalyan.retail.display.and.com,27T9751A1Z5,,X,2016-12-09
0000000055,ZSRV,Endress+Hauser Sanitary Instrumenta,,ENDRESS+HA,187 Logistics Boulevard,Seattle,98101,US,EN,+59-434-6662319,contact@endress+hauser.sanitary.i.com,51-4551070,,X,2020-04-01
0000000056,ZRAW,Olam Agri Commodities & Nuts,,OLAMAGRI,259 Factory Lane,Pune,411001,IN,EN,+45-329-2151225,contact@olam.agri.commodities.and.com,27X9837B1Z5,,X,2023-04-23
0000000057,ZPKG,Ball Beverage Packaging Corp,,BALLBEVER,205 Industrial Park West,Bengaluru,560001,IN,EN,+86-217-4656838,contact@ball.beverage.packaging.c.com,27H3068P1Z5,,X,2021-03-19
0000000058,ZSRV,Quad Packaging Retail Displays,,QUADPACKA,172 Packaging Avenue,Cologne,50667,DE,DE,+40-210-1430812,contact@quad.packaging.retail.dis.com,DE275842194,,X,2019-07-01
0000000059,ZSRV,Geodis Contract Logistics & Haulage,Distribution Hub,GEODISCON,407 Brewery Street,Leeds,LS1 1BA,GB,EN,+90-891-6059717,contact@geodis.contract.logistics.com,GB209415691,,X,2023-09-03
0000000060,ZSRV,Festo Pneumatics & Factory Automati,,FESTOPNEU,802 Logistics Boulevard,Gurugram,122001,IN,EN,+65-763-6724909,contact@festo.pneumatics.and.fact.com,27N7071C1Z5,,X,2016-02-21
0000000061,ZSRV,Fuchs Food Technology & Blending,,FUCHSFOOD,444 Gewerbestraße,São Paulo,01000-000,BR,PT,+23-851-9753457,contact@fuchs.food.technology.and.com,68.824.256/0001-65,,X,2023-04-18
0000000062,ZRAW,DSM-Firmenich Nutritional Products,,DSM-FIRMEN,794 Avenida Industrial,Bristol,BS1 1AA,GB,EN,+94-706-5502929,contact@dsm-firmenich.nutritional.com,GB986625773,,X,2019-08-13
0000000063,ZRAW,Roquette Frères Plant Proteins,Logistics Terminal,ROQUETTEF,286 Zone Industrielle,São Paulo,01000-000,BR,PT,+44-129-9293086,contact@roquette.frères.plant.pro.com,82.724.784/0001-58,,X,2019-08-24
0000000064,ZPKG,Mauser Packaging Solutions,,MAUSERPAC,817 Supply Chain Park,New York,10001,US,EN,+72-110-9667566,contact@mauser.packaging.solution.com,86-5635017,,X,2018-02-21
0000000065,ZPKG,Avery Dennison Label Solutions,,AVERYDENN,501 Central Way,Berlin,10117,DE,DE,+92-602-8519121,contact@avery.dennison.label.solu.com,DE793532952,,X,2016-03-11
0000000066,ZPKG,Sealed Air Protective Packaging,,SEALEDAIR,709 Central Way,Berlin,10117,DE,DE,+48-584-9907391,contact@sealed.air.protective.pac.com,DE724440558,,X,2019-11-09
0000000067,ZSRV,Nutra-Blend Contract Manufacturing,,NUTRA-BLEN,361 Zone Industrielle,Basel,4001,CH,DE,+30-223-4231028,contact@nutra-blend.contract.manu.com,CH43742830,,X,2019-07-16
0000000068,ZPKG,Graphic Packaging International,Logistics Terminal,GRAPHICPA,190 Brewery Street,Ahmedabad,380001,IN,EN,+37-202-4256752,contact@graphic.packaging.interna.com,27I9595T1Z5,,X,2019-04-28
0000000069,ZRAW,Kerry Taste & Nutrition Ingredients,,KERRYTAST,15 Commerce Way,Minneapolis,55401,US,EN,+90-229-9235577,contact@kerry.taste.and.nutrition.com,16-5901239,,X,2017-02-24
0000000070,ZPKG,Amcor Flexibles Packaging,,AMCORFLEX,491 Zone Industrielle,Leeds,LS1 1BA,GB,EN,+33-982-9014965,contact@amcor.flexibles.packaging.com,GB155165334,,X,2017-04-12
0000000071,ZPKG,Huhtamaki Foodservice Packaging,Regional HQ,HUHTAMAKI,591 Logistics Boulevard,Atlanta,30303,US,EN,+32-221-7982241,contact@huhtamaki.foodservice.pac.com,48-2429098,,X,2022-10-19
0000000072,ZSRV,Festo Pneumatics & Factory Automati,,FESTOPNEU,795 Industriestraße,Bengaluru,560001,IN,EN,+55-412-2010496,contact@festo.pneumatics.and.fact.com,27O5871S1Z5,,X,2022-11-02
0000000073,ZPKG,Constantia Flexibles Food Pkg,,CONSTANTIA,641 Brewery Street,Amsterdam,1012,NL,FR,+21-345-3916107,contact@constantia.flexibles.food.com,NL20896797,,X,2022-03-10
0000000074,ZPKG,Alpla Plastic Technologies,,ALPLAPLAS,462 Avenida Industrial,Berlin,10117,DE,DE,+37-823-5743227,contact@alpla.plastic.technologie.com,DE348545713,,X,2023-11-19
0000000075,ZSRV,Del Monte Toll Manufacturing,,DELMONTE,947 Supply Chain Park,Düsseldorf,40213,DE,DE,+76-777-4318855,contact@del.monte.toll.manufactur.com,DE771150922,,,2020-10-07
0000000076,ZPKG,Silgan Closures & Metal Containers,,SILGANCLO,931 Supply Chain Park,Dallas,75201,US,EN,+22-911-6160869,contact@silgan.closures.and.metal.com,19-2000560,,,2022-09-03
0000000077,ZSRV,Bollore Logistics Food Cargo,,BOLLORELO,128 Zone Industrielle,Lille,59000,FR,FR,+35-612-9284509,contact@bollore.logistics.food.ca.com,FR64023778,,,2020-11-28
0000000078,ZPKG,Avery Dennison Label Solutions,,AVERYDENN,753 Harbor Road,Leeds,LS1 1BA,GB,EN,+12-334-1348050,contact@avery.dennison.label.solu.com,GB127772220,,,2023-07-16
0000000079,ZRAW,DSM-Firmenich Nutritional Products,,DSM-FIRMEN,482 Zone Industrielle,Manchester,M1 1AD,GB,EN,+75-546-9249789,contact@dsm-firmenich.nutritional.com,GB294872482,,,2017-01-08
0000000080,ZSRV,KDC/One FMCG Custom Manufacturing,,KDC/ONEFM,329 Packaging Avenue,New York,10001,US,EN,+89-607-5835492,contact@kdc.one.fmcg.custom.manuf.com,52-7906258,,,2023-06-06
0000000081,ZSRV,Hearthside Food Solutions Co-Packin,Specialty Ingredients Div,HEARTHSIDE,38 Zone Industrielle,Gurugram,122001,IN,EN,+52-985-9633492,contact@hearthside.food.solutions.com,27K2899Y1Z5,,,2016-01-05
0000000082,ZSRV,Bühler Food Processing Machinery,Specialty Ingredients Div,BÜHLERFOO,424 Logistics Boulevard,Curitiba,80010-000,BR,PT,+57-878-1865901,contact@bühler.food.processing.ma.com,89.874.610/0001-90,,,2018-04-13
0000000083,ZRAW,DSM-Firmenich Nutritional Products,Regional HQ,DSM-FIRMEN,449 Avenida Industrial,Minneapolis,55401,US,EN,+40-664-1229419,contact@dsm-firmenich.nutritional.com,40-3657144,,,2022-03-12
0000000084,ZSRV,Cott Bottling & Beverage Services,,COTTBOTTL,473 Packaging Avenue,Hamburg,20095,DE,DE,+64-833-5896624,contact@cott.bottling.and.beverag.com,DE265325235,,,2021-09-15
0000000085,ZSRV,Menasha In-Store Merchandising,,MENASHAIN,484 Central Way,Nuremberg,90402,DE,DE,+50-295-9526867,contact@menasha.in-store.merchand.com,DE255308128,,,2017-07-13
0000000086,ZPKG,Huhtamaki Foodservice Packaging,,HUHTAMAKI,349 Supply Chain Park,Berlin,10117,DE,DE,+93-405-9214801,contact@huhtamaki.foodservice.pac.com,DE403696046,,,2017-08-31
0000000087,ZSRV,TreeHouse Private Brands Co-Packing,,TREEHOUSE,341 Industriestraße,New York,10001,US,EN,+90-344-7425184,contact@treehouse.private.brands..com,51-4165061,,,2018-08-14
0000000088,ZSRV,Cott Bottling & Beverage Services,,COTTBOTTL,723 Industriestraße,Nuremberg,90402,DE,DE,+84-255-9310235,contact@cott.bottling.and.beverag.com,DE812630453,,,2016-05-31
0000000089,ZPKG,SIG Combibloc Aseptic Systems,,SIGCOMBIB,891 Packaging Avenue,New York,10001,US,EN,+68-567-1257489,contact@sig.combibloc.aseptic.sys.com,66-2672884,,,2024-02-07
0000000090,ZPKG,DS Smith Corrugated Packaging,,DSSMITHC,77 Avenida Industrial,Dallas,75201,US,EN,+80-809-7668663,contact@ds.smith.corrugated.packa.com,43-6680114,,,2023-04-15
0000000091,ZPKG,Avery Dennison Label Solutions,,AVERYDENN,390 Harbor Road,Santos,11010-000,BR,PT,+80-170-4938791,contact@avery.dennison.label.solu.com,72.993.654/0001-14,,,2023-01-29
0000000092,ZSRV,Stora Enso Brand Activation Display,,STORAENSO,765 Factory Lane,Lyon,69001,FR,FR,+98-748-2686231,contact@stora.enso.brand.activati.com,FR23212812,,,2020-12-22
0000000093,ZPKG,Greif Industrial Drum Packaging 93,,GREIFINDU,48 Harbor Road,London,EC1A 1BB,GB,EN,+46-483-8225725,contact@greif.industrial.drum.pac.com,GB415001254,,,2017-08-19
0000000094,ZRAW,Roquette Frères Plant Proteins 94,Logistics Terminal,ROQUETTEF,175 Agri Park Road,Dallas,75201,US,EN,+64-697-3401116,contact@roquette.frères.plant.pro.com,89-5040453,,,2018-08-09
0000000095,ZSRV,Crest Foods Contract Blending 95,,CRESTFOOD,262 Industrial Park West,Leeds,LS1 1BA,GB,EN,+37-793-3650391,contact@crest.foods.contract.blen.com,GB599561877,,,2016-10-29
0000000096,ZSRV,Pacmoore Dry Blending & Sifting 96,,PACMOORED,655 Route Nationale,Utrecht,3511,NL,FR,+39-303-7454081,contact@pacmoore.dry.blending.and.com,NL71315464,,,2021-06-02
0000000097,ZPKG,Sonoco Products Industrial 97,,SONOCOPRO,589 Freight Terminal Drive,Cologne,50667,DE,DE,+3-949-7640518,contact@sonoco.products.industria.com,DE417001612,,,2019-01-29
0000000098,ZPKG,Amcor Flexibles Packaging 98,,AMCORFLEX,797 Logistics Boulevard,Glasgow,G1 1AA,GB,EN,+64-952-5801541,contact@amcor.flexibles.packaging.com,GB900122509,,,2018-07-31
0000000099,ZSRV,SKF Food Line Bearings & Lubricatio,,SKFFOODL,652 Brewery Street,Bengaluru,560001,IN,EN,+13-742-1661401,contact@skf.food.line.bearings.an.com,27V3240U1Z5,,,2019-06-19
0000000100,ZSRV,Pacmoore Dry Blending & Sifting 100,Specialty Ingredients Div,PACMOORED,750 Commerce Way,Cologne,50667,DE,DE,+96-525-3946751,contact@pacmoore.dry.blending.and.com,DE450811990,,,2018-04-02
0000000101,ZPKG,Tetra Pak Processing & Packaging Sy,,SIGCOMBIB,544 Supply Chain Park,Chennai,600001,IN,EN,+38-864-6682698,contact@sig.combibloc.aseptic.sys.com,DE129485720,,,2017-04-16
0000000102,ZSRV,Tetra Pak Packaging GmbH,,CRESTFOOD,773 Central Way,Chennai,600001,IN,FR,+72-474-2515030,contact@crest.foods.contract.blen.com,DE129485720,,,2020-06-04
0000000103,ZPKG,Amcor Flexibles Packaging NA,,AMCORFLEX,466 Gewerbestraße,Hamburg,20095,DE,DE,+34-698-7392547,contact@amcor.flexibles.packaging.com,US36-2819401,,,2023-02-28
0000000104,ZRAW,Amcor Packaging Solutions,,AGRANAFRU,483 Industrial Park West,Hamburg,20095,DE,DE,+42-724-4713925,contact@agrana.fruit.preparations.com,US36-2819401,,,2023-04-06
0000000105,ZPKG,Cargill Food Ingredients UK,,HUHTAMAKI,932 Freight Terminal Drive,Leeds,LS1 1BA,GB,EN,+18-146-1624315,contact@huhtamaki.foodservice.pac.com,GB918274619,,,2019-05-31
0000000106,ZSRV,Cargill Agricultural Starches,,DHLSUPPLY,909 Commerce Way,Leeds,LS1 1BA,GB,DE,+86-860-8031780,contact@dhl.supply.chain.cold-cha.com,GB918274619,,,2022-08-02
0000000107,ZPKG,Kerry Ingredients India Pvt,,APTARGROUP,854 Avenida Industrial,São Paulo,01000-000,BR,PT,+28-554-8460758,contact@aptargroup.dispensing.sys.com,27AABCG1234F1Z5,,,2018-08-25
0000000108,ZRAW,Kerry Taste & Flavours India,Specialty Ingredients Div,SUDZUCKER,558 Gewerbestraße,São Paulo,01000-000,BR,DE,+16-968-8628891,contact@sudzucker.industrial.suga.com,27AABCG1234F1Z5,,,2017-01-10
0000000109,ZSRV,Roquette Freres Nutrition,Distribution Hub,BÜHLERFOO,52 Harbor Road,Frankfurt,60311,DE,DE,+73-310-2151087,contact@bühler.food.processing.ma.com,FR829104928,,,2022-03-20
0000000110,ZRAW,Roquette Frères Ingrédients,,ARCHERDAN,337 Commerce Way,Frankfurt,60311,DE,EN,+1-383-3427461,contact@archer.daniels.midland.nu.com,FR829104928,,,2017-06-16
0000000111,ZSRV,Ball Beverage Packaging Corp,Specialty Ingredients Div,AMERICOLD,113 Industrial Park West,Munich,80331,DE,DE,+31-702-6431983,contact@americold.temperature-con.com,US41-9872134,,,2016-03-05
0000000112,ZPKG,Ball Beverage Can Division,,NOVELISAL,760 Route Nationale,Munich,80331,DE,DE,+9-587-8520810,contact@novelis.aluminum.can.shee.com,US41-9872134,,,2020-01-22
0000000113,ZSRV,Symrise Taste & Nutrition Solutions,,C.H.ROBIN,516 Central Way,Leeds,LS1 1BA,GB,EN,+94-902-9748499,contact@c.h..robinson.worldwide.f.com,DE812345678,,,2019-05-20
0000000114,ZSRV,Symrise Flavourings GmbH,,DELMONTE,63 Avenida Industrial,Leeds,LS1 1BA,GB,EN,+88-210-9225346,contact@del.monte.toll.manufactur.com,DE812345678,,,2023-12-27
0000000115,ZSRV,Refresco Beverages Bottling,Specialty Ingredients Div,PACMOORED,330 Commerce Way,Hamburg,20095,DE,DE,+82-699-6455706,contact@pacmoore.dry.blending.and.com,NL801928374B01,,,2020-04-09
0000000116,ZSRV,Refresco Bottling Europe BV,Plant Operations,FESTOPNEU,518 Route Nationale,Hamburg,20095,DE,EN,+56-562-4833486,contact@festo.pneumatics.and.fact.com,NL801928374B01,,,2020-08-21
0000000117,ZRAW,Sensient Technologies Flavors 117,,SENSIENTT,426 Packaging Avenue,Curitiba,80010-000,BR,PT,+20-803-8956894,contact@sensient.technologies.fla.com,50.781.361/0001-57,,,2016-10-01
0000000118,ZPKG,Sealed Air Protective Packaging 118,,SEALEDAIR,443 Packaging Avenue,São Paulo,01000-000,BR,PT,+8-700-6530541,contact@sealed.air.protective.pac.com,57.931.233/0001-81,,,2023-07-07
0000000119,ZPKG,Graphic Packaging International 119,,GRAPHICPA,889 Logistics Boulevard,Los Angeles,90001,US,EN,+46-206-9512969,contact@graphic.packaging.interna.com,86-6242022,,,2018-05-21
0000000120,ZPKG,Ecolab Food & Beverage Hygiene,,APTARGROUP,868 Packaging Avenue,Minneapolis,55401,US,EN,+48-217-5673599,contact@aptargroup.dispensing.sys.com,GB697285504,,,2022-06-09
0000000121,ZRAW,Ecolab F&B Hygiene Inc,,SYMRISETA,998 Industrial Park West,Minneapolis,55401,US,EN,+24-379-6183902,contact@symrise.taste.and.nutriti.com,27V5381A1Z5,,,2019-10-23
0000000122,ZRAW,Smurfit Kappa Corrugated PKG,Plant Operations,GLANBIANU,580 Industriestraße,Hanover,30159,DE,DE,+96-643-4609330,contact@glanbia.nutritionals.dair.com,DE198524063,,,2020-03-20
0000000123,ZSRV,Smurfit Kappa Corrugated BV,,FUCHSFOOD,379 Freight Terminal Drive,Hanover,30159,DE,EN,+7-259-3640899,contact@fuchs.food.technology.and.com,82-2425342,,,2022-12-05
0000000124,ZPKG,Lineage Logistics Refrigerated,,CROWNCORK,454 Route Nationale,Dallas,75201,US,EN,+54-379-4616647,contact@crown.cork.and.seal.europ.com,GB574641329,,,2021-09-29
0000000125,ZPKG,Lineage Cold Storage Logistics,,SILGANCLO,291 Avenida Industrial,Dallas,75201,US,EN,+29-504-1919088,contact@silgan.closures.and.metal.com,49-1761976,,,2016-02-01
0000000126,ZRAW,Givaudan Fragrances & Flavours,,ARCHERDAN,786 Commerce Way,Basel,4001,CH,EN,+16-107-9344741,contact@archer.daniels.midland.nu.com,47-6504979,,,2020-10-29
0000000127,ZPKG,Givaudan Flavours & Fragrances,,NOVELISAL,721 Central Way,Basel,4001,CH,DE,+86-925-6941939,contact@novelis.aluminum.can.shee.com,DE994807263,,,2016-10-22
0000000128,ZSRV,Berry Global Consumer Packaging,,REFRESCOB,447 Industrial Park West,Cincinnati,45202,US,PT,+55-687-7785090,contact@refresco.beverages.bottli.com,19.982.420/0001-83,,,2023-12-16
0000000129,ZSRV,Berry Global Consumer Pkg Corp,,SPIRAXSAR,415 Industrial Park West,Cincinnati,45202,US,EN,+89-470-2478574,contact@spirax.sarco.clean.steam..com,31-8719145,,,2020-11-23
0000000130,ZPKG,Diversey Hygiene Solutions Ltd,,SONOCOPRO,537 Factory Lane,London,EC1A 1BB,GB,DE,+96-447-4717362,contact@sonoco.products.industria.com,DE433154770,,,2019-09-26
0000000131,ZPKG,Diversey Hygiene CIP Solutions,,GREIFINDU,544 Brewery Street,London,EC1A 1BB,GB,DE,+45-844-3477824,contact@greif.industrial.drum.pac.com,DE475138838,,,2018-08-25
0000000132,ZPKG,Huhtamaki Foodservice Pkg,,SONOCOPRO,178 Commerce Way,Hamburg,20095,DE,DE,+10-281-9289908,contact@sonoco.products.industria.com,DE803847447,,,2021-03-15
0000000133,ZSRV,Huhtamaki Foodservice Packaging,,BOLLORELO,698 Harbor Road,Hamburg,20095,DE,EN,+57-169-8867190,contact@bollore.logistics.food.ca.com,27U6179E1Z5,,,2020-12-16
0000000134,ZSRV,Refresco Bottling Europe BV,,KLÜBERFOO,606 Logistics Boulevard,Rotterdam,3011,NL,EN,+60-562-1630944,contact@klüber.food-grade.lubrica.com,19-6207779,,,2016-08-21
0000000135,ZRAW,Refresco Beverages Bottling BV,,AGRANAFRU,661 Factory Lane,Rotterdam,3011,NL,PT,+71-910-1688246,contact@agrana.fruit.preparations.com,74.493.573/0001-84,,,2021-01-16
0000000136,ZSRV,Geodis Contract Logistics & Haulage,,GEODISCON,620 Avenida Industrial,Birmingham,B1 1AA,GB,EN,+58-205-6761929,contact@geodis.contract.logistics.com,GB166436383,,,2024-01-04
0000000137,ZPKG,Avery Dennison Label Solutions 137,,AVERYDENN,41 Central Way,Dallas,75201,US,EN,+67-724-3663319,contact@avery.dennison.label.solu.com,66-9792411,,,2020-01-30
0000000138,ZRAW,Agrana Fruit Preparations 138,,AGRANAFRU,419 Harbor Road,Lille,59000,FR,FR,+81-762-6614484,contact@agrana.fruit.preparations.com,FR17028380,,,2016-09-26
0000000139,ZRAW,Kalsec Natural Herb Extracts & Colo,,KALSECNAT,291 Supply Chain Park,Berlin,10117,DE,DE,+78-994-3522845,contact@kalsec.natural.herb.extra.com,DE804980312,,,2019-09-27
0000000140,ZPKG,Avery Dennison Label Solutions 140,,AVERYDENN,939 Gewerbestraße,Manchester,M1 1AD,GB,EN,+90-778-7575963,contact@avery.dennison.label.solu.com,GB804433388,,,2017-06-12
0000000141,ZSRV,Festo Pneumatics & Factory Automati,,FESTOPNEU,318 Industriestraße,Mumbai,400001,IN,EN,+90-948-9831414,contact@festo.pneumatics.and.fact.com,27K3093V1Z5,,,2017-01-17
0000000142,ZSRV,Endress+Hauser Sanitary Instrumenta,,ENDRESS+HA,371 Industrial Park West,Bristol,BS1 1AA,GB,EN,+28-449-9158272,contact@endress+hauser.sanitary.i.com,GB293555835,,,2018-02-25
0000000143,ZRAW,Symrise Taste & Nutrition Solutions,,SYMRISETA,80 Freight Terminal Drive,Geneva,1201,CH,DE,+65-889-9833734,contact@symrise.taste.and.nutriti.com,CH23574883,,,2016-06-03
0000000144,ZSRV,Bühler Food Processing Machinery 14,Distribution Hub,BÜHLERFOO,612 Industriestraße,Dallas,75201,US,EN,+93-548-1733037,contact@bühler.food.processing.ma.com,98-3777286,,,2020-08-09
0000000145,ZRAW,Sudzucker Industrial Sugars 145,,SUDZUCKER,993 Zone Industrielle,Manchester,M1 1AD,GB,EN,+96-902-8531761,contact@sudzucker.industrial.suga.com,GB907873857,,,2018-08-16
0000000146,ZSRV,DB Schenker Dedicated Fleet Logisti,,DBSCHENKE,926 Brewery Street,Nuremberg,90402,DE,DE,+57-572-5727345,contact@db.schenker.dedicated.fle.com,DE712483158,,,2020-04-13
0000000147,ZSRV,Lineage Logistics Refrigerated Ware,,LINEAGELO,837 Brewery Street,Dallas,75201,US,EN,+7-756-9062973,contact@lineage.logistics.refrige.com,27-5194357,,,2020-02-29
0000000148,ZSRV,HAVI Global Logistics & Supply Chai,,HAVIGLOBA,292 Factory Lane,Paris,75001,FR,FR,+58-625-3472100,contact@havi.global.logistics.and.com,FR46613428,,,2020-11-26
0000000149,ZPKG,Sealed Air Protective Packaging 149,,SEALEDAIR,837 Zone Industrielle,Amsterdam,1012,NL,FR,+54-154-7651393,contact@sealed.air.protective.pac.com,NL13579612,,,2021-08-18
0000000150,ZRAW,Agrana Fruit Preparations 150,Plant Operations,AGRANAFRU,384 Central Way,Hamburg,20095,DE,DE,+84-443-3450300,contact@agrana.fruit.preparations.com,,,,2017-07-17
0000000151,ZPKG,Berry Global Consumer Packaging 151,,BERRYGLOB,713 Commerce Way,Nuremberg,90402,DE,DE,+58-730-1088100,contact@berry.global.consumer.pac.com,,,,2016-11-20
0000000152,ZPKG,Smurfit Kappa Corrugated 152,Specialty Ingredients Div,SMURFITKA,562 Route Nationale,Munich,80331,DE,DE,+39-224-1801102,contact@smurfit.kappa.corrugated..com,,,,2018-09-03
0000000153,ZSRV,Fuchs Food Technology & Blending 15,Logistics Terminal,FUCHSFOOD,469 Factory Lane,Bristol,BS1 1AA,GB,EN,+69-116-9646569,contact@fuchs.food.technology.and.com,,,,2022-06-13
0000000154,ZRAW,Bunge Refined Edible Oils 154,,BUNGEREFI,440 Industrial Park West,Chennai,600001,IN,EN,+86-784-2436363,contact@bunge.refined.edible.oils.com,,,,2021-11-14
0000000155,ZRAW,Sudzucker Industrial Sugars 155,,SUDZUCKER,558 Industrial Park West,Hanover,30159,DE,DE,+6-750-7490791,contact@sudzucker.industrial.suga.com,,,,2020-03-09
0000000156,ZRAW,Tate & Lyle Sweeteners & Starches 1,,TATE&LYL,808 Factory Lane,Chennai,600001,IN,EN,+75-852-6578736,contact@tate.and.lyle.sweeteners..com,,,,2017-06-30
0000000157,ZPKG,Ball Beverage Packaging Corp 157,,BALLBEVER,834 Agri Park Road,New York,10001,US,EN,+90-590-4058117,contact@ball.beverage.packaging.c.com,,,,2017-07-06
0000000158,ZPKG,Huhtamaki Foodservice Packaging 158,Distribution Hub,HUHTAMAKI,38 Freight Terminal Drive,Pune,411001,IN,EN,+66-507-8942330,contact@huhtamaki.foodservice.pac.com,,,,2018-11-03
0000000159,ZPKG,Berry Global Consumer Packaging 159,,BERRYGLOB,293 Gewerbestraße,Bengaluru,560001,IN,EN,+16-918-7174337,contact@berry.global.consumer.pac.com,,,,2020-11-24
0000000160,ZSRV,Hearthside Food Solutions Co-Packin,,HEARTHSIDE,348 Agri Park Road,Pune,411001,IN,EN,+67-373-2385991,contact@hearthside.food.solutions.com,,,,2024-02-26
0000000161,ZSRV,Nutra-Blend Contract Manufacturing ,,NUTRA-BLEN,559 Freight Terminal Drive,Munich,80331,DE,DE,+42-776-5960015,contact@nutra-blend.contract.manu.com,,,,2019-06-09
0000000162,ZSRV,TreeHouse Private Brands Co-Packing,,TREEHOUSE,171 Zone Industrielle,Leeds,LS1 1BA,GB,EN,+94-990-6914963,contact@treehouse.private.brands..com,,,,2022-11-23
0000000163,ZSRV,De-Roose Private Label Co-Packing 1,,DE-ROOSEP,77 Industriestraße,Frankfurt,60311,DE,DE,+96-795-3684131,contact@de-roose.private.label.co.com,,,,2016-05-07
0000000164,ZPKG,DS Smith Corrugated Packaging 164,Specialty Ingredients Div,DSSMITHC,36 Commerce Way,Curitiba,80010-000,BR,PT,+78-257-8548448,contact@ds.smith.corrugated.packa.com,,,,2020-02-28
0000000165,ZRAW,Agrana Fruit Preparations 165,,AGRANAFRU,588 Commerce Way,Atlanta,30303,US,EN,+84-385-5187788,contact@agrana.fruit.preparations.com,,,,2017-04-09
0000000166,ZPKG,Mondi Industrial Bags & Films 166,,MONDIINDU,531 Industriestraße,Pune,411001,IN,EN,+34-820-8487220,contact@mondi.industrial.bags.and.com,,,,2018-05-28
0000000167,ZSRV,Pall Food & Beverage Sterile Filter,Plant Operations,PALLFOOD,205 Packaging Avenue,Nuremberg,90402,DE,DE,+23-830-8467726,contact@pall.food.and.beverage.st.com,,,,2016-12-25
0000000168,ZSRV,Stora Enso Brand Activation Display,,STORAENSO,684 Gewerbestraße,Utrecht,3511,NL,FR,+70-397-6032437,contact@stora.enso.brand.activati.com,,,,2017-10-07
0000000169,ZSRV,Menasha In-Store Merchandising 169,,MENASHAIN,813 Gewerbestraße,Lyon,69001,FR,FR,+26-911-3329967,contact@menasha.in-store.merchand.com,,,,2018-08-27
0000000170,ZSRV,DHL Supply Chain Cold-Chain 170,,DHLSUPPLY,587 Gewerbestraße,Hanover,30159,DE,DE,+17-726-2446455,contact@dhl.supply.chain.cold-cha.com,,,,2016-09-26
0000000171,ZRAW,Ingredion Modified Food Starches 17,,INGREDION,539 Route Nationale,Seattle,98101,US,EN,+17-424-2244282,contact@ingredion.modified.food.s.com,,,,2021-01-17
0000000172,ZSRV,Crest Foods Contract Blending 172,,CRESTFOOD,132 Agri Park Road,Birmingham,B1 1AA,GB,EN,+56-614-1929673,contact@crest.foods.contract.blen.com,,,,2017-05-23
0000000173,ZSRV,DSV Road Freight & FMCG Logistics 1,,DSVROADF,166 Harbor Road,Munich,80331,DE,DE,+45-631-5765539,contact@dsv.road.freight.and.fmcg.com,,,,2016-11-19
0000000174,ZRAW,Tate & Lyle Sweeteners & Starches 1,,TATE&LYL,282 Commerce Way,Hanover,30159,DE,DE,+69-195-9431778,contact@tate.and.lyle.sweeteners..com,,,,2023-03-10
0000000175,ZPKG,Greif Industrial Drum Packaging 175,,GREIFINDU,158 Agri Park Road,Bristol,BS1 1AA,GB,EN,+78-445-1691125,contact@greif.industrial.drum.pac.com,,,,2016-04-26
0000000176,ZPKG,Avery Dennison Label Solutions 176,,AVERYDENN,667 Brewery Street,Stuttgart,70173,DE,DE,+80-754-1508113,contact@avery.dennison.label.solu.com,,,,2021-08-01
0000000177,ZSRV,Klüber Food-Grade Lubricants 177,,KLÜBERFOO,495 Central Way,Minneapolis,55401,US,EN,+39-564-2224284,contact@klüber.food-grade.lubrica.com,,,,2023-09-21
0000000178,ZPKG,Ardagh Glass Packaging 178,Regional HQ,ARDAGHGLA,496 Zone Industrielle,Berlin,10117,DE,DE,+41-982-6357240,contact@ardagh.glass.packaging.17.com,,,,2019-11-15
0000000179,ZSRV,Hearthside Food Solutions Co-Packin,,HEARTHSIDE,528 Packaging Avenue,Cologne,50667,DE,DE,+16-373-8542969,contact@hearthside.food.solutions.com,,,,2018-10-12
0000000180,ZPKG,DS Smith Corrugated Packaging 180,,DSSMITHC,969 Industriestraße,Stuttgart,70173,DE,DE,+32-986-3679315,contact@ds.smith.corrugated.packa.com,,,,2019-09-03
0000000181,ZSRV,Geodis Contract Logistics & Haulage,,GEODISCON,782 Agri Park Road,Bengaluru,560001,IN,EN,+40-609-1388833,contact@geodis.contract.logistics.com,,,,2017-01-03
0000000182,ZSRV,Refresco Beverages Bottling 182,Specialty Ingredients Div,REFRESCOB,221 Gewerbestraße,Cincinnati,45202,US,EN,+37-649-1137194,contact@refresco.beverages.bottli.com,,,,2017-03-16
0000000183,ZSRV,De-Roose Private Label Co-Packing 1,,DE-ROOSEP,745 Gewerbestraße,Stuttgart,70173,DE,DE,+6-510-1858283,contact@de-roose.private.label.co.com,,,,2022-05-24
0000000184,ZSRV,NFI Dedicated Fleet & Crossdock 184,,NFIDEDICA,296 Factory Lane,Hanover,30159,DE,DE,+98-663-5692934,contact@nfi.dedicated.fleet.and.c.com,,,,2022-12-27
0000000185,ZSRV,Stora Enso Brand Activation Display,,STORAENSO,999 Packaging Avenue,Manchester,M1 1AD,GB,EN,+44-671-7133857,contact@stora.enso.brand.activati.com,GB953514394,,,2017-08-13
0000000186,ZRAW,Cargill Food Ingredients & Starches,Distribution Hub,CARGILLFO,513 Logistics Boulevard,Leeds,LS1 1BA,GB,EN,+43-923-8948107,contact@cargill.food.ingredients..com,GB866213410,,,2021-10-28
0000000187,ZSRV,Del Monte Toll Manufacturing 187,,DELMONTE,144 Harbor Road,Hanover,30159,DE,DE,+21-502-6020319,contact@del.monte.toll.manufactur.com,DE442019016,,,2022-08-28
0000000188,ZRAW,Sensient Technologies Flavors 188,,SENSIENTT,546 Avenida Industrial,Philadelphia,19102,US,EN,+3-477-6557278,contact@sensient.technologies.fla.com,48-8967375,,,2023-07-22
0000000189,ZPKG,Silgan Closures & Metal Containers ,,SILGANCLO,816 Industrial Park West,Basel,4001,CH,DE,+84-901-4817541,contact@silgan.closures.and.metal.com,CH45638891,,,2024-02-02
0000000190,ZPKG,Crown Cork & Seal Europe 190,Distribution Hub,CROWNCORK,537 Industriestraße,Manchester,,GB,EN,+74-817-2843740,contact@crown.cork.and.seal.europ.com,GB133898577,,,2018-02-20
0000000191,ZPKG,Smurfit Kappa Corrugated 191,,SMURFITKA,156 Route Nationale,Los Angeles,,US,EN,+79-582-2044906,contact@smurfit.kappa.corrugated..com,62-9419134,,,2023-11-30
0000000192,ZPKG,Klöckner Pentaplast Food Films 192,,KLÖCKNERP,333 Avenida Industrial,Philadelphia,,US,EN,+59-645-6743294,contact@klöckner.pentaplast.food..com,50-3905518,,,2022-02-15
0000000193,ZRAW,Tereos Pure Sugar & Sweeteners 193,,TEREOSPUR,698 Supply Chain Park,Glasgow,,GB,EN,+32-385-6007984,contact@tereos.pure.sugar.and.swe.com,GB306442077,,,2018-07-10
0000000194,ZRAW,AAK Specialty Vegetable Fats 194,,AAKSPECIA,213 Avenida Industrial,Ahmedabad,,IN,EN,+16-687-7370211,contact@aak.specialty.vegetable.f.com,27L5480J1Z5,,,2020-06-04
0000000195,ZRAW,Glanbia Nutritionals Dairy Isolates,,GLANBIANU,298 Logistics Boulevard,Amsterdam,,NL,FR,+45-552-5302415,contact@glanbia.nutritionals.dair.com,NL20607151,,,2021-05-16
0000000196,ZRAW,Givaudan Flavours & Fragrances 196,Regional HQ,GIVAUDANF,278 Supply Chain Park,Hanover,,DE,DE,+76-345-5067770,contact@givaudan.flavours.and.fra.com,DE895525625,,,2016-07-26
0000000197,ZSRV,Krones Bottling & Canning Machinery,Logistics Terminal,KRONESBOT,654 Central Way,Lyon,,FR,FR,+92-583-2686863,contact@krones.bottling.and.canni.com,FR54331259,,,2023-08-22
0000000198,ZPKG,Klöckner Pentaplast Food Films 198,,KLÖCKNERP,952 Agri Park Road,Hanover,,DE,DE,+62-766-4346315,contact@klöckner.pentaplast.food..com,DE610778600,,,2019-03-22
0000000199,ZRAW,Corbion Lactic Acid & Preservation ,,CORBIONLA,930 Factory Lane,Frankfurt,,DE,DE,+69-856-1625760,contact@corbion.lactic.acid.and.p.com,DE349344539,,,2017-12-18
0000000200,ZSRV,Fuchs Food Technology & Blending 20,,FUCHSFOOD,957 Logistics Boulevard,Rio de Janeiro,,BR,PT,+96-993-5856449,contact@fuchs.food.technology.and.com,60.906.607/0001-33,,,2016-06-02
0000000201,ZPKG,Amcor Flexibles Packaging 201,,AMCORFLEX,951 Harbor Road,Hamburg,,DE,DE,+70-636-9286475,contact@amcor.flexibles.packaging.com,DE788603957,,,2017-07-03
0000000202,ZSRV,Lineage Logistics Refrigerated Ware,,LINEAGELO,829 Packaging Avenue,Cincinnati,,US,EN,+92-290-1236293,contact@lineage.logistics.refrige.com,68-5316188,,,2019-10-12
0000000203,ZRAW,Barry Callebaut Cocoa Products 203,,BARRYCALL,180 Industriestraße,Manchester,,GB,EN,+42-188-7724865,contact@barry.callebaut.cocoa.pro.com,GB653278397,,,2023-07-04
0000000204,ZPKG,Constantia Flexibles Food Pkg 204,,CONSTANTIA,489 Harbor Road,Munich,,DE,DE,+34-492-4951390,contact@constantia.flexibles.food.com,DE107333788,,,2021-01-03
0000000205,ZRAW,DSM-Firmenich Nutritional Products ,,DSM-FIRMEN,597 Industrial Park West,Utrecht,,NL,FR,+89-341-2042273,contact@dsm-firmenich.nutritional.com,NL58258264,,,2023-06-28
0000000206,ZPKG,Graphic Packaging International 206,,GRAPHICPA,416 Freight Terminal Drive,Dallas,,US,EN,+48-729-4705235,contact@graphic.packaging.interna.com,91-5949909,,,2018-06-16
0000000207,ZPKG,Klöckner Pentaplast Food Films 207,,KLÖCKNERP,766 Gewerbestraße,Seattle,,US,EN,+97-650-4664338,contact@klöckner.pentaplast.food..com,80-8899184,,,2018-10-10
0000000208,ZSRV,Stora Enso Brand Activation Display,,STORAENSO,539 Zone Industrielle,Mumbai,,IN,EN,+15-163-9480665,contact@stora.enso.brand.activati.com,27L2279S1Z5,,,2018-04-08
0000000209,ZSRV,Geodis Contract Logistics & Haulage,Distribution Hub,GEODISCON,336 Zone Industrielle,Dallas,,US,EN,+12-622-8473959,contact@geodis.contract.logistics.com,84-9201172,,,2016-08-15
0000000210,ZSRV,Del Monte Toll Manufacturing 210,,DELMONTE,468 Logistics Boulevard,Berlin,,DE,DE,+40-840-1365247,contact@del.monte.toll.manufactur.com,DE822378827,,,2020-06-09
0000000211,ZRAW,Tate & Lyle Sweeteners & Starches 2,Specialty Ingredients Div,TATE&LYL,224 Factory Lane,Ahmedabad,,IN,EN,+8-170-8920040,contact@tate.and.lyle.sweeteners..com,27W2044R1Z5,,,2016-05-09
0000000212,ZRAW,Barentz Food & Nutrition Distributi,,BARENTZFO,785 Route Nationale,Dallas,,US,EN,+49-484-2346371,contact@barentz.food.and.nutritio.com,58-8525204,,,2023-08-28
0000000213,ZSRV,Bühler Food Processing Machinery 21,Regional HQ,BÜHLERFOO,670 Gewerbestraße,Rio de Janeiro,,BR,PT,+1-874-1381435,contact@bühler.food.processing.ma.com,60.641.230/0001-38,,,2019-05-07
0000000214,ZSRV,Crest Foods Contract Blending 214,,CRESTFOOD,435 Industriestraße,Bristol,,GB,EN,+59-454-3602504,contact@crest.foods.contract.blen.com,GB365764028,,,2019-02-03
0000000215,ZPKG,Gerresheimer Glass Packaging 215,,GERRESHEIM,33 Route Nationale,Paris,75001,FR,FR,+31-311-2128954,contact@gerresheimer.glass.packag.com,FR12099943,,,2017-02-17
0000000216,ZSRV,Festo Pneumatics & Factory Automati,,FESTOPNEU,251 Logistics Boulevard,Frankfurt,60311,DE,DE,+70-322-1946973,contact@festo.pneumatics.and.fact.com,DE351619881,,,2017-07-27
0000000217,ZSRV,Lineage Logistics Refrigerated Ware,,LINEAGELO,836 Harbor Road,Geneva,1201,CH,DE,+31-409-3403511,contact@lineage.logistics.refrige.com,CH53038943,,,2023-05-28
0000000218,ZSRV,DSV Road Freight & FMCG Logistics 2,,DSVROADF,282 Logistics Boulevard,Stuttgart,70173,DE,DE,+95-279-8167236,contact@dsv.road.freight.and.fmcg.com,DE735297732,,,2022-03-26
0000000219,ZSRV,DHL Supply Chain Cold-Chain 219,,DHLSUPPLY,965 Industriestraße,Cologne,50667,DE,DE,+90-526-7849452,contact@dhl.supply.chain.cold-cha.com,DE442238518,,,2017-09-03
0000000220,ZRAW,,,AAKSPECIA,485 Central Way,Philadelphia,19102,US,EN,+60-159-7923579,contact@aak.specialty.vegetable.f.com,48-3421820,,,2020-09-02
0000000221,ZSRV,,Plant Operations,NFIDEDICA,249 Supply Chain Park,Los Angeles,90001,US,EN,+12-648-4195751,contact@nfi.dedicated.fleet.and.c.com,67-7225647,,,2016-07-30
0000000222,ZRAW,,Regional HQ,DSM-FIRMEN,895 Factory Lane,Chicago,60601,US,EN,+62-313-6586214,contact@dsm-firmenich.nutritional.com,95-4640933,,,2019-05-26
0000000223,ZPKG,,,AMCORFLEX,986 Packaging Avenue,Düsseldorf,40213,DE,DE,+62-348-4431161,contact@amcor.flexibles.packaging.com,DE909956465,,,2020-06-12
0000000224,ZRAW,,,BUNGEREFI,390 Zone Industrielle,Birmingham,B1 1AA,GB,EN,+40-367-7033835,contact@bunge.refined.edible.oils.com,GB485752015,,,2021-10-01
0000000225,ZSRV,,,DHLSUPPLY,780 Harbor Road,Seattle,98101,US,EN,+53-146-4712363,contact@dhl.supply.chain.cold-cha.com,57-6249960,,,2017-08-20
0000000226,ZPKG,,Distribution Hub,SMURFITKA,303 Commerce Way,Berlin,10117,DE,DE,+73-953-5122665,contact@smurfit.kappa.corrugated..com,DE507849850,,,2021-08-07
0000000227,ZSRV,,,HAVIGLOBA,346 Supply Chain Park,Glasgow,G1 1AA,GB,EN,+93-757-9230828,contact@havi.global.logistics.and.com,GB624652904,,,2021-03-02
0000000228,ZPKG,,,GREIFINDU,174 Commerce Way,Chennai,600001,IN,EN,+83-160-9790328,contact@greif.industrial.drum.pac.com,27P4015R1Z5,,,2016-05-18
0000000229,ZPKG,,,ALPLAPLAS,783 Industrial Park West,Rotterdam,3011,NL,FR,+30-169-3533857,contact@alpla.plastic.technologie.com,NL94651342,,,2016-02-07
0000000230,ZRAW,Givaudan Flavours & Fragrances 230,,GIVAUDANF,62 Avenida Industrial,New York,10001,US,EN,+69-664-7901115,contact@givaudan.flavours.and.fra.com,12-1110936,,,2016-02-18
0000000231,ZPKG,Smurfit Kappa Corrugated 231,Logistics Terminal,SMURFITKA,549 Freight Terminal Drive,Minneapolis,55401,US,EN,+13-636-3498085,contact@smurfit.kappa.corrugated..com,32-2795437,,,2018-09-14
0000000232,ZPKG,Gerresheimer Glass Packaging 232,,GERRESHEIM,835 Gewerbestraße,Birmingham,B1 1AA,GB,EN,+11-482-7812009,contact@gerresheimer.glass.packag.com,GB526164289,,,2021-02-23
0000000233,ZSRV,Bollore Logistics Food Cargo 233,,BOLLORELO,308 Factory Lane,Düsseldorf,40213,DE,DE,+98-132-2568678,contact@bollore.logistics.food.ca.com,DE797818850,,,2020-07-18
0000000234,ZRAW,Lactalis Food Ingredients 234,,LACTALISF,58 Industrial Park West,Seattle,98101,US,EN,+56-760-6557798,contact@lactalis.food.ingredients.com,20-9386232,,,2022-05-06
0000000235,ZPKG,Constantia Flexibles Food Pkg 235,,CONSTANTIA,236 Brewery Street,São Paulo,01000-000,,PT,+6-176-5703878,contact@constantia.flexibles.food.com,98.680.586/0001-44,,,2022-02-02
0000000236,ZSRV,Bollore Logistics Food Cargo 236,Distribution Hub,BOLLORELO,952 Harbor Road,Manchester,M1 1AD,,EN,+19-870-7682298,contact@bollore.logistics.food.ca.com,GB730325223,,,2016-11-11
0000000237,ZRAW,AAK Specialty Vegetable Fats 237,,AAKSPECIA,581 Industriestraße,Düsseldorf,40213,,DE,+43-493-3347981,contact@aak.specialty.vegetable.f.com,DE680424495,,,2023-09-24
0000000238,ZPKG,Avery Dennison Label Solutions 238,,AVERYDENN,55 Packaging Avenue,New York,10001,,EN,+78-887-7655572,contact@avery.dennison.label.solu.com,19-6714198,,,2019-08-29
0000000239,ZPKG,Mondi Industrial Bags & Films 239,,MONDIINDU,503 Central Way,Leeds,LS1 1BA,,EN,+56-290-7376562,contact@mondi.industrial.bags.and.com,GB503111666,,,2016-12-17
0000000240,ZSRV,Merck Millipore Food Microbiology 2,Distribution Hub,MERCKMILL,731 Factory Lane,Düsseldorf,40213,,DE,+92-902-3588336,contact@merck.millipore.food.micr.com,DE508021882,,,2020-05-14
0000000241,ZRAW,FMC BioPolymer Food Texturizers 241,,FMCBIOPOL,6 Freight Terminal Drive,Atlanta,30303,,EN,+17-189-4143912,contact@fmc.biopolymer.food.textu.com,44-2715158,,,2020-10-31
0000000242,ZSRV,TreeHouse Private Brands Co-Packing,Specialty Ingredients Div,TREEHOUSE,418 Packaging Avenue,Bristol,BS1 1AA,,EN,+12-711-6443037,contact@treehouse.private.brands..com,GB695088987,,,2020-04-26
0000000243,ZPKG,Amcor Flexibles Packaging 243,,AMCORFLEX,798 Factory Lane,Berlin,10117,,DE,+32-685-9742683,contact@amcor.flexibles.packaging.com,DE700797791,,,2017-11-25
0000000244,ZSRV,Stora Enso Brand Activation Display,,STORAENSO,276 Freight Terminal Drive,Dallas,75201,,EN,+22-545-5629871,contact@stora.enso.brand.activati.com,28-2061446,,,2020-09-20
0000000245,ZRAW,AAK Specialty Vegetable Fats 245,,AAKSPECIA,370 Supply Chain Park,Atlanta,30303,US,EN,+77-731-4280754,contact@aak.specialty.vegetable.f.com,90-9318184,,,2021-02-18
0000000246,ZPKG,Sonoco Products Industrial 246,,SONOCOPRO,972 Industriestraße,Frankfurt,60311,DE,DE,+49-923-6528792,contact@sonoco.products.industria.com,DE765926290,,,2020-12-08
0000000247,ZRAW,Kalsec Natural Herb Extracts & Colo,,KALSECNAT,308 Harbor Road,Dallas,75201,US,EN,+62-421-3980258,contact@kalsec.natural.herb.extra.com,98-4369728,,,2020-06-19
0000000248,ZRAW,FMC BioPolymer Food Texturizers 248,,FMCBIOPOL,991 Central Way,Nuremberg,90402,DE,DE,+51-473-2910720,contact@fmc.biopolymer.food.textu.com,DE400969989,,,2022-04-28
0000000249,ZRAW,Cargill Food Ingredients & Starches,,CARGILLFO,185 Industrial Park West,Bristol,BS1 1AA,GB,EN,+91-314-8356053,contact@cargill.food.ingredients..com,GB595663087,,,2019-04-08
0000000250,ZSRV,Schawk Global Pre-Media & Packaging,Specialty Ingredients Div,,690 Avenida Industrial,Berlin,10117,DE,DE,+33-774-3586094,contact@schawk.global.pre-media.a.com,DE359868249,,,2024-01-08
0000000251,ZSRV,Nutra-Blend Contract Manufacturing ,,,460 Avenida Industrial,Mumbai,400001,IN,EN,+54-656-1616817,contact@nutra-blend.contract.manu.com,27R9300W1Z5,,,2020-01-12
0000000252,ZSRV,Quad Packaging Retail Displays 252,Distribution Hub,,609 Factory Lane,Santos,11010-000,BR,PT,+83-727-1743175,contact@quad.packaging.retail.dis.com,94.780.463/0001-31,,,2022-04-25
0000000253,ZSRV,Endress+Hauser Sanitary Instrumenta,,,991 Harbor Road,Leeds,LS1 1BA,GB,EN,+14-110-2654343,contact@endress+hauser.sanitary.i.com,GB562198122,,,2018-11-25
0000000254,ZRAW,Symrise Taste & Nutrition Solutions,,,572 Central Way,Philadelphia,19102,US,EN,+99-795-9396422,contact@symrise.taste.and.nutriti.com,60-8768911,,,2017-09-09
0000000255,ZRAW,Glanbia Nutritionals Dairy Isolates,,,108 Freight Terminal Drive,Lausanne,1003,CH,DE,+15-951-3376915,contact@glanbia.nutritionals.dair.com,CH21523236,,,2019-11-27
0000000256,ZRAW,Ingredion Modified Food Starches 25,,,534 Avenida Industrial,Cincinnati,45202,US,EN,+93-813-8590804,contact@ingredion.modified.food.s.com,22-8351204,,,2019-07-30
0000000257,ZPKG,Huhtamaki Foodservice Packaging 257,,,24 Harbor Road,Atlanta,30303,US,EN,+95-349-9656941,contact@huhtamaki.foodservice.pac.com,96-3757404,,,2017-12-15
0000000258,ZSRV,HAVI Global Logistics & Supply Chai,Logistics Terminal,,437 Zone Industrielle,Hanover,30159,DE,DE,+24-290-8250013,contact@havi.global.logistics.and.com,DE776199993,,,2020-06-08
0000000259,ZPKG,Mondi Industrial Bags & Films 259,,,461 Route Nationale,Bengaluru,560001,IN,EN,+36-870-2049645,contact@mondi.industrial.bags.and.com,27W4519G1Z5,,,2022-06-22
0000000260,ZPKG,Sonoco Products Industrial 260,,,192 Gewerbestraße,Gurugram,122001,IN,EN,+86-983-9212178,contact@sonoco.products.industria.com,27O2867I1Z5,,,2021-12-01
0000000261,ZSRV,Spirax Sarco Clean Steam Systems 26,,,626 Industriestraße,Los Angeles,90001,US,EN,+59-732-3894531,contact@spirax.sarco.clean.steam..com,54-6905327,,,2023-07-22
0000000262,ZSRV,Menasha In-Store Merchandising 262,,,605 Factory Lane,Gurugram,122001,IN,EN,+40-219-4070977,contact@menasha.in-store.merchand.com,27K2931H1Z5,,,2020-03-09
0000000263,ZSRV,Schawk Global Pre-Media & Packaging,,,429 Commerce Way,Berlin,10117,DE,DE,+24-598-3906397,contact@schawk.global.pre-media.a.com,DE554234434,,,2022-03-22
0000000264,ZPKG,Greif Industrial Drum Packaging 264,,,192 Harbor Road,Dallas,75201,US,EN,+46-109-9130388,contact@greif.industrial.drum.pac.com,89-1899447,,,2017-07-13
0000000265,ZPKG,Gerresheimer Glass Packaging 265,,,518 Avenida Industrial,Gurugram,122001,IN,EN,+57-600-3806047,contact@gerresheimer.glass.packag.com,27P7809W1Z5,,,2016-12-04
0000000266,ZSRV,Bollore Logistics Food Cargo 266,,,300 Logistics Boulevard,Düsseldorf,40213,DE,DE,+37-272-8672579,contact@bollore.logistics.food.ca.com,DE677252858,,,2022-05-05
0000000267,ZSRV,DHL Supply Chain Cold-Chain 267,,,587 Packaging Avenue,Atlanta,30303,US,EN,+70-942-1698108,contact@dhl.supply.chain.cold-cha.com,79-7154919,,,2024-01-23
0000000268,ZSRV,Pacmoore Dry Blending & Sifting 268,,,105 Central Way,Los Angeles,90001,US,EN,+34-456-2459332,contact@pacmoore.dry.blending.and.com,14-8545256,,,2020-12-03
0000000269,ZPKG,Graphic Packaging International 269,,,215 Gewerbestraße,Bengaluru,560001,IN,EN,+79-242-4466502,contact@graphic.packaging.interna.com,27T8015F1Z5,,,2018-04-27
0000000270,ZPKG,Ardagh Glass Packaging 270,,,288 Agri Park Road,Bristol,BS1 1AA,GB,EN,+38-396-5485272,contact@ardagh.glass.packaging.27.com,GB855971970,,,2021-10-08
0000000271,ZSRV,Kalyan Retail Display & POS Solutio,,,986 Route Nationale,Bengaluru,560001,IN,EN,+17-355-3453557,contact@kalyan.retail.display.and.com,27I3078W1Z5,,,2023-12-23
0000000272,ZRAW,Corbion Lactic Acid & Preservation ,,,502 Commerce Way,Curitiba,80010-000,BR,PT,+58-177-2561871,contact@corbion.lactic.acid.and.p.com,44.742.524/0001-58,,,2020-07-08
0000000273,ZSRV,C.H. Robinson Worldwide Freight 273,,,959 Gewerbestraße,Ahmedabad,380001,IN,EN,+1-989-2562657,contact@c.h..robinson.worldwide.f.com,27P6362S1Z5,,,2024-03-12
0000000274,ZSRV,Del Monte Toll Manufacturing 274,,,367 Factory Lane,Glasgow,G1 1AA,GB,EN,+28-539-4554277,contact@del.monte.toll.manufactur.com,GB527044165,,,2021-07-19
0000000275,ZRAW,DSM-Firmenich Nutritional Products ,,DSM-FIRMEN,346 Commerce Way,Minneapolis,55401,US,EN,+88-880-1812172,contact@dsm-firmenich.nutritional.com,72-6766993,,,2016-07-07
0000000276,ZPKG,Constantia Flexibles Food Pkg 276,,CONSTANTIA,17 Packaging Avenue,Leeds,LS1 1BA,GB,EN,+57-567-1011340,contact@constantia.flexibles.food.com,GB269633510,,,2020-10-18
0000000277,ZRAW,Cargill Food Ingredients & Starches,Specialty Ingredients Div,CARGILLFO,904 Freight Terminal Drive,Geneva,1201,CH,DE,+84-469-5200835,contact@cargill.food.ingredients..com,CH22527880,,,2016-12-03
0000000278,ZRAW,Agrana Fruit Preparations 278,,AGRANAFRU,170 Logistics Boulevard,Glasgow,G1 1AA,GB,EN,+93-816-4928281,contact@agrana.fruit.preparations.com,GB428038048,,,2020-10-24
0000000279,ZSRV,Alfa Laval Hygienic Pumps & Valves ,,ALFALAVAL,2 Brewery Street,Hamburg,20095,DE,DE,+76-331-9714828,contact@alfa.laval.hygienic.pumps.com,DE242485313,,,2023-08-17
0000000280,,Pacmoore Dry Blending & Sifting 280,,PACMOORED,837 Packaging Avenue,Cologne,50667,DE,DE,+89-235-9014480,contact@pacmoore.dry.blending.and.com,DE553456129,,,2016-10-17
0000000281,,Kerry Taste & Nutrition Ingredients,,KERRYTAST,106 Harbor Road,Atlanta,30303,US,EN,+49-892-3233823,contact@kerry.taste.and.nutrition.com,48-3300647,,,2023-03-12
0000000282,,Kalyan Retail Display & POS Solutio,,KALYANRET,577 Industrial Park West,Hanover,30159,DE,DE,+57-459-4574477,contact@kalyan.retail.display.and.com,DE276218805,,,2023-01-16
0000000283,,AptarGroup Dispensing Systems 283,Plant Operations,APTARGROUP,881 Brewery Street,Lille,59000,FR,FR,+97-226-7442986,contact@aptargroup.dispensing.sys.com,FR28792245,,,2019-12-10
0000000284,,Nutra-Blend Contract Manufacturing ,,NUTRA-BLEN,254 Supply Chain Park,Dallas,75201,US,EN,+89-127-6060836,contact@nutra-blend.contract.manu.com,41-5780177,,,2018-04-21
0000000285,,DSV Road Freight & FMCG Logistics 2,,DSVROADF,766 Industriestraße,Manchester,M1 1AD,GB,EN,+31-606-7474085,contact@dsv.road.freight.and.fmcg.com,GB158593156,,,2017-04-06
0000000286,,Bunge Refined Edible Oils 286,,BUNGEREFI,541 Industrial Park West,Atlanta,30303,US,EN,+50-981-8060918,contact@bunge.refined.edible.oils.com,50-3214305,,,2020-02-05
0000000287,,Americold Temperature-Controlled 28,Plant Operations,AMERICOLD,978 Factory Lane,Leeds,LS1 1BA,GB,EN,+34-320-1668183,contact@americold.temperature-con.com,GB114810579,,,2016-09-04
0000000288,,Refresco Beverages Bottling 288,,REFRESCOB,786 Route Nationale,Philadelphia,19102,US,EN,+82-649-3561552,contact@refresco.beverages.bottli.com,61-2382909,,,2019-02-10
0000000289,,Avery Dennison Label Solutions 289,,AVERYDENN,944 Brewery Street,Philadelphia,19102,US,EN,+42-500-2109227,contact@avery.dennison.label.solu.com,29-9999133,,,2019-06-24
0000000290,,Quad Packaging Retail Displays 290,Logistics Terminal,QUADPACKA,60 Central Way,Cincinnati,45202,US,EN,+79-723-1923227,contact@quad.packaging.retail.dis.com,24-8606317,,,2019-06-20
0000000291,,Krones Bottling & Canning Machinery,Distribution Hub,KRONESBOT,180 Packaging Avenue,Ahmedabad,380001,IN,EN,+64-455-9774573,contact@krones.bottling.and.canni.com,27W1185F1Z5,,,2021-10-19
0000000292,,Chr. Hansen Food Cultures & Enzymes,,CHR.HANSE,768 Supply Chain Park,Munich,80331,DE,DE,+99-130-6620552,contact@chr..hansen.food.cultures.com,DE226762436,,,2020-10-24
0000000293,,DSM-Firmenich Nutritional Products ,,DSM-FIRMEN,730 Factory Lane,Minneapolis,55401,US,EN,+8-611-3799805,contact@dsm-firmenich.nutritional.com,75-7041876,,,2020-02-15
0000000294,,Kallfass Shrink Wrap Solutions 294,Regional HQ,KALLFASSS,916 Packaging Avenue,Hamburg,20095,DE,DE,+6-979-1206159,contact@kallfass.shrink.wrap.solu.com,DE102757916,,,2018-09-28
0000000295,ZPKG,Ball Beverage Packaging Corp 295,Plant Operations,BALLBEVER,943 Commerce Way,Los Angeles,90001,US,EN,+29-429-5165165,contact@ball.beverage.packaging.c.com,80-8035849,,,2020-08-31
0000000296,ZRAW,FMC BioPolymer Food Texturizers 296,Plant Operations,FMCBIOPOL,586 Gewerbestraße,Hamburg,20095,DE,DE,+29-923-9653253,contact@fmc.biopolymer.food.textu.com,DE292569534,,,2016-07-07
0000000297,ZSRV,Hearthside Food Solutions Co-Packin,,HEARTHSIDE,887 Freight Terminal Drive,Nuremberg,90402,DE,DE,+42-188-8662929,contact@hearthside.food.solutions.com,DE433609196,,,2016-02-02
0000000298,ZRAW,Agrana Fruit Preparations 298,,AGRANAFRU,758 Central Way,Stuttgart,70173,DE,DE,+64-891-4278644,contact@agrana.fruit.preparations.com,DE735323297,,,2024-03-19
0000000299,ZSRV,Americold Temperature-Controlled 29,,AMERICOLD,155 Industrial Park West,Bengaluru,560001,IN,EN,+45-751-1160974,contact@americold.temperature-con.com,27A4817R1Z5,,,2019-10-04
0000000300,ZPKG,Tetra Pak Packaging Systems 300,Regional HQ,TETRAPAK,870 Freight Terminal Drive,Pune,411001,IN,EN,+8-245-5694689,contact@tetra.pak.packaging.syste.com,27H7878P1Z5,,,2017-01-16
0000000301,ZPKG,Ball Beverage Packaging Corp 301,,BALLBEVER,718 Gewerbestraße,Lille,59000,UK,FR,+75-197-9479670,contact@ball.beverage.packaging.c.com,FR21395409,,,2017-06-30
0000000302,ZSRV,Spirax Sarco Clean Steam Systems 30,,SPIRAXSAR,607 Logistics Boulevard,Mumbai,400001,UK,EN,+34-971-6284972,contact@spirax.sarco.clean.steam..com,27E4879J1Z5,,,2020-05-28
0000000303,ZSRV,Quad Packaging Retail Displays 303,,QUADPACKA,326 Zone Industrielle,Campinas,13010-000,DEU,PT,+14-259-2772642,contact@quad.packaging.retail.dis.com,19.307.239/0001-84,,,2017-11-04
0000000304,ZSRV,TreeHouse Private Brands Co-Packing,,TREEHOUSE,124 Gewerbestraße,Los Angeles,90001,USA,EN,+40-574-5446095,contact@treehouse.private.brands..com,36-8581910,,,2017-05-06
0000000305,ZPKG,Sealed Air Protective Packaging 305,Specialty Ingredients Div,SEALEDAIR,847 Logistics Boulevard,Stuttgart,70173,XX,DE,+12-828-5164420,contact@sealed.air.protective.pac.com,DE259261469,,,2019-12-28
0000000306,ZSRV,Refresco Beverages Bottling 306,Logistics Terminal,REFRESCOB,267 Agri Park Road,Minneapolis,55401,EN,EN,+13-573-2709721,contact@refresco.beverages.bottli.com,67-5191831,,,2017-07-26
0000000307,ZPKG,Graphic Packaging International 307,,GRAPHICPA,134 Brewery Street,Düsseldorf,40213,99,DE,+88-745-2409947,contact@graphic.packaging.interna.com,DE499689381,,,2022-07-13
0000000308,ZSRV,Diversey Hygiene & CIP Solutions 30,Logistics Terminal,DIVERSEYH,23 Factory Lane,Hamburg,20095,ZZ,DE,+17-194-6562484,contact@diversey.hygiene.and.cip..com,DE968977829,,,2017-05-16
0000000309,ZPKG,Ball Beverage Packaging Corp 309,,BALLBEVER,173 Route Nationale,Rotterdam,3011,NL,FR,+64-130-7421134,contact@ball.beverage.packaging.c.com,NL63015826,,,2023-08-30
0000000310,ZSRV,Nutra-Blend Contract Manufacturing ,,NUTRA-BLEN,931 Agri Park Road,Düsseldorf,40213,DE,DE,+20-135-5123584,contact@nutra-blend.contract.manu.com,DE578901124,,,2023-04-05
0000000311,ZRAW,Barry Callebaut Cocoa Products 311,Logistics Terminal,BARRYCALL,491 Logistics Boulevard,Philadelphia,ABC12,DE,EN,+26-758-9821696,contact@barry.callebaut.cocoa.pro.com,27-8033593,,,2018-10-17
0000000312,ZSRV,Klüber Food-Grade Lubricants 312,,KLÜBERFOO,392 Gewerbestraße,Zurich,603,DE,DE,+45-679-9428760,contact@klüber.food-grade.lubrica.com,CH75052579,,,2019-08-10
0000000313,ZRAW,Fonterra Dairy Commodities 313,Specialty Ingredients Div,FONTERRAD,327 Central Way,Frankfurt,752,US,DE,+61-642-6996728,contact@fonterra.dairy.commoditie.com,DE162911855,,,2022-07-20
0000000314,ZRAW,Kerry Taste & Nutrition Ingredients,,KERRYTAST,254 Central Way,Zurich,CHICAGO,US,DE,+98-324-7516648,contact@kerry.taste.and.nutrition.com,CH17503932,,,2019-12-24
0000000315,ZPKG,Novelis Aluminum Can Sheet 315,,NOVELISAL,826 Gewerbestraße,Cologne,90210,GB,DE,+91-817-6900247,contact@novelis.aluminum.can.shee.com,DE130286569,,,2022-05-14
0000000316,ZSRV,Bollore Logistics Food Cargo 316,,BOLLORELO,857 Avenida Industrial,Düsseldorf,5600,IN,DE,+63-138-2514267,contact@bollore.logistics.food.ca.com,DE288502642,,,2016-08-18
0000000317,ZRAW,Kerry Taste & Nutrition Ingredients,Regional HQ,KERRYTAST,540 Avenida Industrial,London,PIN400,IN,EN,+17-448-3977282,contact@kerry.taste.and.nutrition.com,GB316320731,,,2019-08-18
0000000318,ZPKG,Ardagh Glass Packaging 318,,ARDAGHGLA,793 Packaging Avenue,Munich,12345,BR,DE,+10-482-7636992,contact@ardagh.glass.packaging.31.com,DE491797490,,,2022-07-28
0000000319,ZPKG,Constantia Flexibles Food Pkg 319,,CONSTANTIA,140 Agri Park Road,New York,10001,US,EN,+84-424-3922635,contact@constantia.flexibles.food.com,65-9173859,,,2023-12-06
0000000320,ZSRV,NFI Dedicated Fleet & Crossdock 320,Regional HQ,NFIDEDICA,806 Gewerbestraße,Bristol,BS1 1AA,GB,EN,+23-487-6147639,contact@nfi.dedicated.fleet.and.c.com,GB974513582,,,2023-09-21
0000000321,ZRAW,Barry Callebaut Cocoa Products 321,,BARRYCALL,972 Industriestraße,Frankfurt,60311,DE,DE,+73-133-4054824,contact@barry.callebaut.cocoa.pro.com,DE927672827,,,2022-10-03
0000000322,ZRAW,FMC BioPolymer Food Texturizers 322,,FMCBIOPOL,655 Packaging Avenue,Lyon,69001,FR,FR,+43-863-2305378,contact@fmc.biopolymer.food.textu.com,FR28876833,,,2018-09-01
0000000323,ZRAW,Glanbia Nutritionals Dairy Isolates,,GLANBIANU,652 Factory Lane,Geneva,1201,CH,DE,+82-846-6632941,contact@glanbia.nutritionals.dair.com,CH99929175,,,2021-01-03
0000000324,ZPKG,Amcor Flexibles Packaging 324,,AMCORFLEX,710 Factory Lane,Düsseldorf,40213,DE,DE,+14-837-1021494,contact@amcor.flexibles.packaging.com,DE945056299,,,2016-07-16
0000000325,ZRAW,Tetra Pak &amp; Packaging Systems,,FONTERRAD,993 Agri Park Road,Los Angeles,90001,US,EN,+45-659-7297287,contact@fonterra.dairy.commoditie.com,73-7353742,,,2017-02-19
0000000326,ZSRV,Diversey&#39;s Hygiene Products,Plant Operations,THIELMANN,667 Central Way,Gurugram,122001,IN,EN,+3-426-5380995,contact@thielmann.aseptic.keg.ser.com,27Z1547J1Z5,,,2017-03-04
0000000327,ZPKG,Refresco Beverages Bottling    ,,ALPLAPLAS,165 Factory Lane,Los Angeles,90001,US,EN,+77-728-9098979,contact@alpla.plastic.technologie.com,21-6669869,,,2023-11-25
0000000328,ZPKG,CARGILL FOOD INGREDIENTS BV,Plant Operations,MONDIINDU,622 Route Nationale,Dallas,75201,US,EN,+25-519-5450404,contact@mondi.industrial.bags.and.com,52-4448564,,,2023-05-29
0000000329,ZRAW,Roquette Fr&egrave;res Nutrition,,BARENTZFO,51 Industriestraße,Hamburg,20095,DE,DE,+20-155-7053704,contact@barentz.food.and.nutritio.com,DE627151698,,,2016-01-16
0000000330,ZSRV,Nutra-Blend Contract Manufacturing ,Distribution Hub,NUTRA-BLEN,205 Packaging Avenue,Nuremberg,90402,DE,DE,+38-183-8945197,contact@nutra-blend.contract.manu.com,DE785252000,,,2017-04-18
0000000331,ZRAW,Ingredion Modified Food Starches 33,Regional HQ,INGREDION,501 Supply Chain Park,Pune,411001,IN,EN,+49-478-4130342,contact@ingredion.modified.food.s.com,27M4029L1Z5,,,2020-12-30
0000000332,ZPKG,Ball Beverage Packaging Corp 332,,BALLBEVER,270 Central Way,Nuremberg,90402,DE,DE,+8-254-2622400,contact@ball.beverage.packaging.c.com,DE705855162,,,2016-12-17
0000000333,ZSRV,Krones Bottling & Canning Machinery,,KRONESBOT,424 Central Way,Philadelphia,19102,US,EN,+54-648-8966231,contact@krones.bottling.and.canni.com,59-9767475,,,2022-06-03
0000000334,ZRAW,Bunge Refined Edible Oils 334,,BUNGEREFI,405 Logistics Boulevard,Atlanta,30303,US,EN,+16-875-8533636,contact@bunge.refined.edible.oils.com,76-3473761,,,2017-12-09
0000000335,ZPKG,Greif Industrial Drum Packaging 335,,GREIFINDU,130 Logistics Boulevard,Geneva,1201,CH,DE,CALL-ECOLAB-NOW,contact@greif.industrial.drum.pac.com,CH68437492,,,2022-09-03
0000000336,ZRAW,Chr. Hansen Food Cultures & Enzymes,,CHR.HANSE,90 Industriestraße,Atlanta,30303,US,EN,000-000-0000,contact@chr..hansen.food.cultures.com,80-6471499,,,2016-02-20
0000000337,ZSRV,Quad Packaging Retail Displays 337,Distribution Hub,QUADPACKA,801 Route Nationale,Bristol,BS1 1AA,GB,EN,NA,contact@quad.packaging.retail.dis.com,GB259128258,,,2017-03-08
0000000338,ZSRV,Bollore Logistics Food Cargo 338,,BOLLORELO,889 Gewerbestraße,Chennai,600001,IN,EN,+49/999/INVALID,contact@bollore.logistics.food.ca.com,27I7275U1Z5,,,2016-06-02
0000000339,ZPKG,Novelis Aluminum Can Sheet 339,Specialty Ingredients Div,NOVELISAL,634 Industriestraße,Munich,80331,DE,DE,+31-150-8972838,contact@novelis.aluminum.can.shee.com,DE841433502,,,2019-01-05
0000000340,ZRAW,Agrana Fruit Preparations 340,,AGRANAFRU,319 Supply Chain Park,Stuttgart,70173,DE,DE,+88-200-4824490,contact@agrana.fruit.preparations.com,DE847520637,,,2017-07-04
0000000341,ZRAW,AAK Specialty Vegetable Fats 341,,AAKSPECIA,793 Harbor Road,Lausanne,1003,CH,DE,+78-761-2497984,contact@aak.specialty.vegetable.f.com,CH65938288,,,2018-02-08
0000000342,ZSRV,Pacmoore Dry Blending & Sifting 342,,PACMOORED,759 Avenida Industrial,Berlin,10117,DE,DE,+8-627-3667115,contact@pacmoore.dry.blending.and.com,DE501483027,,,2016-09-25
0000000343,ZRAW,Ingredion Modified Food Starches 34,Distribution Hub,INGREDION,139 Industrial Park West,Pune,411001,IN,EN,+59-151-7046090,contact@ingredion.modified.food.s.com,27B5087B1Z5,,,2023-11-26
0000000344,ZRAW,Cargill Food Ingredients & Starches,,CARGILLFO,518 Industriestraße,Nuremberg,90402,DE,DE,+88-131-5059047,contact@cargill.food.ingredients..com,DE233007467,,,2020-03-05
0000000345,ZSRV,Kuehne + Nagel FMCG Supply Chain 34,,KUEHNE+N,984 Avenida Industrial,Manchester,M1 1AD,GB,EN,+45-267-5339593,contact@kuehne.+.nagel.fmcg.suppl.com,GB475551835,,,2023-09-22
0000000346,ZPKG,Sealed Air Protective Packaging 346,,SEALEDAIR,51 Agri Park Road,Berlin,10117,DE,DE,+28-977-4713654,contact@sealed.air.protective.pac.com,DE937336224,,,2023-04-05
0000000347,ZRAW,Symrise Taste & Nutrition Solutions,,SYMRISETA,668 Route Nationale,Birmingham,B1 1AA,GB,EN,+99-798-1149283,contact@symrise.taste.and.nutriti.com,GB937844678,,,2021-04-25
0000000348,ZPKG,SIG Combibloc Aseptic Systems 348,Regional HQ,SIGCOMBIB,821 Industrial Park West,Bristol,BS1 1AA,GB,EN,+40-829-5620085,contact@sig.combibloc.aseptic.sys.com,GB964454042,,,2020-10-01
0000000349,ZRAW,Lactalis Food Ingredients 349,,LACTALISF,259 Brewery Street,Curitiba,80010-000,BR,PT,+51-698-2716512,contact@lactalis.food.ingredients.com,96.633.944/0001-89,,,2016-01-31
0000000350,ZSRV,C.H. Robinson Worldwide Freight 350,,C.H.ROBIN,575 Freight Terminal Drive,Basel,4001,CH,DE,+62-165-6641903,contact@c.h..robinson.worldwide.f.com,CH24509544,,,2019-02-06
0000000351,ZSRV,Spirax Sarco Clean Steam Systems 35,Regional HQ,SPIRAXSAR,268 Freight Terminal Drive,Minneapolis,55401,US,EN,+77-513-6361758,contact@spirax.sarco.clean.steam..com,40-1952520,,,2023-08-20
0000000352,ZPKG,Klöckner Pentaplast Food Films 352,,KLÖCKNERP,510 Freight Terminal Drive,Ahmedabad,380001,IN,EN,+95-136-4186247,contact@klöckner.pentaplast.food..com,27N7628M1Z5,,,2019-11-06
0000000353,ZRAW,Symrise Taste & Nutrition Solutions,,SYMRISETA,804 Avenida Industrial,Glasgow,G1 1AA,GB,EN,+46-619-6036433,contact@symrise.taste.and.nutriti.com,GB821413281,,,2017-11-27
0000000354,ZSRV,Bühler Food Processing Machinery 35,,BÜHLERFOO,301 Packaging Avenue,Rio de Janeiro,20000-000,BR,PT,+98-287-6630978,contact@bühler.food.processing.ma.com,43.842.927/0001-81,,,2023-05-04
0000000355,ZPKG,Sealed Air Protective Packaging 355,,SEALEDAIR,763 Freight Terminal Drive,Düsseldorf,40213,DE,DE,+48-366-5933359,contact@sealed.air.protective.pac.com,DE455749066,,,2021-03-14
0000000356,ZPKG,Graphic Packaging International 356,,GRAPHICPA,484 Brewery Street,Atlanta,30303,US,EN,+68-405-7930789,contact@graphic.packaging.interna.com,97-7403346,,,2016-08-09
0000000357,ZPKG,AptarGroup Dispensing Systems 357,,APTARGROUP,351 Route Nationale,Düsseldorf,40213,DE,DE,+19-423-4025884,contact@aptargroup.dispensing.sys.com,DE591313587,,,2016-11-27
0000000358,ZSRV,Kuehne + Nagel FMCG Supply Chain 35,Specialty Ingredients Div,KUEHNE+N,321 Logistics Boulevard,Dallas,75201,US,EN,+74-882-3658100,contact@kuehne.+.nagel.fmcg.suppl.com,36-3828735,,,2021-06-28
0000000359,ZPKG,Sealed Air Protective Packaging 359,,SEALEDAIR,649 Route Nationale,Berlin,10117,DE,DE,+50-104-1632925,contact@sealed.air.protective.pac.com,DE612604642,,,2021-12-26
0000000360,ZRAW,Cargill Food Ingredients & Starches,,CARGILLFO,914 Harbor Road,Mumbai,400001,IN,EN,+87-104-5174559,contact@cargill.food.ingredients..com,27Q4122A1Z5,,,2018-07-15
0000000361,ZSRV,Schawk Global Pre-Media & Packaging,,SCHAWKGLO,133 Packaging Avenue,Campinas,13010-000,BR,PT,+6-405-5879280,contact@schawk.global.pre-media.a.com,85.413.271/0001-18,,,2021-02-10
0000000362,ZSRV,DSV Road Freight & FMCG Logistics 3,,DSVROADF,445 Commerce Way,Birmingham,B1 1AA,GB,EN,+46-868-4161264,contact@dsv.road.freight.and.fmcg.com,GB626325353,,,2017-11-06
0000000363,ZSRV,Hearthside Food Solutions Co-Packin,Plant Operations,HEARTHSIDE,745 Commerce Way,Düsseldorf,40213,DE,DE,+65-273-3066315,contact@hearthside.food.solutions.com,DE733177858,,,2020-02-10
0000000364,ZSRV,Alfa Laval Hygienic Pumps & Valves ,,ALFALAVAL,898 Supply Chain Park,Pune,411001,IN,EN,+7-777-2813842,contact@alfa.laval.hygienic.pumps.com,27T1796T1Z5,,,2023-05-01
0000000365,ZPKG,Smurfit Kappa Corrugated 365,,SMURFITKA,427 Zone Industrielle,Hamburg,20095,DE,DE,+33-585-3569046,contact@smurfit.kappa.corrugated..com,DE687639985,,,2018-04-21
0000000366,ZSRV,Schawk Global Pre-Media & Packaging,,SCHAWKGLO,309 Route Nationale,London,EC1A 1BB,GB,EN,+67-376-3301222,contact@schawk.global.pre-media.a.com,GB811335671,,,2020-09-11
0000000367,ZPKG,Sonoco Products Industrial 367,,SONOCOPRO,290 Packaging Avenue,Atlanta,30303,US,EN,+78-304-5412305,contact@sonoco.products.industria.com,73-4332737,,,2021-11-12
0000000368,ZRAW,Cargill Food Ingredients & Starches,Logistics Terminal,CARGILLFO,303 Agri Park Road,Los Angeles,90001,US,EN,+43-340-1045936,contact@cargill.food.ingredients..com,36-9064202,,,2016-02-22
0000000369,ZSRV,Krones Bottling & Canning Machinery,Plant Operations,KRONESBOT,856 Avenida Industrial,Hamburg,20095,DE,DE,+66-176-2699372,contact@krones.bottling.and.canni.com,DE937009907,,,2018-11-14
0000000370,ZSRV,Endress+Hauser Sanitary Instrumenta,Distribution Hub,ENDRESS+HA,271 Zone Industrielle,Stuttgart,70173,DE,DE,+38-468-6246354,contact@endress+hauser.sanitary.i.com,DE142353230,,,2020-10-10
0000000371,ZPKG,Silgan Closures & Metal Containers ,,SILGANCLO,10 Commerce Way,Frankfurt,60311,DE,DE,+43-466-8343630,contact@silgan.closures.and.metal.com,DE283086166,,,2022-12-21
0000000372,ZRAW,DSM-Firmenich Nutritional Products ,Logistics Terminal,DSM-FIRMEN,382 Harbor Road,São Paulo,01000-000,BR,PT,+89-971-9023619,contact@dsm-firmenich.nutritional.com,61.567.378/0001-59,,,2020-09-23
0000000373,ZSRV,Alfa Laval Hygienic Pumps & Valves ,,ALFALAVAL,116 Commerce Way,Rio de Janeiro,20000-000,BR,PT,+54-704-9097940,contact@alfa.laval.hygienic.pumps.com,17.964.263/0001-23,,,2022-05-19
0000000374,ZSRV,Kalyan Retail Display & POS Solutio,,KALYANRET,798 Gewerbestraße,Los Angeles,90001,US,EN,+62-599-2894776,contact@kalyan.retail.display.and.com,97-3192032,,,2020-08-11
0000000375,ZSRV,Pacmoore Dry Blending & Sifting 375,Regional HQ,PACMOORED,671 Harbor Road,Stuttgart,70173,DE,DE,+96-690-4757843,contact@pacmoore.dry.blending.and.com,DE924127682,,,2023-07-06
0000000376,ZRAW,Sensient Technologies Flavors 376,,SENSIENTT,444 Central Way,Atlanta,30303,US,EN,+20-959-1915467,contact@sensient.technologies.fla.com,94-7457158,,,2016-02-17
0000000377,ZSRV,Endress+Hauser Sanitary Instrumenta,,ENDRESS+HA,873 Avenida Industrial,Lille,59000,FR,FR,+97-603-6379342,contact@endress+hauser.sanitary.i.com,FR20048242,,,2018-09-13
0000000378,ZRAW,Kalsec Natural Herb Extracts & Colo,,KALSECNAT,520 Central Way,Zurich,8001,CH,DE,+52-936-4942645,contact@kalsec.natural.herb.extra.com,CH60819877,,,2016-11-18
0000000379,ZSRV,Del Monte Toll Manufacturing 379,,DELMONTE,91 Avenida Industrial,Seattle,98101,US,EN,+96-769-1298116,contact@del.monte.toll.manufactur.com,25-9344540,,,2017-02-24
0000000380,ZSRV,Hearthside Food Solutions Co-Packin,,HEARTHSIDE,563 Industrial Park West,Philadelphia,19102,US,EN,+66-675-4470388,contact@hearthside.food.solutions.com,87-6110305,,,2023-05-05
0000000381,ZSRV,Krones Bottling & Canning Machinery,,KRONESBOT,373 Logistics Boulevard,New York,10001,US,EN,+72-885-8937865,contact@krones.bottling.and.canni.com,68-6569576,,,2024-01-14
0000000382,ZSRV,Bühler Food Processing Machinery 38,,BÜHLERFOO,117 Packaging Avenue,Seattle,98101,US,EN,+44-463-5898671,contact@bühler.food.processing.ma.com,38-1036858,,,2022-02-21
0000000383,ZSRV,DSV Road Freight & FMCG Logistics 3,,DSVROADF,47 Agri Park Road,Atlanta,30303,US,EN,+33-725-4287016,contact@dsv.road.freight.and.fmcg.com,62-2794516,,,2018-02-07
0000000384,ZPKG,Graphic Packaging International 384,,GRAPHICPA,221 Zone Industrielle,Lille,59000,FR,FR,+92-446-2808009,contact@graphic.packaging.interna.com,FR35579048,,,2020-08-24
0000000385,ZPKG,Ball Beverage Packaging Corp 385,,BALLBEVER,791 Zone Industrielle,Paris,75001,FR,FR,+65-237-9368955,contact@ball.beverage.packaging.c.com,FR89096676,,,2016-01-18
0000000386,ZSRV,XPO Logistics Ambient & Reefer 386,,XPOLOGIST,958 Route Nationale,Gurugram,122001,IN,EN,+23-808-3913368,contact@xpo.logistics.ambient.and.com,27P9328Y1Z5,,,2024-03-11
0000000387,ZPKG,SIG Combibloc Aseptic Systems 387,,SIGCOMBIB,517 Industriestraße,Cologne,50667,DE,DE,+89-880-5164755,contact@sig.combibloc.aseptic.sys.com,DE753901994,,,2019-01-25
0000000388,ZSRV,Refresco Beverages Bottling 388,Regional HQ,REFRESCOB,464 Commerce Way,Utrecht,3511,NL,FR,+39-963-6266549,contact@refresco.beverages.bottli.com,NL78759020,,,2023-12-25
0000000389,ZSRV,HAVI Global Logistics & Supply Chai,,HAVIGLOBA,215 Freight Terminal Drive,Manchester,M1 1AD,GB,EN,+17-827-3983202,contact@havi.global.logistics.and.com,GB821955780,,,2021-08-25
0000000390,ZSRV,Americold Temperature-Controlled 39,,AMERICOLD,728 Packaging Avenue,Birmingham,B1 1AA,GB,EN,+62-696-8004117,contact@americold.temperature-con.com,GB703743777,,,2023-07-24
0000000391,ZSRV,DB Schenker Dedicated Fleet Logisti,,DBSCHENKE,828 Industrial Park West,Berlin,10117,DE,DE,+49-248-1890282,contact@db.schenker.dedicated.fle.com,DE127135757,,,2023-07-08
0000000392,ZPKG,Ardagh Glass Packaging 392,Plant Operations,ARDAGHGLA,294 Supply Chain Park,Munich,80331,DE,DE,+38-308-1542011,contact@ardagh.glass.packaging.39.com,DE841520570,,,2020-01-09
0000000393,ZSRV,TreeHouse Private Brands Co-Packing,,TREEHOUSE,886 Central Way,Hanover,30159,DE,DE,+50-343-9571853,contact@treehouse.private.brands..com,DE702659666,,,2023-10-22
0000000394,ZRAW,Barentz Food & Nutrition Distributi,,BARENTZFO,949 Industriestraße,London,EC1A 1BB,GB,EN,+88-420-1902651,contact@barentz.food.and.nutritio.com,GB946228305,,,2016-02-23
0000000395,ZRAW,Tate & Lyle Sweeteners & Starches 3,,TATE&LYL,850 Central Way,Nuremberg,90402,DE,DE,+91-763-7169672,contact@tate.and.lyle.sweeteners..com,DE856589701,,,2022-08-07
0000000396,ZSRV,Americold Temperature-Controlled 39,,AMERICOLD,795 Brewery Street,Bengaluru,560001,IN,EN,+23-852-9620919,contact@americold.temperature-con.com,27F2220F1Z5,,,2017-05-03
0000000397,ZRAW,Lactalis Food Ingredients 397,Regional HQ,LACTALISF,570 Supply Chain Park,Stuttgart,70173,DE,DE,+1-438-8823741,contact@lactalis.food.ingredients.com,DE373821508,,,2023-12-16
0000000398,ZPKG,AptarGroup Dispensing Systems 398,,APTARGROUP,612 Logistics Boulevard,Cologne,50667,DE,DE,+79-963-6052539,contact@aptargroup.dispensing.sys.com,DE771482340,,,2021-07-02
0000000399,ZSRV,Geodis Contract Logistics & Haulage,,GEODISCON,803 Harbor Road,London,EC1A 1BB,GB,EN,+67-169-9474848,contact@geodis.contract.logistics.com,GB297427943,,,2017-10-14
0000000400,ZSRV,Fuchs Food Technology & Blending 40,Distribution Hub,FUCHSFOOD,95 Gewerbestraße,Los Angeles,90001,US,EN,+43-469-5925360,contact@fuchs.food.technology.and.com,94-6568081,,,2018-06-13
0000000401,ZSRV,Merck Millipore Food Microbiology 4,Specialty Ingredients Div,MERCKMILL,844 Industrial Park West,Philadelphia,19102,US,EN,+83-728-5090740,contact@merck.millipore.food.micr.com,67-5032368,,,2016-06-12
0000000402,ZSRV,Stora Enso Brand Activation Display,,STORAENSO,938 Packaging Avenue,Curitiba,80010-000,BR,PT,+67-941-7290752,contact@stora.enso.brand.activati.com,79.841.389/0001-13,,,2021-10-07
0000000403,ZSRV,C.H. Robinson Worldwide Freight 403,,C.H.ROBIN,304 Brewery Street,Chicago,60601,US,EN,+22-891-9945709,contact@c.h..robinson.worldwide.f.com,20-2609881,,,2016-01-31
0000000404,ZSRV,Klüber Food-Grade Lubricants 404,,KLÜBERFOO,886 Route Nationale,Düsseldorf,40213,DE,DE,+69-948-8302077,contact@klüber.food-grade.lubrica.com,DE320739381,,,2023-04-02
0000000405,ZPKG,Alpla Plastic Technologies 405,,ALPLAPLAS,25 Zone Industrielle,Bengaluru,560001,IN,EN,+7-282-5226314,contact@alpla.plastic.technologie.com,27B2433C1Z5,,,2022-04-04
0000000406,ZPKG,Alpla Plastic Technologies 406,,ALPLAPLAS,933 Supply Chain Park,Manchester,M1 1AD,GB,EN,+81-514-8264954,contact@alpla.plastic.technologie.com,GB584392493,,,2019-07-19
0000000407,ZPKG,Smurfit Kappa Corrugated 407,,SMURFITKA,548 Industrial Park West,Atlanta,30303,US,EN,+97-863-1763646,contact@smurfit.kappa.corrugated..com,89-2060950,,,2023-11-10
0000000408,ZPKG,Alpla Plastic Technologies 408,,ALPLAPLAS,109 Freight Terminal Drive,Philadelphia,19102,US,EN,+37-883-8342987,contact@alpla.plastic.technologie.com,48-2451316,,,2020-04-11
0000000409,ZSRV,Refresco Beverages Bottling 409,,REFRESCOB,486 Agri Park Road,São Paulo,01000-000,BR,PT,+38-749-3417186,contact@refresco.beverages.bottli.com,27.864.500/0001-79,,,2019-05-05
0000000410,ZSRV,Kalyan Retail Display & POS Solutio,,KALYANRET,981 Industrial Park West,Campinas,13010-000,BR,PT,+1-686-7611593,contact@kalyan.retail.display.and.com,81.244.226/0001-15,,,2022-01-09
0000000411,ZSRV,HAVI Global Logistics & Supply Chai,Regional HQ,HAVIGLOBA,216 Gewerbestraße,Utrecht,3511,NL,FR,+21-288-4704207,contact@havi.global.logistics.and.com,NL29120002,,,2022-12-01
0000000412,ZRAW,Tate & Lyle Sweeteners & Starches 4,,TATE&LYL,688 Logistics Boulevard,Munich,80331,DE,DE,+60-760-2227162,contact@tate.and.lyle.sweeteners..com,DE689324397,,,2019-04-05
0000000413,ZSRV,Krones Bottling & Canning Machinery,,KRONESBOT,203 Avenida Industrial,Hamburg,20095,DE,DE,+17-787-4934808,contact@krones.bottling.and.canni.com,DE483474399,,,2017-02-13
0000000414,ZRAW,Barentz Food & Nutrition Distributi,,BARENTZFO,326 Avenida Industrial,Manchester,M1 1AD,GB,EN,+85-413-3556763,contact@barentz.food.and.nutritio.com,GB761792646,,,2022-05-05
0000000415,ZSRV,Bollore Logistics Food Cargo 415,Specialty Ingredients Div,BOLLORELO,982 Route Nationale,New York,10001,US,EN,+92-857-8316947,contact@bollore.logistics.food.ca.com,41-4716584,,,2019-02-07
0000000416,ZRAW,Sudzucker Industrial Sugars 416,,SUDZUCKER,899 Avenida Industrial,Cologne,50667,DE,DE,+40-598-2825908,contact@sudzucker.industrial.suga.com,DE485195859,,,2017-12-20
0000000417,ZSRV,Endress+Hauser Sanitary Instrumenta,,ENDRESS+HA,880 Commerce Way,Birmingham,B1 1AA,GB,EN,+34-851-2282825,contact@endress+hauser.sanitary.i.com,GB310917183,,,2024-02-27
0000000418,ZPKG,Alpla Plastic Technologies 418,,ALPLAPLAS,647 Industrial Park West,Santos,11010-000,BR,PT,+28-137-5372416,contact@alpla.plastic.technologie.com,84.514.887/0001-85,,,2022-02-04
0000000419,ZSRV,Americold Temperature-Controlled 41,Regional HQ,AMERICOLD,375 Industriestraße,Dallas,75201,US,EN,+60-613-9563292,contact@americold.temperature-con.com,47-3246154,,,2017-01-05
0000000420,ZSRV,Refresco Beverages Bottling 420,,REFRESCOB,679 Central Way,Chicago,60601,US,EN,+97-626-3355029,contact@refresco.beverages.bottli.com,88-3782393,,,2021-01-01
0000000421,ZPKG,Kallfass Shrink Wrap Solutions 421,,KALLFASSS,754 Avenida Industrial,Munich,80331,DE,DE,+29-879-9181277,contact@kallfass.shrink.wrap.solu.com,DE143400463,,,2018-08-07
0000000422,ZPKG,Huhtamaki Foodservice Packaging 422,,HUHTAMAKI,44 Brewery Street,Düsseldorf,40213,DE,DE,+47-497-8879825,contact@huhtamaki.foodservice.pac.com,DE949824193,,,2021-02-05
0000000423,ZPKG,Ball Beverage Packaging Corp 423,,BALLBEVER,106 Supply Chain Park,Cologne,50667,DE,DE,+75-657-3916715,contact@ball.beverage.packaging.c.com,DE382733476,,,2020-03-22
0000000424,ZSRV,Alfa Laval Hygienic Pumps & Valves ,,ALFALAVAL,530 Supply Chain Park,Atlanta,30303,US,EN,+52-461-6788681,contact@alfa.laval.hygienic.pumps.com,38-9663280,,,2021-06-17
0000000425,ZSRV,Thielmann Aseptic Keg Services 425,,THIELMANN,514 Commerce Way,São Paulo,01000-000,BR,PT,+36-316-3520615,contact@thielmann.aseptic.keg.ser.com,39.178.626/0001-92,,,2018-02-04
0000000426,ZPKG,Kallfass Shrink Wrap Solutions 426,,KALLFASSS,677 Central Way,Atlanta,30303,US,EN,+62-791-9033176,contact@kallfass.shrink.wrap.solu.com,52-2901507,,,2021-05-16
0000000427,ZRAW,Archer Daniels Midland Nutrition 42,Plant Operations,ARCHERDAN,854 Route Nationale,Glasgow,G1 1AA,GB,EN,+74-706-3703298,contact@archer.daniels.midland.nu.com,GB237315592,,,2017-07-05
0000000428,ZSRV,Klüber Food-Grade Lubricants 428,,KLÜBERFOO,58 Agri Park Road,Dallas,75201,US,EN,+52-713-1312392,contact@klüber.food-grade.lubrica.com,33-9667792,,,2024-01-26
0000000429,ZSRV,Bühler Food Processing Machinery 42,,BÜHLERFOO,222 Zone Industrielle,São Paulo,01000-000,BR,PT,+29-950-7891524,contact@bühler.food.processing.ma.com,70.988.593/0001-31,,,2022-09-27
0000000430,ZPKG,DS Smith Corrugated Packaging 430,Specialty Ingredients Div,DSSMITHC,639 Supply Chain Park,Bengaluru,560001,IN,EN,+49-494-3218169,contact@ds.smith.corrugated.packa.com,27O2127H1Z5,,,2017-03-20
0000000431,ZPKG,Smurfit Kappa Corrugated 431,,SMURFITKA,701 Route Nationale,Hanover,30159,DE,DE,+13-281-8983760,contact@smurfit.kappa.corrugated..com,DE750162509,,,2022-11-23
0000000432,ZSRV,Festo Pneumatics & Factory Automati,Distribution Hub,FESTOPNEU,516 Packaging Avenue,Hanover,30159,DE,DE,+70-947-1020136,contact@festo.pneumatics.and.fact.com,DE747975975,,,2023-08-11
0000000433,ZSRV,Alfa Laval Hygienic Pumps & Valves ,,ALFALAVAL,380 Logistics Boulevard,Los Angeles,90001,US,EN,+62-908-7396087,contact@alfa.laval.hygienic.pumps.com,64-4850140,,,2019-12-06
0000000434,ZSRV,Diversey Hygiene & CIP Solutions 43,,DIVERSEYH,590 Packaging Avenue,Ahmedabad,380001,IN,EN,+30-979-2406225,contact@diversey.hygiene.and.cip..com,27I8817Y1Z5,,,2019-03-06
0000000435,ZSRV,Festo Pneumatics & Factory Automati,Plant Operations,FESTOPNEU,264 Brewery Street,Curitiba,80010-000,BR,PT,+1-484-4446353,contact@festo.pneumatics.and.fact.com,83.635.220/0001-76,,,2023-09-18
0000000436,ZRAW,FMC BioPolymer Food Texturizers 436,,FMCBIOPOL,159 Route Nationale,Atlanta,30303,US,EN,+69-533-7134489,contact@fmc.biopolymer.food.textu.com,42-5383935,,,2022-11-11
0000000437,ZRAW,Olam Agri Commodities & Nuts 437,,OLAMAGRI,774 Brewery Street,Lausanne,1003,CH,DE,+62-283-7211142,contact@olam.agri.commodities.and.com,CH84834795,,,2022-04-09
0000000438,ZSRV,NFI Dedicated Fleet & Crossdock 438,,NFIDEDICA,592 Gewerbestraße,Minneapolis,55401,US,EN,+85-221-4854922,contact@nfi.dedicated.fleet.and.c.com,60-3316405,,,2021-01-03
0000000439,ZSRV,Quad Packaging Retail Displays 439,,QUADPACKA,220 Industriestraße,Rotterdam,3011,NL,FR,+79-813-1873301,contact@quad.packaging.retail.dis.com,NL83897088,,,2017-10-20
0000000440,ZRAW,Fonterra Dairy Commodities 440,,FONTERRAD,824 Factory Lane,Rotterdam,3011,NL,FR,+77-545-2478755,contact@fonterra.dairy.commoditie.com,NL73306295,,,2016-09-19
0000000441,ZRAW,Chr. Hansen Food Cultures & Enzymes,,CHR.HANSE,624 Logistics Boulevard,Hamburg,20095,DE,DE,+79-771-9741022,contact@chr..hansen.food.cultures.com,DE530189140,,,2019-03-19
0000000442,ZSRV,Festo Pneumatics & Factory Automati,,FESTOPNEU,656 Avenida Industrial,Munich,80331,DE,DE,+85-923-9693169,contact@festo.pneumatics.and.fact.com,DE316581500,,,2019-03-17
0000000443,ZPKG,Gerresheimer Glass Packaging 443,,GERRESHEIM,529 Central Way,Hanover,30159,DE,DE,+5-468-5014060,contact@gerresheimer.glass.packag.com,DE823728171,,,2023-05-06
0000000444,ZPKG,Tetra Pak Packaging Systems 444,,TETRAPAK,283 Industriestraße,Zurich,8001,CH,DE,+52-700-4360650,contact@tetra.pak.packaging.syste.com,CH63035211,,,2021-10-21
0000000445,ZPKG,Amcor Flexibles Packaging 445,,AMCORFLEX,942 Factory Lane,Mumbai,400001,IN,EN,+36-331-4263591,contact@amcor.flexibles.packaging.com,27X6703L1Z5,,,2021-02-05
0000000446,ZSRV,Hearthside Food Solutions Co-Packin,,HEARTHSIDE,180 Route Nationale,Birmingham,B1 1AA,GB,EN,+10-615-5936726,contact@hearthside.food.solutions.com,GB699825163,,,2019-10-24
0000000447,ZPKG,Silgan Closures & Metal Containers ,,SILGANCLO,898 Supply Chain Park,Chennai,600001,IN,EN,+32-875-6698561,contact@silgan.closures.and.metal.com,27M8923Y1Z5,,,2021-02-22
0000000448,ZSRV,Stora Enso Brand Activation Display,,STORAENSO,494 Packaging Avenue,Chicago,60601,US,EN,+87-818-4857587,contact@stora.enso.brand.activati.com,58-4697401,,,2019-07-17
0000000449,ZSRV,Cott Bottling & Beverage Services 4,Plant Operations,COTTBOTTL,718 Supply Chain Park,Rotterdam,3011,NL,FR,+87-866-6737688,contact@cott.bottling.and.beverag.com,NL63543563,,,2016-11-07
0000000450,ZSRV,HAVI Global Logistics & Supply Chai,Regional HQ,HAVIGLOBA,322 Gewerbestraße,Lille,59000,FR,FR,+24-864-4190481,contact@havi.global.logistics.and.com,FR46114740,,,2021-08-05
0000000451,ZRAW,Cargill Food Ingredients & Starches,Distribution Hub,CARGILLFO,894 Supply Chain Park,Düsseldorf,40213,DE,DE,+32-956-6973148,contact@cargill.food.ingredients..com,DE996510519,,,2017-09-30
0000000452,ZPKG,Sonoco Products Industrial 452,,SONOCOPRO,693 Avenida Industrial,Hamburg,20095,DE,DE,+70-143-9091518,contact@sonoco.products.industria.com,DE920600973,,,2020-02-29
0000000453,ZSRV,Merck Millipore Food Microbiology 4,,MERCKMILL,503 Agri Park Road,Minneapolis,55401,US,EN,+51-327-3151610,contact@merck.millipore.food.micr.com,75-5702093,,,2016-08-09
0000000454,ZSRV,XPO Logistics Ambient & Reefer 454,,XPOLOGIST,963 Logistics Boulevard,Pune,411001,IN,EN,+16-815-9694039,contact@xpo.logistics.ambient.and.com,27M3863O1Z5,,,2021-02-27
0000000455,ZRAW,FMC BioPolymer Food Texturizers 455,,FMCBIOPOL,691 Brewery Street,London,EC1A 1BB,GB,EN,+42-470-5357055,contact@fmc.biopolymer.food.textu.com,GB208177158,,,2018-02-05
0000000456,ZSRV,HAVI Global Logistics & Supply Chai,,HAVIGLOBA,483 Harbor Road,Stuttgart,70173,DE,DE,+55-315-8031212,contact@havi.global.logistics.and.com,DE635550230,,,2023-11-10
0000000457,ZRAW,Agrana Fruit Preparations 457,Distribution Hub,AGRANAFRU,287 Zone Industrielle,Los Angeles,90001,US,EN,+13-838-5528994,contact@agrana.fruit.preparations.com,83-4834713,,,2018-08-23
0000000458,ZSRV,NFI Dedicated Fleet & Crossdock 458,,NFIDEDICA,201 Commerce Way,Los Angeles,90001,US,EN,+2-280-8071943,contact@nfi.dedicated.fleet.and.c.com,29-8935405,,,2021-08-08
0000000459,ZPKG,Klöckner Pentaplast Food Films 459,,KLÖCKNERP,805 Avenida Industrial,Basel,4001,CH,DE,+73-148-7684074,contact@klöckner.pentaplast.food..com,CH85448945,,,2017-02-09
0000000460,ZSRV,Schawk Global Pre-Media & Packaging,,SCHAWKGLO,834 Supply Chain Park,Düsseldorf,40213,DE,DE,+13-560-6614605,contact@schawk.global.pre-media.a.com,DE776309403,,,2018-11-30
0000000461,ZRAW,Sudzucker Industrial Sugars 461,,SUDZUCKER,955 Supply Chain Park,Philadelphia,19102,US,EN,+45-988-4337963,contact@sudzucker.industrial.suga.com,62-3034027,,,2022-06-20
0000000462,ZSRV,Geodis Contract Logistics & Haulage,,GEODISCON,179 Freight Terminal Drive,Bristol,BS1 1AA,GB,EN,+66-599-8498243,contact@geodis.contract.logistics.com,GB822835305,,,2016-11-17
0000000463,ZRAW,Lactalis Food Ingredients 463,,LACTALISF,647 Commerce Way,Leeds,LS1 1BA,GB,EN,+44-531-7790959,contact@lactalis.food.ingredients.com,GB787818236,,,2016-10-19
0000000464,ZPKG,Avery Dennison Label Solutions 464,,AVERYDENN,322 Harbor Road,Düsseldorf,40213,DE,DE,+35-719-7634639,contact@avery.dennison.label.solu.com,DE862822145,,,2019-01-16
0000000465,ZSRV,Pacmoore Dry Blending & Sifting 465,,PACMOORED,766 Zone Industrielle,Chennai,600001,IN,EN,+94-340-5221936,contact@pacmoore.dry.blending.and.com,27F1378E1Z5,,,2023-11-10
0000000466,ZPKG,Avery Dennison Label Solutions 466,Logistics Terminal,AVERYDENN,106 Packaging Avenue,Berlin,10117,DE,DE,+7-126-7660764,contact@avery.dennison.label.solu.com,DE688876249,,,2021-11-16
0000000467,ZPKG,Avery Dennison Label Solutions 467,,AVERYDENN,87 Industriestraße,Munich,80331,DE,DE,+95-390-8434998,contact@avery.dennison.label.solu.com,DE365639987,,,2023-01-10
0000000468,ZPKG,SIG Combibloc Aseptic Systems 468,,SIGCOMBIB,30 Logistics Boulevard,Munich,80331,DE,DE,+61-578-5570355,contact@sig.combibloc.aseptic.sys.com,DE449182252,,,2022-02-24
0000000469,ZSRV,Pacmoore Dry Blending & Sifting 469,,PACMOORED,182 Zone Industrielle,Hanover,30159,DE,DE,+73-545-9782198,contact@pacmoore.dry.blending.and.com,DE782739957,,,2023-03-05
0000000470,ZSRV,Spirax Sarco Clean Steam Systems 47,,SPIRAXSAR,494 Central Way,New York,10001,US,EN,+47-522-5358838,contact@spirax.sarco.clean.steam..com,66-6165171,,,2017-09-29
0000000471,ZRAW,AAK Specialty Vegetable Fats 471,,AAKSPECIA,835 Commerce Way,Hanover,30159,DE,DE,+69-108-9253243,contact@aak.specialty.vegetable.f.com,DE603797467,,,2021-05-08
0000000472,ZRAW,AAK Specialty Vegetable Fats 472,,AAKSPECIA,818 Freight Terminal Drive,Berlin,10117,DE,DE,+1-661-7268704,contact@aak.specialty.vegetable.f.com,DE955522471,,,2018-02-11
0000000473,ZSRV,Cott Bottling & Beverage Services 4,Logistics Terminal,COTTBOTTL,405 Central Way,Curitiba,80010-000,BR,PT,+55-740-5019180,contact@cott.bottling.and.beverag.com,58.325.369/0001-20,,,2021-10-17
0000000474,ZSRV,Pall Food & Beverage Sterile Filter,,PALLFOOD,279 Freight Terminal Drive,Ahmedabad,380001,IN,EN,+25-973-2148634,contact@pall.food.and.beverage.st.com,27R5404N1Z5,,,2018-01-17
0000000475,ZPKG,Klöckner Pentaplast Food Films 475,,KLÖCKNERP,633 Zone Industrielle,Nuremberg,90402,DE,DE,+63-292-6379509,contact@klöckner.pentaplast.food..com,DE768676781,,,2016-03-20
0000000476,ZPKG,AptarGroup Dispensing Systems 476,,APTARGROUP,23 Agri Park Road,Hanover,30159,DE,DE,+35-228-8355410,contact@aptargroup.dispensing.sys.com,DE402918178,,,2024-02-26
0000000477,ZPKG,Amcor Flexibles Packaging 477,Logistics Terminal,AMCORFLEX,16 Avenida Industrial,Munich,80331,DE,DE,+64-480-8779334,contact@amcor.flexibles.packaging.com,DE434552915,,,2023-10-25
0000000478,ZPKG,Berry Global Consumer Packaging 478,,BERRYGLOB,58 Supply Chain Park,Dallas,75201,US,EN,+24-296-5195637,contact@berry.global.consumer.pac.com,19-8887754,,,2020-04-11
0000000479,ZPKG,Amcor Flexibles Packaging 479,Plant Operations,AMCORFLEX,395 Zone Industrielle,Düsseldorf,40213,DE,DE,+59-852-2576392,contact@amcor.flexibles.packaging.com,DE313867761,,,2021-11-04
0000000480,ZSRV,Krones Bottling & Canning Machinery,,KRONESBOT,399 Freight Terminal Drive,Lausanne,1003,CH,DE,+81-845-1707762,contact@krones.bottling.and.canni.com,CH31288466,,,2022-03-01
0000000481,ZSRV,DSV Road Freight & FMCG Logistics 4,Plant Operations,DSVROADF,654 Freight Terminal Drive,Nuremberg,90402,DE,DE,+28-215-4958849,contact@dsv.road.freight.and.fmcg.com,DE815858075,,,2023-02-05
0000000482,ZSRV,De-Roose Private Label Co-Packing 4,,DE-ROOSEP,814 Supply Chain Park,Dallas,75201,US,EN,+2-143-8973718,contact@de-roose.private.label.co.com,60-5078362,,,2023-09-20
0000000483,ZSRV,Festo Pneumatics & Factory Automati,,FESTOPNEU,255 Agri Park Road,Hamburg,20095,DE,DE,+80-446-2007511,contact@festo.pneumatics.and.fact.com,DE836527450,,,2016-09-01
0000000484,ZRAW,Tereos Pure Sugar & Sweeteners 484,Distribution Hub,TEREOSPUR,550 Packaging Avenue,Glasgow,G1 1AA,GB,EN,+72-907-6827024,contact@tereos.pure.sugar.and.swe.com,GB440096507,,,2020-12-01
0000000485,ZPKG,Gerresheimer Glass Packaging 485,,GERRESHEIM,367 Commerce Way,Berlin,10117,DE,DE,+63-823-8340032,contact@gerresheimer.glass.packag.com,DE142400500,,,2022-04-08
0000000486,ZRAW,Barry Callebaut Cocoa Products 486,,BARRYCALL,195 Agri Park Road,Seattle,98101,US,EN,+36-988-3690116,contact@barry.callebaut.cocoa.pro.com,51-8858359,,,2016-10-09
0000000487,ZSRV,XPO Logistics Ambient & Reefer 487,,XPOLOGIST,840 Supply Chain Park,Stuttgart,70173,DE,DE,+1-894-9488562,contact@xpo.logistics.ambient.and.com,DE587563596,,,2020-04-01
0000000488,ZPKG,Mauser Packaging Solutions 488,,MAUSERPAC,878 Gewerbestraße,Santos,11010-000,BR,PT,+85-651-7501017,contact@mauser.packaging.solution.com,40.428.838/0001-18,,,2018-02-16
0000000489,ZSRV,XPO Logistics Ambient & Reefer 489,,XPOLOGIST,158 Freight Terminal Drive,Bristol,BS1 1AA,GB,EN,+42-213-2614912,contact@xpo.logistics.ambient.and.com,GB788165352,,,2021-11-13
0000000490,ZSRV,Bühler Food Processing Machinery 49,Logistics Terminal,BÜHLERFOO,183 Logistics Boulevard,Munich,80331,DE,DE,+13-132-7519606,contact@bühler.food.processing.ma.com,DE305746804,,,2023-05-18
0000000491,ZSRV,Kuehne + Nagel FMCG Supply Chain 49,Plant Operations,KUEHNE+N,51 Gewerbestraße,Minneapolis,55401,US,EN,+84-603-2341452,contact@kuehne.+.nagel.fmcg.suppl.com,11-4502044,,,2021-04-01
0000000492,ZSRV,Spirax Sarco Clean Steam Systems 49,,SPIRAXSAR,762 Route Nationale,Hanover,30159,DE,DE,+91-159-5459646,contact@spirax.sarco.clean.steam..com,DE952818991,,,2021-12-06
0000000493,ZPKG,Ball Beverage Packaging Corp 493,,BALLBEVER,80 Brewery Street,Chennai,600001,IN,EN,+30-644-7464782,contact@ball.beverage.packaging.c.com,27D2658X1Z5,,,2018-02-15
0000000494,ZPKG,Gerresheimer Glass Packaging 494,,GERRESHEIM,584 Agri Park Road,Cincinnati,45202,US,EN,+96-208-7005628,contact@gerresheimer.glass.packag.com,81-7965641,,,2023-07-25
0000000495,ZSRV,Del Monte Toll Manufacturing 495,Distribution Hub,DELMONTE,905 Packaging Avenue,Pune,411001,IN,EN,+44-773-3653760,contact@del.monte.toll.manufactur.com,27R7579Q1Z5,,,2021-12-26
0000000496,ZSRV,Festo Pneumatics & Factory Automati,,FESTOPNEU,925 Harbor Road,New York,10001,US,EN,+53-882-8224069,contact@festo.pneumatics.and.fact.com,51-7236418,,,2024-02-21
0000000497,ZRAW,Corbion Lactic Acid & Preservation ,,CORBIONLA,559 Brewery Street,Bristol,BS1 1AA,GB,EN,+96-360-7039941,contact@corbion.lactic.acid.and.p.com,GB690814307,,,2021-01-27
0000000498,ZSRV,TreeHouse Private Brands Co-Packing,,TREEHOUSE,744 Logistics Boulevard,Rotterdam,3011,NL,FR,+3-630-3266362,contact@treehouse.private.brands..com,NL89961933,,,2019-05-21
0000000499,ZPKG,Tetra Pak Packaging Systems 499,Specialty Ingredients Div,TETRAPAK,220 Harbor Road,Cincinnati,45202,US,EN,+72-684-3595683,contact@tetra.pak.packaging.syste.com,80-9577712,,,2017-01-21
0000000500,ZPKG,Berry Global Consumer Packaging 500,,BERRYGLOB,142 Supply Chain Park,Dallas,75201,US,EN,+30-362-6038238,contact@berry.global.consumer.pac.com,84-5191903,,,2017-01-11
0000000501,ZSRV,Geodis Contract Logistics & Haulage,,GEODISCON,752 Factory Lane,Cincinnati,45202,US,EN,+63-945-2599943,contact@geodis.contract.logistics.com,71-3900822,,,2022-09-04
0000000502,ZSRV,Endress+Hauser Sanitary Instrumenta,,ENDRESS+HA,81 Logistics Boulevard,Los Angeles,90001,US,EN,+56-526-3022334,contact@endress+hauser.sanitary.i.com,52-6837300,,,2018-07-17
0000000503,ZSRV,Alfa Laval Hygienic Pumps & Valves ,Regional HQ,ALFALAVAL,650 Industriestraße,São Paulo,01000-000,BR,PT,+20-434-9428900,contact@alfa.laval.hygienic.pumps.com,15.426.652/0001-82,,,2023-10-29
0000000504,ZRAW,Symrise Taste & Nutrition Solutions,,SYMRISETA,995 Zone Industrielle,Berlin,10117,DE,DE,+65-192-4725978,contact@symrise.taste.and.nutriti.com,DE717675194,,,2020-11-04
0000000505,ZRAW,Barry Callebaut Cocoa Products 505,Regional HQ,BARRYCALL,136 Harbor Road,Bengaluru,560001,IN,EN,+52-368-2427388,contact@barry.callebaut.cocoa.pro.com,27X1807R1Z5,,,2020-06-20
0000000506,ZSRV,Lineage Logistics Refrigerated Ware,,LINEAGELO,781 Commerce Way,Dallas,75201,US,EN,+51-767-4290000,contact@lineage.logistics.refrige.com,35-9184951,,,2022-04-17
0000000507,ZSRV,Pall Food & Beverage Sterile Filter,,PALLFOOD,249 Factory Lane,Geneva,1201,CH,DE,+42-801-2503148,contact@pall.food.and.beverage.st.com,CH67722445,,,2017-04-05
0000000508,ZSRV,Krones Bottling & Canning Machinery,,KRONESBOT,357 Brewery Street,New York,10001,US,EN,+99-412-3839632,contact@krones.bottling.and.canni.com,86-1406123,,,2019-12-03
0000000509,ZSRV,Pall Food & Beverage Sterile Filter,,PALLFOOD,639 Commerce Way,Curitiba,80010-000,BR,PT,+20-875-2439727,contact@pall.food.and.beverage.st.com,39.304.801/0001-57,,,2017-04-05
0000000510,ZPKG,Crown Cork & Seal Europe 510,Plant Operations,CROWNCORK,890 Freight Terminal Drive,Munich,80331,DE,DE,+58-582-1381650,contact@crown.cork.and.seal.europ.com,DE427618008,,,2019-09-21
0000000511,ZRAW,Archer Daniels Midland Nutrition 51,,ARCHERDAN,209 Supply Chain Park,Bengaluru,560001,IN,EN,+90-784-1308508,contact@archer.daniels.midland.nu.com,27T3315W1Z5,,,2020-03-22
0000000512,ZSRV,Ecolab Food & Beverage Hygiene 512,Distribution Hub,ECOLABFOO,262 Agri Park Road,Paris,75001,FR,FR,+35-154-8800748,contact@ecolab.food.and.beverage..com,FR92941828,,,2023-05-05
0000000513,ZPKG,Amcor Flexibles Packaging 513,,AMCORFLEX,679 Gewerbestraße,Stuttgart,70173,DE,DE,+38-988-7484783,contact@amcor.flexibles.packaging.com,DE120485196,,,2018-08-04
0000000514,ZRAW,Lactalis Food Ingredients 514,,LACTALISF,926 Harbor Road,Atlanta,30303,US,EN,+12-290-4336572,contact@lactalis.food.ingredients.com,86-9918107,,,2021-08-12
0000000515,ZSRV,Del Monte Toll Manufacturing 515,Regional HQ,DELMONTE,23 Logistics Boulevard,Glasgow,G1 1AA,GB,EN,+43-601-7600153,contact@del.monte.toll.manufactur.com,GB427413432,,,2017-10-05
0000000516,ZPKG,Smurfit Kappa Corrugated 516,Regional HQ,SMURFITKA,364 Freight Terminal Drive,New York,10001,US,EN,+81-363-7495644,contact@smurfit.kappa.corrugated..com,45-2040350,,,2016-04-30
0000000517,ZSRV,NFI Dedicated Fleet & Crossdock 517,,NFIDEDICA,156 Harbor Road,Amsterdam,1012,NL,FR,+18-189-7412371,contact@nfi.dedicated.fleet.and.c.com,NL98171888,,,2021-11-02
0000000518,ZSRV,Kalyan Retail Display & POS Solutio,,KALYANRET,703 Central Way,Glasgow,G1 1AA,GB,EN,+20-536-6240913,contact@kalyan.retail.display.and.com,GB715145139,,,2022-10-15
0000000519,ZRAW,Kalsec Natural Herb Extracts & Colo,,KALSECNAT,212 Commerce Way,Dallas,75201,US,EN,+18-416-9787997,contact@kalsec.natural.herb.extra.com,97-4394202,,,2017-07-07
0000000520,ZSRV,De-Roose Private Label Co-Packing 5,,DE-ROOSEP,672 Agri Park Road,Geneva,1201,CH,DE,+69-836-2986209,contact@de-roose.private.label.co.com,CH84804948,,,2018-01-24
0000000521,ZRAW,FMC BioPolymer Food Texturizers 521,,FMCBIOPOL,745 Industrial Park West,Rio de Janeiro,20000-000,BR,PT,+96-941-5593537,contact@fmc.biopolymer.food.textu.com,62.521.410/0001-66,,,2017-09-14
0000000522,ZPKG,Gerresheimer Glass Packaging 522,,GERRESHEIM,27 Supply Chain Park,Munich,80331,DE,DE,+30-710-4895376,contact@gerresheimer.glass.packag.com,DE757518717,,,2018-08-03
0000000523,ZSRV,Stora Enso Brand Activation Display,Regional HQ,STORAENSO,705 Avenida Industrial,Hamburg,20095,DE,DE,+92-765-7273997,contact@stora.enso.brand.activati.com,DE603330974,,,2018-01-23
0000000524,ZRAW,Fonterra Dairy Commodities 524,Logistics Terminal,FONTERRAD,168 Brewery Street,Dallas,75201,US,EN,+53-327-4402982,contact@fonterra.dairy.commoditie.com,11-5527477,,,2018-04-17
0000000525,ZPKG,Huhtamaki Foodservice Packaging 525,,HUHTAMAKI,888 Avenida Industrial,Nuremberg,90402,DE,DE,+32-537-7792537,contact@huhtamaki.foodservice.pac.com,DE591285126,,,2016-06-20
0000000526,ZSRV,SKF Food Line Bearings & Lubricatio,,SKFFOODL,738 Harbor Road,Pune,411001,IN,EN,+83-996-1646123,contact@skf.food.line.bearings.an.com,27X9784Q1Z5,,,2021-11-02
0000000527,ZPKG,Sonoco Products Industrial 527,,SONOCOPRO,899 Central Way,Chicago,60601,US,EN,+72-496-9659168,contact@sonoco.products.industria.com,60-1658532,,,2023-01-27
0000000528,ZPKG,Crown Cork & Seal Europe 528,,CROWNCORK,408 Freight Terminal Drive,Nuremberg,90402,DE,DE,+60-270-8087739,contact@crown.cork.and.seal.europ.com,DE406998453,,,2019-04-20
0000000529,ZSRV,Pall Food & Beverage Sterile Filter,Regional HQ,PALLFOOD,475 Zone Industrielle,Lyon,69001,FR,FR,+24-897-3270069,contact@pall.food.and.beverage.st.com,FR25189633,,,2020-05-29
0000000530,ZSRV,Cott Bottling & Beverage Services 5,,COTTBOTTL,184 Zone Industrielle,Chicago,60601,US,EN,+12-356-6437072,contact@cott.bottling.and.beverag.com,35-8628318,,,2023-10-04
0000000531,ZSRV,Alfa Laval Hygienic Pumps & Valves ,Logistics Terminal,ALFALAVAL,736 Packaging Avenue,Lyon,69001,FR,FR,+47-187-9788196,contact@alfa.laval.hygienic.pumps.com,FR95103759,,,2023-12-07
0000000532,ZRAW,Fonterra Dairy Commodities 532,,FONTERRAD,627 Agri Park Road,Gurugram,122001,IN,EN,+22-443-3518087,contact@fonterra.dairy.commoditie.com,27M1719Y1Z5,,,2017-10-26
0000000533,ZPKG,DS Smith Corrugated Packaging 533,,DSSMITHC,430 Freight Terminal Drive,Frankfurt,60311,DE,DE,+58-395-4031576,contact@ds.smith.corrugated.packa.com,DE925310631,,,2017-04-26
0000000534,ZPKG,SIG Combibloc Aseptic Systems 534,Logistics Terminal,SIGCOMBIB,638 Supply Chain Park,Rotterdam,3011,NL,FR,+70-926-1096478,contact@sig.combibloc.aseptic.sys.com,NL76926628,,,2022-10-26
0000000535,ZSRV,DHL Supply Chain Cold-Chain 535,,DHLSUPPLY,465 Route Nationale,Nuremberg,90402,DE,DE,+77-106-5105605,contact@dhl.supply.chain.cold-cha.com,DE745551372,,,2022-02-19
0000000536,ZRAW,Olam Agri Commodities & Nuts 536,Distribution Hub,OLAMAGRI,840 Brewery Street,Bristol,BS1 1AA,GB,EN,+84-457-1616077,contact@olam.agri.commodities.and.com,GB159124453,,,2017-08-18
0000000537,ZPKG,Berry Global Consumer Packaging 537,,BERRYGLOB,306 Harbor Road,Bristol,BS1 1AA,GB,EN,+14-526-3990511,contact@berry.global.consumer.pac.com,GB152647028,,,2017-10-22
0000000538,ZSRV,Kalyan Retail Display & POS Solutio,,KALYANRET,182 Zone Industrielle,Hanover,30159,DE,DE,+5-195-6021328,contact@kalyan.retail.display.and.com,DE486749612,,,2019-08-15
0000000539,ZRAW,Agrana Fruit Preparations 539,,AGRANAFRU,777 Route Nationale,São Paulo,01000-000,BR,PT,+16-811-5603979,contact@agrana.fruit.preparations.com,18.399.582/0001-27,,,2019-09-10
0000000540,ZSRV,XPO Logistics Ambient & Reefer 540,,XPOLOGIST,713 Brewery Street,Cincinnati,45202,US,EN,+12-595-5818203,contact@xpo.logistics.ambient.and.com,23-9874251,,,2020-10-15
0000000541,ZSRV,SKF Food Line Bearings & Lubricatio,,SKFFOODL,539 Gewerbestraße,Campinas,13010-000,BR,PT,+94-747-9350710,contact@skf.food.line.bearings.an.com,88.676.608/0001-76,,,2021-07-10
0000000542,ZPKG,Mauser Packaging Solutions 542,,MAUSERPAC,726 Freight Terminal Drive,Rio de Janeiro,20000-000,BR,PT,+81-915-2978465,contact@mauser.packaging.solution.com,10.221.124/0001-69,,,2018-04-29
0000000543,ZSRV,Pall Food & Beverage Sterile Filter,,PALLFOOD,47 Harbor Road,Lausanne,1003,CH,DE,+28-111-4375360,contact@pall.food.and.beverage.st.com,CH95564277,,,2023-09-27
0000000544,ZRAW,Barentz Food & Nutrition Distributi,,BARENTZFO,316 Freight Terminal Drive,Hamburg,20095,DE,DE,+99-106-2909863,contact@barentz.food.and.nutritio.com,DE447810569,,,2023-09-10
0000000545,ZRAW,Kalsec Natural Herb Extracts & Colo,Specialty Ingredients Div,KALSECNAT,853 Agri Park Road,Chicago,60601,US,EN,+61-916-1596568,contact@kalsec.natural.herb.extra.com,96-9038102,,,2023-03-29
0000000546,ZPKG,Klöckner Pentaplast Food Films 546,,KLÖCKNERP,914 Harbor Road,Seattle,98101,US,EN,+67-406-6293259,contact@klöckner.pentaplast.food..com,62-1939897,,,2022-03-24
0000000547,ZSRV,DB Schenker Dedicated Fleet Logisti,Distribution Hub,DBSCHENKE,819 Gewerbestraße,Cologne,50667,DE,DE,+4-447-7295495,contact@db.schenker.dedicated.fle.com,DE401141657,,,2023-01-10
0000000548,ZSRV,DB Schenker Dedicated Fleet Logisti,Plant Operations,DBSCHENKE,621 Industriestraße,Santos,11010-000,BR,PT,+91-132-5554970,contact@db.schenker.dedicated.fle.com,49.822.978/0001-50,,,2020-08-22
0000000549,ZPKG,Sealed Air Protective Packaging 549,,SEALEDAIR,381 Zone Industrielle,Cincinnati,45202,US,EN,+68-409-3936226,contact@sealed.air.protective.pac.com,48-4626225,,,2017-04-04
0000000550,ZRAW,Agrana Fruit Preparations 550,,AGRANAFRU,936 Factory Lane,Bengaluru,560001,IN,EN,+20-294-6706197,contact@agrana.fruit.preparations.com,27A8907Q1Z5,,,2021-06-03
0000000551,ZSRV,XPO Logistics Ambient & Reefer 551,,XPOLOGIST,147 Packaging Avenue,New York,10001,US,EN,+27-841-1613249,contact@xpo.logistics.ambient.and.com,76-3226624,,,2021-02-24
0000000552,ZRAW,Fonterra Dairy Commodities 552,,FONTERRAD,119 Industrial Park West,Gurugram,122001,IN,EN,+60-147-2729778,contact@fonterra.dairy.commoditie.com,27B2426K1Z5,,,2021-11-02
0000000553,ZSRV,Bühler Food Processing Machinery 55,,BÜHLERFOO,592 Freight Terminal Drive,Mumbai,400001,IN,EN,+25-393-5641409,contact@bühler.food.processing.ma.com,27G6257G1Z5,,,2021-12-20
0000000554,ZRAW,FMC BioPolymer Food Texturizers 554,Specialty Ingredients Div,FMCBIOPOL,121 Supply Chain Park,Ahmedabad,380001,IN,EN,+72-626-2717572,contact@fmc.biopolymer.food.textu.com,27D1249T1Z5,,,2018-04-26
0000000555,ZSRV,Americold Temperature-Controlled 55,,AMERICOLD,278 Commerce Way,New York,10001,US,EN,+22-172-6224048,contact@americold.temperature-con.com,46-5107483,,,2022-11-16
0000000556,ZRAW,Sensient Technologies Flavors 556,,SENSIENTT,134 Industrial Park West,Chicago,60601,US,EN,+14-492-1902612,contact@sensient.technologies.fla.com,96-1846511,,,2016-12-18
0000000557,ZSRV,Nutra-Blend Contract Manufacturing ,,NUTRA-BLEN,632 Gewerbestraße,Seattle,98101,US,EN,+11-873-8813071,contact@nutra-blend.contract.manu.com,35-9950391,,,2022-05-14
0000000558,ZPKG,SIG Combibloc Aseptic Systems 558,,SIGCOMBIB,100 Zone Industrielle,Nuremberg,90402,DE,DE,+91-884-8808058,contact@sig.combibloc.aseptic.sys.com,DE791939208,,,2021-04-11
0000000559,ZRAW,Kerry Taste & Nutrition Ingredients,,KERRYTAST,882 Supply Chain Park,Amsterdam,1012,NL,FR,+24-816-6541983,contact@kerry.taste.and.nutrition.com,NL62623673,,,2019-08-23
0000000560,ZSRV,Del Monte Toll Manufacturing 560,,DELMONTE,487 Packaging Avenue,Atlanta,30303,US,EN,+37-886-6848796,contact@del.monte.toll.manufactur.com,69-3865574,,,2022-10-11
0000000561,ZSRV,Geodis Contract Logistics & Haulage,,GEODISCON,416 Packaging Avenue,Hamburg,20095,DE,DE,+10-911-6068701,contact@geodis.contract.logistics.com,DE797343144,,,2021-12-22
0000000562,ZSRV,Crest Foods Contract Blending 562,,CRESTFOOD,245 Central Way,Los Angeles,90001,US,EN,+9-448-4493656,contact@crest.foods.contract.blen.com,71-7439371,,,2023-10-13
0000000563,ZSRV,Diversey Hygiene & CIP Solutions 56,,DIVERSEYH,581 Harbor Road,Los Angeles,90001,US,EN,+85-785-2306851,contact@diversey.hygiene.and.cip..com,40-3903892,,,2023-12-25
0000000564,ZSRV,Geodis Contract Logistics & Haulage,,GEODISCON,607 Zone Industrielle,São Paulo,01000-000,BR,PT,+40-515-2167822,contact@geodis.contract.logistics.com,22.941.555/0001-32,,,2022-09-16
0000000565,ZPKG,Sonoco Products Industrial 565,,SONOCOPRO,790 Industriestraße,Bristol,BS1 1AA,GB,EN,+85-162-2518891,contact@sonoco.products.industria.com,GB792551787,,,2018-06-10
0000000566,ZPKG,Klöckner Pentaplast Food Films 566,,KLÖCKNERP,776 Commerce Way,São Paulo,01000-000,BR,PT,+79-691-8502096,contact@klöckner.pentaplast.food..com,67.644.398/0001-59,,,2018-03-12
0000000567,ZRAW,Archer Daniels Midland Nutrition 56,,ARCHERDAN,307 Freight Terminal Drive,Birmingham,B1 1AA,GB,EN,+92-452-2497994,contact@archer.daniels.midland.nu.com,GB566784595,,,2022-07-14
0000000568,ZPKG,Amcor Flexibles Packaging 568,,AMCORFLEX,414 Commerce Way,Bristol,BS1 1AA,GB,EN,+48-662-1891328,contact@amcor.flexibles.packaging.com,GB167012825,,,2016-01-04
0000000569,ZSRV,Menasha In-Store Merchandising 569,,MENASHAIN,113 Freight Terminal Drive,Birmingham,B1 1AA,GB,EN,+56-819-7614724,contact@menasha.in-store.merchand.com,GB352588284,,,2023-01-04
0000000570,ZRAW,FMC BioPolymer Food Texturizers 570,,FMCBIOPOL,391 Route Nationale,Pune,411001,IN,EN,+18-292-7452434,contact@fmc.biopolymer.food.textu.com,27V3841P1Z5,,,2020-01-15
0000000571,ZSRV,Fuchs Food Technology & Blending 57,Plant Operations,FUCHSFOOD,138 Industrial Park West,Munich,80331,DE,DE,+93-598-8327199,contact@fuchs.food.technology.and.com,DE254614401,,,2017-07-10
0000000572,ZPKG,Avery Dennison Label Solutions 572,,AVERYDENN,881 Zone Industrielle,Berlin,10117,DE,DE,+78-535-4016499,contact@avery.dennison.label.solu.com,DE846669883,,,2021-02-04
0000000573,ZSRV,C.H. Robinson Worldwide Freight 573,Logistics Terminal,C.H.ROBIN,394 Gewerbestraße,Seattle,98101,US,EN,+74-610-4972005,contact@c.h..robinson.worldwide.f.com,87-1124654,,,2023-12-26
0000000574,ZSRV,Lineage Logistics Refrigerated Ware,Plant Operations,LINEAGELO,591 Gewerbestraße,Hanover,30159,DE,DE,+62-821-7183722,contact@lineage.logistics.refrige.com,DE710045960,,,2017-04-08
0000000575,ZSRV,Ecolab Food & Beverage Hygiene 575,,ECOLABFOO,146 Supply Chain Park,Atlanta,30303,US,EN,+79-190-5114298,contact@ecolab.food.and.beverage..com,20-9780469,,,2021-04-19
0000000576,ZSRV,Klüber Food-Grade Lubricants 576,,KLÜBERFOO,80 Freight Terminal Drive,Ahmedabad,380001,IN,EN,+2-580-8617439,contact@klüber.food-grade.lubrica.com,27K9765Y1Z5,,,2021-09-30
0000000577,ZSRV,KDC/One FMCG Custom Manufacturing 5,,KDC/ONEFM,432 Gewerbestraße,Birmingham,B1 1AA,GB,EN,+38-396-3810320,contact@kdc.one.fmcg.custom.manuf.com,GB957085656,,,2016-05-24
0000000578,ZSRV,Schawk Global Pre-Media & Packaging,Logistics Terminal,SCHAWKGLO,745 Supply Chain Park,Marseille,13001,FR,FR,+22-686-1866037,contact@schawk.global.pre-media.a.com,FR87596783,,,2023-05-12
0000000579,ZRAW,Barry Callebaut Cocoa Products 579,,BARRYCALL,28 Freight Terminal Drive,Gurugram,122001,IN,EN,+36-358-3223631,contact@barry.callebaut.cocoa.pro.com,27E9283C1Z5,,,2022-11-27
0000000580,ZRAW,Olam Agri Commodities & Nuts 580,,OLAMAGRI,15 Packaging Avenue,Stuttgart,70173,DE,DE,+95-254-8493596,contact@olam.agri.commodities.and.com,DE735408331,,,2020-02-23
0000000581,ZPKG,Novelis Aluminum Can Sheet 581,,NOVELISAL,497 Agri Park Road,Düsseldorf,40213,DE,DE,+44-186-3433874,contact@novelis.aluminum.can.shee.com,DE135530684,,,2022-09-05
0000000582,ZPKG,AptarGroup Dispensing Systems 582,Logistics Terminal,APTARGROUP,789 Industriestraße,Curitiba,80010-000,BR,PT,+94-962-6789409,contact@aptargroup.dispensing.sys.com,91.271.315/0001-83,,,2016-08-10
0000000583,ZSRV,Endress+Hauser Sanitary Instrumenta,,ENDRESS+HA,54 Agri Park Road,Hamburg,20095,DE,DE,+39-587-9934217,contact@endress+hauser.sanitary.i.com,DE611350152,,,2018-08-15
0000000584,ZRAW,Lactalis Food Ingredients 584,Logistics Terminal,LACTALISF,486 Supply Chain Park,Leeds,LS1 1BA,GB,EN,+37-916-8529960,contact@lactalis.food.ingredients.com,GB112737840,,,2020-04-13
0000000585,ZSRV,Kalyan Retail Display & POS Solutio,Regional HQ,KALYANRET,700 Logistics Boulevard,Philadelphia,19102,US,EN,+56-725-5573311,contact@kalyan.retail.display.and.com,91-6936250,,,2019-10-04
0000000586,ZRAW,DSM-Firmenich Nutritional Products ,,DSM-FIRMEN,262 Industriestraße,Hamburg,20095,DE,DE,+96-347-4270310,contact@dsm-firmenich.nutritional.com,DE825088319,,,2021-10-30
0000000587,ZRAW,Sensient Technologies Flavors 587,,SENSIENTT,321 Industrial Park West,Manchester,M1 1AD,GB,EN,+9-112-7899609,contact@sensient.technologies.fla.com,GB993019801,,,2017-02-04
0000000588,ZSRV,XPO Logistics Ambient & Reefer 588,,XPOLOGIST,360 Central Way,Nuremberg,90402,DE,DE,+25-134-1397627,contact@xpo.logistics.ambient.and.com,DE370471388,,,2022-12-12
0000000589,ZPKG,Sealed Air Protective Packaging 589,,SEALEDAIR,974 Packaging Avenue,Düsseldorf,40213,DE,DE,+12-976-3179482,contact@sealed.air.protective.pac.com,DE228824444,,,2020-03-19
0000000590,ZSRV,Bühler Food Processing Machinery 59,,BÜHLERFOO,580 Agri Park Road,Ahmedabad,380001,IN,EN,+38-578-2270273,contact@bühler.food.processing.ma.com,27W4018I1Z5,,,2023-03-01
0000000591,ZSRV,Del Monte Toll Manufacturing 591,,DELMONTE,788 Route Nationale,Marseille,13001,FR,FR,+99-888-6425820,contact@del.monte.toll.manufactur.com,FR99600963,,,2018-11-20
0000000592,ZPKG,Kallfass Shrink Wrap Solutions 592,,KALLFASSS,796 Logistics Boulevard,Chennai,600001,IN,EN,+34-282-8391619,contact@kallfass.shrink.wrap.solu.com,27K1984I1Z5,,,2016-10-11
0000000593,ZSRV,Kuehne + Nagel FMCG Supply Chain 59,Logistics Terminal,KUEHNE+N,625 Industriestraße,Geneva,1201,CH,DE,+19-653-8235234,contact@kuehne.+.nagel.fmcg.suppl.com,CH24553291,,,2018-06-13
0000000594,ZSRV,Pall Food & Beverage Sterile Filter,Plant Operations,PALLFOOD,733 Supply Chain Park,Leeds,LS1 1BA,GB,EN,+74-845-5204309,contact@pall.food.and.beverage.st.com,GB175604661,,,2020-12-31
0000000595,ZPKG,Smurfit Kappa Corrugated 595,,SMURFITKA,669 Industrial Park West,Rio de Janeiro,20000-000,BR,PT,+90-437-7565434,contact@smurfit.kappa.corrugated..com,95.499.372/0001-29,,,2022-06-11
0000000596,ZPKG,Tetra Pak Packaging Systems 596,,TETRAPAK,490 Route Nationale,Seattle,98101,US,EN,+1-493-9087731,contact@tetra.pak.packaging.syste.com,18-4789081,,,2017-05-11
0000000597,ZSRV,Bollore Logistics Food Cargo 597,,BOLLORELO,342 Freight Terminal Drive,New York,10001,US,EN,+47-647-6705306,contact@bollore.logistics.food.ca.com,90-2521139,,,2016-11-25
0000000598,ZSRV,Del Monte Toll Manufacturing 598,Plant Operations,DELMONTE,664 Brewery Street,Chennai,600001,IN,EN,+90-499-2791270,contact@del.monte.toll.manufactur.com,27M4129J1Z5,,,2023-01-27
0000000599,ZSRV,Schawk Global Pre-Media & Packaging,,SCHAWKGLO,907 Zone Industrielle,Atlanta,30303,US,EN,+25-125-5001116,contact@schawk.global.pre-media.a.com,27-1598917,,,2021-06-26
0000000600,ZRAW,Fonterra Dairy Commodities 600,,FONTERRAD,659 Freight Terminal Drive,Hanover,30159,DE,DE,+58-116-1621473,contact@fonterra.dairy.commoditie.com,DE995769426,,,2019-10-21
0000000601,ZPKG,Ardagh Glass Packaging 601,Regional HQ,ARDAGHGLA,416 Packaging Avenue,Chicago,60601,US,EN,+95-693-4908850,contact@ardagh.glass.packaging.60.com,68-3499027,,,2016-10-22
0000000602,ZPKG,Berry Global Consumer Packaging 602,,BERRYGLOB,670 Industrial Park West,Pune,411001,IN,EN,+90-764-3190059,contact@berry.global.consumer.pac.com,27T1750H1Z5,,,2016-02-28
0000000603,ZPKG,Novelis Aluminum Can Sheet 603,,NOVELISAL,841 Packaging Avenue,Birmingham,B1 1AA,GB,EN,+76-165-2783941,contact@novelis.aluminum.can.shee.com,GB283276335,,,2017-04-12
0000000604,ZSRV,DHL Supply Chain Cold-Chain 604,,DHLSUPPLY,226 Factory Lane,Bristol,BS1 1AA,GB,EN,+44-930-7744585,contact@dhl.supply.chain.cold-cha.com,GB557641077,,,2019-08-21
0000000605,ZPKG,Graphic Packaging International 605,,GRAPHICPA,330 Brewery Street,Geneva,1201,CH,DE,+23-443-2060687,contact@graphic.packaging.interna.com,CH89602555,,,2017-05-09
0000000606,ZRAW,Olam Agri Commodities & Nuts 606,,OLAMAGRI,173 Gewerbestraße,Berlin,10117,DE,DE,+32-695-1682814,contact@olam.agri.commodities.and.com,DE571008888,,,2017-06-30
0000000607,ZPKG,Constantia Flexibles Food Pkg 607,,CONSTANTIA,628 Industriestraße,Ahmedabad,380001,IN,EN,+1-107-4010048,contact@constantia.flexibles.food.com,27A8978C1Z5,,,2016-12-31
0000000608,ZSRV,Menasha In-Store Merchandising 608,,MENASHAIN,427 Avenida Industrial,Birmingham,B1 1AA,GB,EN,+19-755-5545782,contact@menasha.in-store.merchand.com,GB321362854,,,2021-11-12
0000000609,ZSRV,TreeHouse Private Brands Co-Packing,,TREEHOUSE,626 Logistics Boulevard,Dallas,75201,US,EN,+81-946-6053293,contact@treehouse.private.brands..com,73-2476750,,,2019-11-25
0000000610,ZSRV,Fuchs Food Technology & Blending 61,,FUCHSFOOD,197 Packaging Avenue,Düsseldorf,40213,DE,DE,+80-470-9515120,contact@fuchs.food.technology.and.com,DE202739753,,,2018-06-17
0000000611,ZSRV,Crest Foods Contract Blending 611,Plant Operations,CRESTFOOD,214 Supply Chain Park,Ahmedabad,380001,IN,EN,+61-609-3958222,contact@crest.foods.contract.blen.com,27Z3444V1Z5,,,2017-10-16
0000000612,ZSRV,Krones Bottling & Canning Machinery,,KRONESBOT,661 Gewerbestraße,Paris,75001,FR,FR,+33-442-8602555,contact@krones.bottling.and.canni.com,FR68340640,,,2016-06-26
0000000613,ZPKG,Sonoco Products Industrial 613,,SONOCOPRO,181 Agri Park Road,Gurugram,122001,IN,EN,+10-340-8462856,contact@sonoco.products.industria.com,27P9436D1Z5,,,2022-08-24
0000000614,ZSRV,Ecolab Food & Beverage Hygiene 614,Plant Operations,ECOLABFOO,766 Harbor Road,Cincinnati,45202,US,EN,+13-342-7922203,contact@ecolab.food.and.beverage..com,51-4821548,,,2018-03-30
0000000615,ZRAW,Lactalis Food Ingredients 615,Logistics Terminal,LACTALISF,483 Avenida Industrial,São Paulo,01000-000,BR,PT,+23-496-7266039,contact@lactalis.food.ingredients.com,28.321.724/0001-68,,,2017-07-12
0000000616,ZSRV,Del Monte Toll Manufacturing 616,Distribution Hub,DELMONTE,368 Supply Chain Park,Ahmedabad,380001,IN,EN,+18-213-8810369,contact@del.monte.toll.manufactur.com,27B1977I1Z5,,,2021-02-21
0000000617,ZSRV,Fuchs Food Technology & Blending 61,,FUCHSFOOD,226 Freight Terminal Drive,Cologne,50667,DE,DE,+82-726-3851044,contact@fuchs.food.technology.and.com,DE947769596,,,2022-06-25
0000000618,ZSRV,HAVI Global Logistics & Supply Chai,,HAVIGLOBA,422 Avenida Industrial,São Paulo,01000-000,BR,PT,+36-114-8182500,contact@havi.global.logistics.and.com,37.705.584/0001-69,,,2018-10-07
0000000619,ZRAW,Roquette Frères Plant Proteins 619,,ROQUETTEF,914 Commerce Way,Cincinnati,45202,US,EN,+6-141-8896240,contact@roquette.frères.plant.pro.com,10-8009048,,,2021-08-27
0000000620,ZPKG,Berry Global Consumer Packaging 620,,BERRYGLOB,491 Packaging Avenue,Los Angeles,90001,US,EN,+72-871-1208423,contact@berry.global.consumer.pac.com,40-2394044,,,2023-10-10
0000000621,ZSRV,Cott Bottling & Beverage Services 6,Plant Operations,COTTBOTTL,368 Freight Terminal Drive,Amsterdam,1012,NL,FR,+62-785-6114309,contact@cott.bottling.and.beverag.com,NL12138110,,,2017-10-24
0000000622,ZSRV,Menasha In-Store Merchandising 622,,MENASHAIN,466 Zone Industrielle,Chicago,60601,US,EN,+48-741-8789590,contact@menasha.in-store.merchand.com,61-4102874,,,2023-11-23
0000000623,ZSRV,Spirax Sarco Clean Steam Systems 62,,SPIRAXSAR,395 Harbor Road,Hamburg,20095,DE,DE,+55-870-5526314,contact@spirax.sarco.clean.steam..com,DE418461071,,,2023-10-30
0000000624,ZSRV,Pall Food & Beverage Sterile Filter,,PALLFOOD,807 Factory Lane,Cincinnati,45202,US,EN,+66-790-7106747,contact@pall.food.and.beverage.st.com,52-1919587,,,2016-07-30
0000000625,ZPKG,Silgan Closures & Metal Containers ,,SILGANCLO,634 Logistics Boulevard,Seattle,98101,US,EN,+72-826-4434507,contact@silgan.closures.and.metal.com,32-2124172,,,2017-07-20
0000000626,ZRAW,Kalsec Natural Herb Extracts & Colo,,KALSECNAT,665 Avenida Industrial,Hamburg,20095,DE,DE,+75-992-4519758,contact@kalsec.natural.herb.extra.com,DE907751428,,,2018-07-12
0000000627,ZRAW,Corbion Lactic Acid & Preservation ,,CORBIONLA,516 Route Nationale,Minneapolis,55401,US,EN,+45-563-9157533,contact@corbion.lactic.acid.and.p.com,18-7254777,,,2021-08-15
0000000628,ZSRV,XPO Logistics Ambient & Reefer 628,,XPOLOGIST,727 Freight Terminal Drive,Curitiba,80010-000,BR,PT,+9-292-8681853,contact@xpo.logistics.ambient.and.com,57.919.789/0001-98,,,2016-12-23
0000000629,ZPKG,Avery Dennison Label Solutions 629,Specialty Ingredients Div,AVERYDENN,296 Factory Lane,Dallas,75201,US,EN,+64-254-4426849,contact@avery.dennison.label.solu.com,24-3482256,,,2021-11-02
0000000630,ZSRV,Klüber Food-Grade Lubricants 630,,KLÜBERFOO,993 Commerce Way,Berlin,10117,DE,DE,+57-855-1360413,contact@klüber.food-grade.lubrica.com,DE551111120,,,2019-04-09
0000000631,ZPKG,Gerresheimer Glass Packaging 631,,GERRESHEIM,855 Harbor Road,Düsseldorf,40213,DE,DE,+84-761-6474513,contact@gerresheimer.glass.packag.com,DE468070623,,,2021-06-14
0000000632,ZSRV,Diversey Hygiene & CIP Solutions 63,,DIVERSEYH,863 Zone Industrielle,Bristol,BS1 1AA,GB,EN,+17-908-6142132,contact@diversey.hygiene.and.cip..com,GB709081834,,,2017-12-04
0000000633,ZRAW,Chr. Hansen Food Cultures & Enzymes,,CHR.HANSE,995 Freight Terminal Drive,Cologne,50667,DE,DE,+19-461-5771138,contact@chr..hansen.food.cultures.com,DE150808323,,,2021-02-10
0000000634,ZPKG,Greif Industrial Drum Packaging 634,Distribution Hub,GREIFINDU,729 Freight Terminal Drive,Manchester,M1 1AD,GB,EN,+89-782-3575047,contact@greif.industrial.drum.pac.com,GB860328560,,,2017-10-22
0000000635,ZRAW,Bunge Refined Edible Oils 635,,BUNGEREFI,589 Commerce Way,Cologne,50667,DE,DE,+24-310-1581986,contact@bunge.refined.edible.oils.com,DE496932442,,,2023-06-19
0000000636,ZRAW,FMC BioPolymer Food Texturizers 636,,FMCBIOPOL,382 Zone Industrielle,Geneva,1201,CH,DE,+69-408-3038264,contact@fmc.biopolymer.food.textu.com,CH31823481,,,2016-04-12
0000000637,ZSRV,Hearthside Food Solutions Co-Packin,,HEARTHSIDE,971 Zone Industrielle,Lyon,69001,FR,FR,+1-856-9512910,contact@hearthside.food.solutions.com,FR30945115,,,2019-09-18
0000000638,ZSRV,Endress+Hauser Sanitary Instrumenta,,ENDRESS+HA,918 Freight Terminal Drive,Pune,411001,IN,EN,+73-846-8417300,contact@endress+hauser.sanitary.i.com,27Y3409Z1Z5,,,2019-10-19
0000000639,ZSRV,Schawk Global Pre-Media & Packaging,Regional HQ,SCHAWKGLO,922 Logistics Boulevard,Nuremberg,90402,DE,DE,+40-125-7738231,contact@schawk.global.pre-media.a.com,DE225494759,,,2022-12-04
0000000640,ZRAW,Symrise Taste & Nutrition Solutions,,SYMRISETA,335 Logistics Boulevard,Atlanta,30303,US,EN,+29-900-5662844,contact@symrise.taste.and.nutriti.com,34-9832094,,,2018-03-12
0000000641,ZPKG,Smurfit Kappa Corrugated 641,,SMURFITKA,694 Factory Lane,Nuremberg,90402,DE,DE,+25-602-6331091,contact@smurfit.kappa.corrugated..com,DE523509129,,,2022-10-06
0000000642,ZSRV,SKF Food Line Bearings & Lubricatio,,SKFFOODL,931 Gewerbestraße,Chicago,60601,US,EN,+50-481-1204527,contact@skf.food.line.bearings.an.com,64-7201361,,,2019-03-11
0000000643,ZRAW,Glanbia Nutritionals Dairy Isolates,Logistics Terminal,GLANBIANU,896 Factory Lane,Seattle,98101,US,EN,+37-267-8110724,contact@glanbia.nutritionals.dair.com,63-8423991,,,2024-03-03
0000000644,ZSRV,Fuchs Food Technology & Blending 64,,FUCHSFOOD,148 Brewery Street,Hamburg,20095,DE,DE,+43-167-7304414,contact@fuchs.food.technology.and.com,DE664037702,,,2016-12-28
0000000645,ZPKG,Tetra Pak Packaging Systems 645,,TETRAPAK,425 Agri Park Road,Minneapolis,55401,US,EN,+26-290-7405029,contact@tetra.pak.packaging.syste.com,82-3297254,,,2019-03-31
0000000646,ZSRV,HAVI Global Logistics & Supply Chai,,HAVIGLOBA,855 Freight Terminal Drive,Minneapolis,55401,US,EN,+4-910-1041048,contact@havi.global.logistics.and.com,69-4766824,,,2017-09-22
0000000647,ZRAW,Chr. Hansen Food Cultures & Enzymes,,CHR.HANSE,128 Freight Terminal Drive,Seattle,98101,US,EN,+4-222-5650930,contact@chr..hansen.food.cultures.com,72-5106228,,,2021-07-12
0000000648,ZPKG,Huhtamaki Foodservice Packaging 648,,HUHTAMAKI,596 Avenida Industrial,Birmingham,B1 1AA,GB,EN,+81-802-8986637,contact@huhtamaki.foodservice.pac.com,GB376930400,,,2023-10-14
0000000649,ZPKG,Graphic Packaging International 649,Plant Operations,GRAPHICPA,866 Supply Chain Park,Chicago,60601,US,EN,+60-999-3273269,contact@graphic.packaging.interna.com,28-6363359,,,2020-01-03
0000000650,ZPKG,Kallfass Shrink Wrap Solutions 650,Specialty Ingredients Div,KALLFASSS,430 Gewerbestraße,Cologne,50667,DE,DE,+82-178-9621249,contact@kallfass.shrink.wrap.solu.com,DE668666911,,,2018-03-04
0000000651,ZSRV,Klüber Food-Grade Lubricants 651,,KLÜBERFOO,614 Agri Park Road,Hamburg,20095,DE,DE,+88-919-6051155,contact@klüber.food-grade.lubrica.com,DE439528365,,,2019-01-16
0000000652,ZSRV,Stora Enso Brand Activation Display,,STORAENSO,99 Gewerbestraße,Birmingham,B1 1AA,GB,EN,+18-630-5721406,contact@stora.enso.brand.activati.com,GB113848767,,,2020-03-07
0000000653,ZSRV,Kuehne + Nagel FMCG Supply Chain 65,Distribution Hub,KUEHNE+N,105 Brewery Street,Dallas,75201,US,EN,+69-829-2912044,contact@kuehne.+.nagel.fmcg.suppl.com,34-9818990,,,2020-09-05
0000000654,ZSRV,Del Monte Toll Manufacturing 654,,DELMONTE,839 Commerce Way,Paris,75001,FR,FR,+45-419-7082891,contact@del.monte.toll.manufactur.com,FR74359847,,,2017-07-23
0000000655,ZSRV,Pacmoore Dry Blending & Sifting 655,Specialty Ingredients Div,PACMOORED,536 Harbor Road,Santos,11010-000,BR,PT,+29-231-3388393,contact@pacmoore.dry.blending.and.com,13.862.934/0001-25,,,2023-09-19
0000000656,ZRAW,Kerry Taste & Nutrition Ingredients,,KERRYTAST,134 Factory Lane,Cincinnati,45202,US,EN,+3-893-9124448,contact@kerry.taste.and.nutrition.com,24-2304181,,,2020-11-01
0000000657,ZPKG,Ball Beverage Packaging Corp 657,,BALLBEVER,813 Logistics Boulevard,Frankfurt,60311,DE,DE,+6-167-6060776,contact@ball.beverage.packaging.c.com,DE371670077,,,2023-06-27
0000000658,ZPKG,Amcor Flexibles Packaging 658,,AMCORFLEX,943 Brewery Street,Mumbai,400001,IN,EN,+45-129-2523024,contact@amcor.flexibles.packaging.com,27G4027V1Z5,,,2017-08-19
0000000659,ZRAW,Olam Agri Commodities & Nuts 659,,OLAMAGRI,361 Agri Park Road,Utrecht,3511,NL,FR,+31-617-2146505,contact@olam.agri.commodities.and.com,NL92269619,,,2017-02-09
0000000660,ZSRV,Ecolab Food & Beverage Hygiene 660,,ECOLABFOO,223 Brewery Street,Gurugram,122001,IN,EN,+93-201-4590582,contact@ecolab.food.and.beverage..com,27F9800A1Z5,,,2021-08-27
0000000661,ZSRV,Menasha In-Store Merchandising 661,Specialty Ingredients Div,MENASHAIN,451 Packaging Avenue,Dallas,75201,US,EN,+28-626-4817726,contact@menasha.in-store.merchand.com,58-8115080,,,2020-07-27
0000000662,ZPKG,Silgan Closures & Metal Containers ,Distribution Hub,SILGANCLO,127 Zone Industrielle,Chennai,600001,IN,EN,+37-670-1681298,contact@silgan.closures.and.metal.com,27P6918W1Z5,,,2016-12-02
0000000663,ZRAW,Corbion Lactic Acid & Preservation ,,CORBIONLA,291 Zone Industrielle,Los Angeles,90001,US,EN,+29-667-7833061,contact@corbion.lactic.acid.and.p.com,49-8448343,,,2019-04-05
0000000664,ZSRV,Nutra-Blend Contract Manufacturing ,,NUTRA-BLEN,917 Avenida Industrial,Hamburg,20095,DE,DE,+23-113-9248490,contact@nutra-blend.contract.manu.com,DE494537192,,,2023-07-15
0000000665,ZPKG,Sonoco Products Industrial 665,Logistics Terminal,SONOCOPRO,675 Factory Lane,Philadelphia,19102,US,EN,+95-272-2085660,contact@sonoco.products.industria.com,61-2706614,,,2020-01-29
0000000666,ZRAW,Cargill Food Ingredients & Starches,,CARGILLFO,126 Central Way,Los Angeles,90001,US,EN,+98-830-5579723,contact@cargill.food.ingredients..com,73-5672762,,,2023-03-22
0000000667,ZSRV,Hearthside Food Solutions Co-Packin,Logistics Terminal,HEARTHSIDE,497 Supply Chain Park,Los Angeles,90001,US,EN,+33-601-9342869,contact@hearthside.food.solutions.com,23-3050009,,,2018-08-03
0000000668,ZSRV,Klüber Food-Grade Lubricants 668,,KLÜBERFOO,102 Logistics Boulevard,Rotterdam,3011,NL,FR,+87-127-4004727,contact@klüber.food-grade.lubrica.com,NL76858535,,,2020-04-16
0000000669,ZSRV,SKF Food Line Bearings & Lubricatio,,SKFFOODL,311 Packaging Avenue,Manchester,M1 1AD,GB,EN,+97-632-9257536,contact@skf.food.line.bearings.an.com,GB809829892,,,2021-03-23
0000000670,ZRAW,Cargill Food Ingredients & Starches,,CARGILLFO,503 Supply Chain Park,Nuremberg,90402,DE,DE,+70-659-1296459,contact@cargill.food.ingredients..com,DE969174243,,,2016-05-09
0000000671,ZSRV,De-Roose Private Label Co-Packing 6,,DE-ROOSEP,393 Zone Industrielle,São Paulo,01000-000,BR,PT,+5-281-6084244,contact@de-roose.private.label.co.com,58.553.570/0001-14,,,2023-12-02
0000000672,ZPKG,Greif Industrial Drum Packaging 672,,GREIFINDU,320 Industriestraße,Dallas,75201,US,EN,+85-667-8882244,contact@greif.industrial.drum.pac.com,24-9230125,,,2021-05-03
0000000673,ZSRV,NFI Dedicated Fleet & Crossdock 673,,NFIDEDICA,58 Industriestraße,Santos,11010-000,BR,PT,+46-884-5772070,contact@nfi.dedicated.fleet.and.c.com,85.486.731/0001-96,,,2019-08-05
0000000674,ZPKG,Ardagh Glass Packaging 674,,ARDAGHGLA,132 Gewerbestraße,Frankfurt,60311,DE,DE,+75-127-6725334,contact@ardagh.glass.packaging.67.com,DE896777778,,,2020-04-07
0000000675,ZPKG,Constantia Flexibles Food Pkg 675,Distribution Hub,CONSTANTIA,422 Gewerbestraße,New York,10001,US,EN,+83-419-2425085,contact@constantia.flexibles.food.com,41-4936305,,,2023-09-19
0000000676,ZPKG,Huhtamaki Foodservice Packaging 676,Specialty Ingredients Div,HUHTAMAKI,346 Agri Park Road,São Paulo,01000-000,BR,PT,+73-627-8066104,contact@huhtamaki.foodservice.pac.com,14.571.773/0001-64,,,2018-12-28
0000000677,ZPKG,Smurfit Kappa Corrugated 677,,SMURFITKA,23 Harbor Road,Bristol,BS1 1AA,GB,EN,+42-686-2639564,contact@smurfit.kappa.corrugated..com,GB519082280,,,2021-06-23
0000000678,ZPKG,Constantia Flexibles Food Pkg 678,,CONSTANTIA,345 Avenida Industrial,Manchester,M1 1AD,GB,EN,+86-447-3795540,contact@constantia.flexibles.food.com,GB921309304,,,2022-11-23
0000000679,ZRAW,AAK Specialty Vegetable Fats 679,,AAKSPECIA,207 Avenida Industrial,Los Angeles,90001,US,EN,+28-394-5448564,contact@aak.specialty.vegetable.f.com,19-9989803,,,2016-07-13
0000000680,ZRAW,AAK Specialty Vegetable Fats 680,,AAKSPECIA,824 Central Way,Lausanne,1003,CH,DE,+92-964-2589366,contact@aak.specialty.vegetable.f.com,CH22342371,,,2022-08-21
0000000681,ZRAW,Sensient Technologies Flavors 681,Plant Operations,SENSIENTT,487 Route Nationale,Hanover,30159,DE,DE,+39-616-6031638,contact@sensient.technologies.fla.com,DE799582326,,,2020-11-08
0000000682,ZSRV,Bühler Food Processing Machinery 68,,BÜHLERFOO,425 Industriestraße,Cincinnati,45202,US,EN,+86-881-4029979,contact@bühler.food.processing.ma.com,75-8603914,,,2016-03-17
0000000683,ZSRV,Klüber Food-Grade Lubricants 683,Logistics Terminal,KLÜBERFOO,591 Avenida Industrial,Bengaluru,560001,IN,EN,+79-973-8276689,contact@klüber.food-grade.lubrica.com,27I9728Z1Z5,,,2022-05-07
0000000684,ZSRV,Klüber Food-Grade Lubricants 684,Distribution Hub,KLÜBERFOO,374 Zone Industrielle,Düsseldorf,40213,DE,DE,+88-883-6037789,contact@klüber.food-grade.lubrica.com,DE901476885,,,2020-11-18
0000000685,ZSRV,Cott Bottling & Beverage Services 6,,COTTBOTTL,650 Brewery Street,Atlanta,30303,US,EN,+83-264-5302460,contact@cott.bottling.and.beverag.com,44-5815809,,,2023-09-14
0000000686,ZSRV,Festo Pneumatics & Factory Automati,Distribution Hub,FESTOPNEU,117 Commerce Way,Düsseldorf,40213,DE,DE,+40-575-9143364,contact@festo.pneumatics.and.fact.com,DE955820291,,,2022-04-12
0000000687,ZSRV,De-Roose Private Label Co-Packing 6,,DE-ROOSEP,207 Agri Park Road,Chicago,60601,US,EN,+36-774-3952542,contact@de-roose.private.label.co.com,13-5335179,,,2023-03-24
0000000688,ZPKG,Ball Beverage Packaging Corp 688,Plant Operations,BALLBEVER,802 Industrial Park West,Eindhoven,5611,NL,FR,+78-405-2066723,contact@ball.beverage.packaging.c.com,NL52131585,,,2020-07-25
0000000689,ZRAW,Sudzucker Industrial Sugars 689,Regional HQ,SUDZUCKER,407 Commerce Way,London,EC1A 1BB,GB,EN,+65-223-9756994,contact@sudzucker.industrial.suga.com,GB888642330,,,2023-06-13
0000000690,ZSRV,Ecolab Food & Beverage Hygiene 690,Plant Operations,ECOLABFOO,509 Factory Lane,Utrecht,3511,NL,FR,+43-952-7542286,contact@ecolab.food.and.beverage..com,NL52065222,,,2018-08-24
0000000691,ZSRV,Nutra-Blend Contract Manufacturing ,,NUTRA-BLEN,180 Brewery Street,Hamburg,20095,DE,DE,+53-360-1938272,contact@nutra-blend.contract.manu.com,DE571883135,,,2021-07-01
0000000692,ZSRV,DB Schenker Dedicated Fleet Logisti,,DBSCHENKE,325 Route Nationale,Atlanta,30303,US,EN,+19-471-8972898,contact@db.schenker.dedicated.fle.com,41-5659599,,,2024-01-10
0000000693,ZRAW,Agrana Fruit Preparations 693,,AGRANAFRU,661 Logistics Boulevard,São Paulo,01000-000,BR,PT,+86-345-5244348,contact@agrana.fruit.preparations.com,94.918.155/0001-98,,,2022-03-13
0000000694,ZRAW,Fonterra Dairy Commodities 694,,FONTERRAD,925 Packaging Avenue,New York,10001,US,EN,+50-108-7593035,contact@fonterra.dairy.commoditie.com,40-8422287,,,2018-11-12
0000000695,ZRAW,AAK Specialty Vegetable Fats 695,,AAKSPECIA,305 Brewery Street,Düsseldorf,40213,DE,DE,+57-746-6321470,contact@aak.specialty.vegetable.f.com,DE272042677,,,2023-03-24
0000000696,ZSRV,Cott Bottling & Beverage Services 6,,COTTBOTTL,888 Factory Lane,Chennai,600001,IN,EN,+53-961-6582152,contact@cott.bottling.and.beverag.com,27P8718X1Z5,,,2024-01-17
0000000697,ZSRV,Nutra-Blend Contract Manufacturing ,,NUTRA-BLEN,845 Agri Park Road,São Paulo,01000-000,BR,PT,+78-846-6482263,contact@nutra-blend.contract.manu.com,74.167.460/0001-63,,,2021-01-30
0000000698,ZSRV,Schawk Global Pre-Media & Packaging,,SCHAWKGLO,657 Agri Park Road,Frankfurt,60311,DE,DE,+83-239-1051603,contact@schawk.global.pre-media.a.com,DE949350526,,,2020-06-29
0000000699,ZRAW,Cargill Food Ingredients & Starches,Distribution Hub,CARGILLFO,590 Factory Lane,Birmingham,B1 1AA,GB,EN,+92-886-3182597,contact@cargill.food.ingredients..com,GB654443651,,,2022-08-30
0000000700,ZSRV,Stora Enso Brand Activation Display,,STORAENSO,463 Avenida Industrial,New York,10001,US,EN,+23-803-6495887,contact@stora.enso.brand.activati.com,27-5373482,,,2019-02-28
0000000701,ZRAW,Cargill Food Ingredients & Starches,,CARGILLFO,187 Industriestraße,Cologne,50667,DE,DE,+74-329-1347869,contact@cargill.food.ingredients..com,DE996229807,,,2016-04-04
0000000702,ZSRV,NFI Dedicated Fleet & Crossdock 702,,NFIDEDICA,235 Factory Lane,Glasgow,G1 1AA,GB,EN,+34-818-3831255,contact@nfi.dedicated.fleet.and.c.com,GB312886716,,,2016-07-22
0000000703,ZSRV,Hearthside Food Solutions Co-Packin,Specialty Ingredients Div,HEARTHSIDE,267 Commerce Way,Bristol,BS1 1AA,GB,EN,+73-220-1236808,contact@hearthside.food.solutions.com,GB282668050,,,2024-01-22
0000000704,ZSRV,XPO Logistics Ambient & Reefer 704,Distribution Hub,XPOLOGIST,848 Avenida Industrial,Seattle,98101,US,EN,+37-864-9290765,contact@xpo.logistics.ambient.and.com,34-5466142,,,2020-04-13
0000000705,ZPKG,SIG Combibloc Aseptic Systems 705,,SIGCOMBIB,615 Brewery Street,Cincinnati,45202,US,EN,+54-284-7853897,contact@sig.combibloc.aseptic.sys.com,46-4176986,,,2017-08-20
0000000706,ZPKG,Mondi Industrial Bags & Films 706,,MONDIINDU,242 Zone Industrielle,Stuttgart,70173,DE,DE,+75-800-8686718,contact@mondi.industrial.bags.and.com,DE496895499,,,2016-12-17
0000000707,ZPKG,Amcor Flexibles Packaging 707,,AMCORFLEX,998 Industriestraße,New York,10001,US,EN,+95-711-5298752,contact@amcor.flexibles.packaging.com,59-8101643,,,2016-10-26
0000000708,ZPKG,Constantia Flexibles Food Pkg 708,,CONSTANTIA,341 Central Way,London,EC1A 1BB,GB,EN,+78-786-1763562,contact@constantia.flexibles.food.com,GB480428530,,,2016-01-22
0000000709,ZRAW,Tate & Lyle Sweeteners & Starches 7,,TATE&LYL,310 Industriestraße,Los Angeles,90001,US,EN,+75-283-5366969,contact@tate.and.lyle.sweeteners..com,26-1689962,,,2017-11-26
0000000710,ZSRV,Lineage Logistics Refrigerated Ware,Specialty Ingredients Div,LINEAGELO,899 Zone Industrielle,New York,10001,US,EN,+19-366-2960284,contact@lineage.logistics.refrige.com,77-8263354,,,2019-07-07
0000000711,ZPKG,Ball Beverage Packaging Corp 711,,BALLBEVER,893 Supply Chain Park,Lausanne,1003,CH,DE,+37-997-5416038,contact@ball.beverage.packaging.c.com,CH67725168,,,2022-11-15
0000000712,ZRAW,Chr. Hansen Food Cultures & Enzymes,,CHR.HANSE,915 Agri Park Road,Los Angeles,90001,US,EN,+72-973-8381800,contact@chr..hansen.food.cultures.com,72-3537801,,,2016-08-05
0000000713,ZPKG,Gerresheimer Glass Packaging 713,,GERRESHEIM,188 Logistics Boulevard,Düsseldorf,40213,DE,DE,+91-578-8322078,contact@gerresheimer.glass.packag.com,DE275615795,,,2017-04-20
0000000714,ZSRV,DHL Supply Chain Cold-Chain 714,,DHLSUPPLY,727 Avenida Industrial,Cologne,50667,DE,DE,+93-987-3483929,contact@dhl.supply.chain.cold-cha.com,DE220786160,,,2017-05-21
0000000715,ZRAW,Glanbia Nutritionals Dairy Isolates,,GLANBIANU,185 Agri Park Road,Stuttgart,70173,DE,DE,+35-676-4563416,contact@glanbia.nutritionals.dair.com,DE983229699,,,2022-07-18
0000000716,ZPKG,Tetra Pak Packaging Systems 716,Logistics Terminal,TETRAPAK,427 Factory Lane,Dallas,75201,US,EN,+43-126-5769447,contact@tetra.pak.packaging.syste.com,96-2582179,,,2023-08-22
0000000717,ZSRV,Stora Enso Brand Activation Display,,STORAENSO,605 Packaging Avenue,Cologne,50667,DE,DE,+4-183-8721431,contact@stora.enso.brand.activati.com,DE265115158,,,2023-12-08
0000000718,ZSRV,Bühler Food Processing Machinery 71,,BÜHLERFOO,609 Industrial Park West,Minneapolis,55401,US,EN,+42-849-3169632,contact@bühler.food.processing.ma.com,15-8601790,,,2018-05-15
0000000719,ZPKG,Crown Cork & Seal Europe 719,,CROWNCORK,331 Logistics Boulevard,Chennai,600001,IN,EN,+52-361-3986525,contact@crown.cork.and.seal.europ.com,27R7248C1Z5,,,2018-09-10
0000000720,ZSRV,Hearthside Food Solutions Co-Packin,,HEARTHSIDE,167 Industriestraße,Düsseldorf,40213,DE,DE,+83-870-3585950,contact@hearthside.food.solutions.com,DE405947579,,,2017-05-08
0000000721,ZRAW,AAK Specialty Vegetable Fats 721,,AAKSPECIA,754 Freight Terminal Drive,Los Angeles,90001,US,EN,+46-781-2612483,contact@aak.specialty.vegetable.f.com,87-3202624,,,2020-02-14
0000000722,ZSRV,C.H. Robinson Worldwide Freight 722,,C.H.ROBIN,907 Industriestraße,Nuremberg,90402,DE,DE,+77-533-2513679,contact@c.h..robinson.worldwide.f.com,DE704577929,,,2020-09-26
0000000723,ZRAW,Agrana Fruit Preparations 723,Regional HQ,AGRANAFRU,646 Route Nationale,Leeds,LS1 1BA,GB,EN,+60-792-4761958,contact@agrana.fruit.preparations.com,GB466945733,,,2023-04-06
0000000724,ZSRV,Stora Enso Brand Activation Display,,STORAENSO,540 Factory Lane,Pune,411001,IN,EN,+62-407-3493203,contact@stora.enso.brand.activati.com,27N2297Z1Z5,,,2017-06-07
0000000725,ZSRV,Stora Enso Brand Activation Display,,STORAENSO,536 Route Nationale,Lyon,69001,FR,FR,+71-178-1756566,contact@stora.enso.brand.activati.com,FR16405980,,,2021-10-03
0000000726,ZPKG,Sonoco Products Industrial 726,,SONOCOPRO,97 Zone Industrielle,Los Angeles,90001,US,EN,+46-360-2371865,contact@sonoco.products.industria.com,82-5251016,,,2021-08-24
0000000727,ZPKG,Smurfit Kappa Corrugated 727,,SMURFITKA,184 Agri Park Road,Nuremberg,90402,DE,DE,+11-526-5993696,contact@smurfit.kappa.corrugated..com,DE148596177,,,2019-07-09
0000000728,ZSRV,Diversey Hygiene & CIP Solutions 72,,DIVERSEYH,461 Supply Chain Park,Ahmedabad,380001,IN,EN,+24-180-5350628,contact@diversey.hygiene.and.cip..com,27Z4066G1Z5,,,2023-07-21
0000000729,ZPKG,Sonoco Products Industrial 729,Distribution Hub,SONOCOPRO,6 Industriestraße,Chicago,60601,US,EN,+59-808-7796309,contact@sonoco.products.industria.com,93-9004743,,,2023-05-18
0000000730,ZSRV,SKF Food Line Bearings & Lubricatio,,SKFFOODL,634 Gewerbestraße,Chennai,600001,IN,EN,+39-189-3098653,contact@skf.food.line.bearings.an.com,27W7471Z1Z5,,,2017-07-07
0000000731,ZPKG,Amcor Flexibles Packaging 731,,AMCORFLEX,713 Brewery Street,Frankfurt,60311,DE,DE,+62-764-3435283,contact@amcor.flexibles.packaging.com,DE324658446,,,2023-04-15
0000000732,ZRAW,Bunge Refined Edible Oils 732,,BUNGEREFI,196 Factory Lane,Philadelphia,19102,US,EN,+61-532-1366025,contact@bunge.refined.edible.oils.com,69-3485807,,,2017-04-22
0000000733,ZPKG,Greif Industrial Drum Packaging 733,,GREIFINDU,987 Avenida Industrial,Lille,59000,FR,FR,+75-348-4377898,contact@greif.industrial.drum.pac.com,FR70333053,,,2019-04-22
0000000734,ZSRV,Bollore Logistics Food Cargo 734,Logistics Terminal,BOLLORELO,53 Harbor Road,Curitiba,80010-000,BR,PT,+77-848-5878387,contact@bollore.logistics.food.ca.com,63.968.607/0001-84,,,2016-05-31
0000000735,ZSRV,Kuehne + Nagel FMCG Supply Chain 73,Plant Operations,KUEHNE+N,606 Avenida Industrial,Philadelphia,19102,US,EN,+55-690-6299086,contact@kuehne.+.nagel.fmcg.suppl.com,77-1319096,,,2022-03-16
0000000736,ZPKG,Huhtamaki Foodservice Packaging 736,Regional HQ,HUHTAMAKI,911 Avenida Industrial,Berlin,10117,DE,DE,+45-559-8318725,contact@huhtamaki.foodservice.pac.com,DE793830293,,,2016-03-26
0000000737,ZPKG,Kallfass Shrink Wrap Solutions 737,,KALLFASSS,481 Gewerbestraße,Düsseldorf,40213,DE,DE,+29-701-6690043,contact@kallfass.shrink.wrap.solu.com,DE645069951,,,2022-10-02
0000000738,ZSRV,Bühler Food Processing Machinery 73,,BÜHLERFOO,741 Industriestraße,Minneapolis,55401,US,EN,+61-918-3718341,contact@bühler.food.processing.ma.com,96-7044085,,,2022-12-22
0000000739,ZRAW,Archer Daniels Midland Nutrition 73,Distribution Hub,ARCHERDAN,684 Avenida Industrial,Hamburg,20095,DE,DE,+78-603-2692883,contact@archer.daniels.midland.nu.com,DE267840982,,,2020-08-30
0000000740,ZSRV,DHL Supply Chain Cold-Chain 740,,DHLSUPPLY,571 Logistics Boulevard,Cincinnati,45202,US,EN,+46-793-3660958,contact@dhl.supply.chain.cold-cha.com,55-5375632,,,2017-12-16
0000000741,ZSRV,Lineage Logistics Refrigerated Ware,Distribution Hub,LINEAGELO,346 Route Nationale,Hamburg,20095,DE,DE,+72-329-9159855,contact@lineage.logistics.refrige.com,DE229587788,,,2018-11-22
0000000742,ZRAW,Sensient Technologies Flavors 742,,SENSIENTT,789 Supply Chain Park,Mumbai,400001,IN,EN,+86-206-1845941,contact@sensient.technologies.fla.com,27W9444T1Z5,,,2020-11-28
0000000743,ZSRV,Del Monte Toll Manufacturing 743,,DELMONTE,999 Packaging Avenue,Rotterdam,3011,NL,FR,+14-943-1704130,contact@del.monte.toll.manufactur.com,NL91826622,,,2021-09-08
0000000744,ZPKG,Sonoco Products Industrial 744,,SONOCOPRO,892 Brewery Street,Hamburg,20095,DE,DE,+94-399-8407441,contact@sonoco.products.industria.com,DE268612410,,,2021-09-03
0000000745,ZSRV,DHL Supply Chain Cold-Chain 745,,DHLSUPPLY,158 Gewerbestraße,Mumbai,400001,IN,EN,+57-525-1110521,contact@dhl.supply.chain.cold-cha.com,27E3014G1Z5,,,2018-10-01
0000000746,ZSRV,KDC/One FMCG Custom Manufacturing 7,,KDC/ONEFM,176 Factory Lane,Philadelphia,19102,US,EN,+81-780-5117989,contact@kdc.one.fmcg.custom.manuf.com,63-7050592,,,2017-09-12
0000000747,ZSRV,XPO Logistics Ambient & Reefer 747,,XPOLOGIST,142 Route Nationale,Cincinnati,45202,US,EN,+67-913-7069566,contact@xpo.logistics.ambient.and.com,62-8696599,,,2016-05-01
0000000748,ZSRV,Pacmoore Dry Blending & Sifting 748,Specialty Ingredients Div,PACMOORED,735 Factory Lane,Frankfurt,60311,DE,DE,+99-268-8282524,contact@pacmoore.dry.blending.and.com,DE531269332,,,2016-09-08
0000000749,ZSRV,Refresco Beverages Bottling 749,,REFRESCOB,945 Commerce Way,Ahmedabad,380001,IN,EN,+54-511-6105693,contact@refresco.beverages.bottli.com,27B9516J1Z5,,,2024-02-03
0000000750,ZRAW,FMC BioPolymer Food Texturizers 750,,FMCBIOPOL,847 Supply Chain Park,Paris,75001,FR,FR,+19-817-7776956,contact@fmc.biopolymer.food.textu.com,FR91926643,,,2021-01-01
0000000751,ZSRV,Endress+Hauser Sanitary Instrumenta,,ENDRESS+HA,640 Zone Industrielle,Hanover,30159,DE,DE,+84-514-4310073,contact@endress+hauser.sanitary.i.com,DE971696978,,,2019-05-20
0000000752,ZPKG,Avery Dennison Label Solutions 752,,AVERYDENN,400 Commerce Way,Cologne,50667,DE,DE,+37-318-2557253,contact@avery.dennison.label.solu.com,DE680669084,,,2021-09-26
0000000753,ZSRV,HAVI Global Logistics & Supply Chai,Regional HQ,HAVIGLOBA,776 Agri Park Road,New York,10001,US,EN,+31-952-6099302,contact@havi.global.logistics.and.com,85-5340101,,,2024-02-23
0000000754,ZSRV,Nutra-Blend Contract Manufacturing ,,NUTRA-BLEN,750 Logistics Boulevard,Zurich,8001,CH,DE,+81-619-6947075,contact@nutra-blend.contract.manu.com,CH44863921,,,2017-05-22
0000000755,ZPKG,Crown Cork & Seal Europe 755,,CROWNCORK,460 Freight Terminal Drive,Mumbai,400001,IN,EN,+31-924-9947098,contact@crown.cork.and.seal.europ.com,27A8424K1Z5,,,2022-09-05
0000000756,ZRAW,Kerry Taste & Nutrition Ingredients,,KERRYTAST,683 Commerce Way,Minneapolis,55401,US,EN,+14-435-9664623,contact@kerry.taste.and.nutrition.com,76-5154597,,,2022-07-13
0000000757,ZPKG,Gerresheimer Glass Packaging 757,Logistics Terminal,GERRESHEIM,466 Packaging Avenue,Campinas,13010-000,BR,PT,+55-233-8990200,contact@gerresheimer.glass.packag.com,62.183.194/0001-17,,,2018-05-29
0000000758,ZSRV,TreeHouse Private Brands Co-Packing,,TREEHOUSE,413 Industriestraße,Hanover,30159,DE,DE,+64-751-8103845,contact@treehouse.private.brands..com,DE727391402,,,2020-12-07
0000000759,ZSRV,Schawk Global Pre-Media & Packaging,,SCHAWKGLO,750 Route Nationale,Lille,59000,FR,FR,+65-230-9132997,contact@schawk.global.pre-media.a.com,FR29373816,,,2023-12-22
0000000760,ZSRV,Del Monte Toll Manufacturing 760,,DELMONTE,884 Packaging Avenue,Hanover,30159,DE,DE,+61-133-3631333,contact@del.monte.toll.manufactur.com,DE589016791,,,2022-04-08
0000000761,ZRAW,Agrana Fruit Preparations 761,Specialty Ingredients Div,AGRANAFRU,617 Route Nationale,Paris,75001,FR,FR,+38-141-9770751,contact@agrana.fruit.preparations.com,FR86740966,,,2017-09-19
0000000762,ZPKG,Graphic Packaging International 762,,GRAPHICPA,311 Freight Terminal Drive,New York,10001,US,EN,+76-531-1816229,contact@graphic.packaging.interna.com,28-3384710,,,2019-06-03
0000000763,ZRAW,Barentz Food & Nutrition Distributi,,BARENTZFO,3 Packaging Avenue,Nuremberg,90402,DE,DE,+6-527-9072800,contact@barentz.food.and.nutritio.com,DE172546866,,,2022-06-05
0000000764,ZRAW,Ingredion Modified Food Starches 76,,INGREDION,801 Industriestraße,Birmingham,B1 1AA,GB,EN,+78-235-3324018,contact@ingredion.modified.food.s.com,GB873130074,,,2021-08-29
0000000765,ZSRV,Spirax Sarco Clean Steam Systems 76,Specialty Ingredients Div,SPIRAXSAR,684 Zone Industrielle,Seattle,98101,US,EN,+50-338-7633663,contact@spirax.sarco.clean.steam..com,21-7872422,,,2019-10-20
0000000766,ZSRV,Americold Temperature-Controlled 76,,AMERICOLD,754 Supply Chain Park,Nuremberg,90402,DE,DE,+91-125-6181610,contact@americold.temperature-con.com,DE277827512,,,2022-04-17
0000000767,ZSRV,Endress+Hauser Sanitary Instrumenta,,ENDRESS+HA,88 Brewery Street,Hanover,30159,DE,DE,+74-875-1887084,contact@endress+hauser.sanitary.i.com,DE681790182,,,2022-05-24
0000000768,ZSRV,DSV Road Freight & FMCG Logistics 7,Regional HQ,DSVROADF,515 Industrial Park West,Nuremberg,90402,DE,DE,+3-381-4452834,contact@dsv.road.freight.and.fmcg.com,DE292998003,,,2018-10-01
0000000769,ZSRV,Menasha In-Store Merchandising 769,,MENASHAIN,455 Factory Lane,Santos,11010-000,BR,PT,+6-603-1390292,contact@menasha.in-store.merchand.com,87.428.511/0001-85,,,2019-10-24
0000000770,ZSRV,De-Roose Private Label Co-Packing 7,,DE-ROOSEP,881 Harbor Road,Frankfurt,60311,DE,DE,+15-201-3821189,contact@de-roose.private.label.co.com,DE197737441,,,2019-03-14
0000000771,ZPKG,DS Smith Corrugated Packaging 771,,DSSMITHC,158 Freight Terminal Drive,Hamburg,20095,DE,DE,+22-160-6457472,contact@ds.smith.corrugated.packa.com,DE828650400,,,2018-01-13
0000000772,ZPKG,Mondi Industrial Bags & Films 772,,MONDIINDU,400 Packaging Avenue,Chennai,600001,IN,EN,+49-947-3029477,contact@mondi.industrial.bags.and.com,27N6311I1Z5,,,2016-07-31
0000000773,ZRAW,Cargill Food Ingredients & Starches,,CARGILLFO,505 Industriestraße,Düsseldorf,40213,DE,DE,+8-425-8798444,contact@cargill.food.ingredients..com,DE389145285,,,2022-03-15
0000000774,ZSRV,Cott Bottling & Beverage Services 7,,COTTBOTTL,418 Central Way,Frankfurt,60311,DE,DE,+35-667-2703045,contact@cott.bottling.and.beverag.com,DE119996117,,,2018-10-05
0000000775,ZSRV,NFI Dedicated Fleet & Crossdock 775,,NFIDEDICA,312 Route Nationale,Manchester,M1 1AD,GB,EN,+65-308-3388522,contact@nfi.dedicated.fleet.and.c.com,GB782683973,,,2020-03-09
0000000776,ZSRV,Americold Temperature-Controlled 77,,AMERICOLD,551 Route Nationale,Geneva,1201,CH,DE,+58-142-1016794,contact@americold.temperature-con.com,CH84511273,,,2021-03-18
0000000777,ZSRV,Merck Millipore Food Microbiology 7,,MERCKMILL,1 Logistics Boulevard,Munich,80331,DE,DE,+35-712-5209218,contact@merck.millipore.food.micr.com,DE617743557,,,2023-08-17
0000000778,ZRAW,Lactalis Food Ingredients 778,Regional HQ,LACTALISF,600 Freight Terminal Drive,Geneva,1201,CH,DE,+9-407-2505169,contact@lactalis.food.ingredients.com,CH85575530,,,2020-06-07
0000000779,ZSRV,Quad Packaging Retail Displays 779,,QUADPACKA,743 Supply Chain Park,Munich,80331,DE,DE,+79-616-6340253,contact@quad.packaging.retail.dis.com,DE326398655,,,2023-08-25
0000000780,ZRAW,Sensient Technologies Flavors 780,Specialty Ingredients Div,SENSIENTT,464 Supply Chain Park,Glasgow,G1 1AA,GB,EN,+27-570-6510598,contact@sensient.technologies.fla.com,GB466822211,,,2016-03-06
0000000781,ZSRV,Schawk Global Pre-Media & Packaging,Plant Operations,SCHAWKGLO,624 Avenida Industrial,Frankfurt,60311,DE,DE,+23-523-9203667,contact@schawk.global.pre-media.a.com,DE822313006,,,2020-05-27
0000000782,ZSRV,DB Schenker Dedicated Fleet Logisti,,DBSCHENKE,552 Industrial Park West,Hamburg,20095,DE,DE,+86-555-3070570,contact@db.schenker.dedicated.fle.com,DE976234101,,,2019-12-16
0000000783,ZRAW,Lactalis Food Ingredients 783,,LACTALISF,397 Agri Park Road,Campinas,13010-000,BR,PT,+48-297-8458775,contact@lactalis.food.ingredients.com,99.108.227/0001-69,,,2016-02-08
0000000784,ZRAW,Symrise Taste & Nutrition Solutions,Regional HQ,SYMRISETA,697 Gewerbestraße,Chennai,600001,IN,EN,+92-326-4930196,contact@symrise.taste.and.nutriti.com,27U5967Z1Z5,,,2021-07-15
0000000785,ZRAW,Sudzucker Industrial Sugars 785,Logistics Terminal,SUDZUCKER,927 Brewery Street,Nuremberg,90402,DE,DE,+36-682-9394071,contact@sudzucker.industrial.suga.com,DE219127926,,,2021-07-16
0000000786,ZPKG,Greif Industrial Drum Packaging 786,Distribution Hub,GREIFINDU,757 Agri Park Road,Glasgow,G1 1AA,GB,EN,+9-230-5355775,contact@greif.industrial.drum.pac.com,GB900982881,,,2022-05-23
0000000787,ZRAW,Kerry Taste & Nutrition Ingredients,,KERRYTAST,197 Industrial Park West,Campinas,13010-000,BR,PT,+33-797-8615616,contact@kerry.taste.and.nutrition.com,98.794.645/0001-88,,,2016-01-09
0000000788,ZSRV,Nutra-Blend Contract Manufacturing ,,NUTRA-BLEN,54 Harbor Road,Glasgow,G1 1AA,GB,EN,+36-224-9695551,contact@nutra-blend.contract.manu.com,GB536879666,,,2021-03-26
0000000789,ZSRV,DHL Supply Chain Cold-Chain 789,Logistics Terminal,DHLSUPPLY,906 Central Way,Chicago,60601,US,EN,+41-105-7574301,contact@dhl.supply.chain.cold-cha.com,78-8530646,,,2018-03-08
0000000790,ZRAW,Kalsec Natural Herb Extracts & Colo,,KALSECNAT,756 Central Way,Frankfurt,60311,DE,DE,+10-355-4303044,contact@kalsec.natural.herb.extra.com,DE555073531,,,2017-11-04
0000000791,ZRAW,Kalsec Natural Herb Extracts & Colo,,KALSECNAT,29 Avenida Industrial,Atlanta,30303,US,EN,+33-353-2809265,contact@kalsec.natural.herb.extra.com,13-6608665,,,2021-04-23
0000000792,ZRAW,Bunge Refined Edible Oils 792,,BUNGEREFI,842 Harbor Road,Rotterdam,3011,NL,FR,+10-894-8357303,contact@bunge.refined.edible.oils.com,NL41775196,,,2017-01-26
0000000793,ZSRV,Klüber Food-Grade Lubricants 793,,KLÜBERFOO,88 Logistics Boulevard,Atlanta,30303,US,EN,+89-166-3139695,contact@klüber.food-grade.lubrica.com,58-6255956,,,2016-09-10
0000000794,ZSRV,Pacmoore Dry Blending & Sifting 794,,PACMOORED,68 Packaging Avenue,Berlin,10117,DE,DE,+7-401-7399761,contact@pacmoore.dry.blending.and.com,DE700498762,,,2020-07-03
0000000795,ZPKG,Constantia Flexibles Food Pkg 795,,CONSTANTIA,239 Industrial Park West,Leeds,LS1 1BA,GB,EN,+55-735-2699161,contact@constantia.flexibles.food.com,GB598440715,,,2019-10-23
0000000796,ZSRV,Alfa Laval Hygienic Pumps & Valves ,,ALFALAVAL,465 Harbor Road,Paris,75001,FR,FR,+14-112-2133208,contact@alfa.laval.hygienic.pumps.com,FR24496399,,,2022-08-25
0000000797,ZPKG,Gerresheimer Glass Packaging 797,,GERRESHEIM,653 Supply Chain Park,Lyon,69001,FR,FR,+93-735-8459558,contact@gerresheimer.glass.packag.com,FR74612320,,,2018-01-31
0000000798,ZRAW,Roquette Frères Plant Proteins 798,,ROQUETTEF,62 Commerce Way,Frankfurt,60311,DE,DE,+66-767-7001942,contact@roquette.frères.plant.pro.com,DE567988362,,,2019-06-28
0000000799,ZSRV,Ecolab Food & Beverage Hygiene 799,,ECOLABFOO,151 Avenida Industrial,Rio de Janeiro,20000-000,BR,PT,+67-700-3425991,contact@ecolab.food.and.beverage..com,53.398.477/0001-11,,,2016-08-22
0000000800,ZRAW,Bunge Refined Edible Oils 800,,BUNGEREFI,880 Logistics Boulevard,Philadelphia,19102,US,EN,+82-306-2147624,contact@bunge.refined.edible.oils.com,35-4361682,,,2019-10-30
0000000801,ZPKG,Gerresheimer Glass Packaging 801,,GERRESHEIM,709 Zone Industrielle,Glasgow,G1 1AA,GB,EN,+75-679-6631448,contact@gerresheimer.glass.packag.com,GB455564697,,,2022-11-28
0000000802,ZRAW,AAK Specialty Vegetable Fats 802,,AAKSPECIA,108 Zone Industrielle,Dallas,75201,US,EN,+29-103-4741740,contact@aak.specialty.vegetable.f.com,15-9320336,,,2023-10-10
0000000803,ZRAW,Kerry Taste & Nutrition Ingredients,,KERRYTAST,245 Avenida Industrial,Cincinnati,45202,US,EN,+27-509-4091109,contact@kerry.taste.and.nutrition.com,52-7306753,,,2016-01-28
0000000804,ZRAW,Sudzucker Industrial Sugars 804,Logistics Terminal,SUDZUCKER,31 Packaging Avenue,Cologne,50667,DE,DE,+81-699-7038275,contact@sudzucker.industrial.suga.com,DE308739111,,,2016-06-28
0000000805,ZPKG,Mondi Industrial Bags & Films 805,,MONDIINDU,179 Central Way,Stuttgart,70173,DE,DE,+23-447-5126595,contact@mondi.industrial.bags.and.com,DE871845007,,,2018-01-01
0000000806,ZRAW,Cargill Food Ingredients & Starches,Distribution Hub,CARGILLFO,933 Packaging Avenue,Stuttgart,70173,DE,DE,+84-906-2861751,contact@cargill.food.ingredients..com,DE506865213,,,2019-10-18
0000000807,ZRAW,Archer Daniels Midland Nutrition 80,,ARCHERDAN,379 Gewerbestraße,Cincinnati,45202,US,EN,+92-166-2987988,contact@archer.daniels.midland.nu.com,77-8276581,,,2017-08-14
0000000808,ZPKG,SIG Combibloc Aseptic Systems 808,,SIGCOMBIB,546 Industriestraße,Bengaluru,560001,IN,EN,+32-147-4172607,contact@sig.combibloc.aseptic.sys.com,27K8037U1Z5,,,2022-01-02
0000000809,ZRAW,Barry Callebaut Cocoa Products 809,,BARRYCALL,254 Logistics Boulevard,Chennai,600001,IN,EN,+75-600-4510423,contact@barry.callebaut.cocoa.pro.com,27I3071Q1Z5,,,2024-02-27
0000000810,ZPKG,Avery Dennison Label Solutions 810,Logistics Terminal,AVERYDENN,630 Factory Lane,Ahmedabad,380001,IN,EN,+64-631-8789112,contact@avery.dennison.label.solu.com,27Y9342L1Z5,,,2018-01-03
0000000811,ZRAW,Corbion Lactic Acid & Preservation ,,CORBIONLA,712 Avenida Industrial,Gurugram,122001,IN,EN,+75-510-1614121,contact@corbion.lactic.acid.and.p.com,27P8762I1Z5,,,2018-04-28
0000000812,ZRAW,Symrise Taste & Nutrition Solutions,,SYMRISETA,884 Central Way,Curitiba,80010-000,BR,PT,+21-962-7276479,contact@symrise.taste.and.nutriti.com,49.535.486/0001-83,,,2018-11-08
0000000813,ZSRV,HAVI Global Logistics & Supply Chai,,HAVIGLOBA,303 Zone Industrielle,Hamburg,20095,DE,DE,+75-142-8805651,contact@havi.global.logistics.and.com,DE347151294,,,2021-09-29
0000000814,ZSRV,Merck Millipore Food Microbiology 8,,MERCKMILL,479 Route Nationale,Seattle,98101,US,EN,+35-491-1414702,contact@merck.millipore.food.micr.com,73-6318720,,,2018-01-05
0000000815,ZSRV,Pacmoore Dry Blending & Sifting 815,,PACMOORED,368 Factory Lane,Hamburg,20095,DE,DE,+66-659-2311290,contact@pacmoore.dry.blending.and.com,DE638765977,,,2019-02-06
0000000816,ZRAW,Kerry Taste & Nutrition Ingredients,,KERRYTAST,369 Logistics Boulevard,Hamburg,20095,DE,DE,+26-791-6523752,contact@kerry.taste.and.nutrition.com,DE458369754,,,2018-10-21
0000000817,ZRAW,AAK Specialty Vegetable Fats 817,Regional HQ,AAKSPECIA,866 Supply Chain Park,Ahmedabad,380001,IN,EN,+2-888-6024342,contact@aak.specialty.vegetable.f.com,27E9898I1Z5,,,2019-02-28
0000000818,ZRAW,Glanbia Nutritionals Dairy Isolates,,GLANBIANU,969 Industriestraße,Pune,411001,IN,EN,+84-624-3504521,contact@glanbia.nutritionals.dair.com,27Y1194P1Z5,,,2020-06-16
0000000819,ZRAW,Kerry Taste & Nutrition Ingredients,,KERRYTAST,486 Central Way,Düsseldorf,40213,DE,DE,+71-875-8864124,contact@kerry.taste.and.nutrition.com,DE943933854,,,2024-02-07
0000000820,ZSRV,Crest Foods Contract Blending 820,,CRESTFOOD,321 Brewery Street,Atlanta,30303,US,EN,+27-549-8549276,contact@crest.foods.contract.blen.com,99-8007639,,,2022-04-06
0000000821,ZPKG,Mondi Industrial Bags & Films 821,,MONDIINDU,313 Industrial Park West,Dallas,75201,US,EN,+44-330-8032125,contact@mondi.industrial.bags.and.com,94-6950248,,,2020-10-09
0000000822,ZSRV,Stora Enso Brand Activation Display,,STORAENSO,551 Freight Terminal Drive,Ahmedabad,380001,IN,EN,+20-438-7557976,contact@stora.enso.brand.activati.com,27A1527E1Z5,,,2020-04-10
0000000823,ZRAW,Archer Daniels Midland Nutrition 82,Plant Operations,ARCHERDAN,548 Industriestraße,Rotterdam,3011,NL,FR,+73-562-6111102,contact@archer.daniels.midland.nu.com,NL54136340,,,2017-01-16
0000000824,ZPKG,Greif Industrial Drum Packaging 824,,GREIFINDU,182 Logistics Boulevard,Hanover,30159,DE,DE,+63-127-4132173,contact@greif.industrial.drum.pac.com,DE747857066,,,2018-03-26
0000000825,ZPKG,Huhtamaki Foodservice Packaging 825,Regional HQ,HUHTAMAKI,291 Brewery Street,Lille,59000,FR,FR,+59-158-7184958,contact@huhtamaki.foodservice.pac.com,FR19392480,,,2021-10-24
0000000826,ZPKG,Amcor Flexibles Packaging 826,,AMCORFLEX,401 Agri Park Road,Berlin,10117,DE,DE,+69-528-9023722,contact@amcor.flexibles.packaging.com,DE238660514,,,2016-10-08
0000000827,ZRAW,Fonterra Dairy Commodities 827,,FONTERRAD,134 Brewery Street,Amsterdam,1012,NL,FR,+61-262-6206200,contact@fonterra.dairy.commoditie.com,NL99226958,,,2022-08-03
0000000828,ZRAW,Cargill Food Ingredients & Starches,Distribution Hub,CARGILLFO,283 Brewery Street,Seattle,98101,US,EN,+52-719-5141290,contact@cargill.food.ingredients..com,67-2073239,,,2021-11-23
0000000829,ZRAW,Kalsec Natural Herb Extracts & Colo,,KALSECNAT,472 Zone Industrielle,Lille,59000,FR,FR,+37-761-8655554,contact@kalsec.natural.herb.extra.com,FR22227594,,,2019-11-21
0000000830,ZSRV,Quad Packaging Retail Displays 830,,QUADPACKA,401 Agri Park Road,Campinas,13010-000,BR,PT,+59-493-4077684,contact@quad.packaging.retail.dis.com,32.732.850/0001-65,,,2023-11-01
0000000831,ZSRV,Bollore Logistics Food Cargo 831,,BOLLORELO,246 Agri Park Road,Frankfurt,60311,DE,DE,+69-398-2119776,contact@bollore.logistics.food.ca.com,DE774399203,,,2023-10-30
0000000832,ZRAW,Givaudan Flavours & Fragrances 832,,GIVAUDANF,781 Packaging Avenue,Lille,59000,FR,FR,+97-207-9462341,contact@givaudan.flavours.and.fra.com,FR20272170,,,2019-08-28
0000000833,ZSRV,Cott Bottling & Beverage Services 8,,COTTBOTTL,213 Logistics Boulevard,Minneapolis,55401,US,EN,+49-451-7699844,contact@cott.bottling.and.beverag.com,19-8749462,,,2018-03-07
0000000834,ZSRV,Refresco Beverages Bottling 834,,REFRESCOB,118 Commerce Way,Stuttgart,70173,DE,DE,+60-596-8740286,contact@refresco.beverages.bottli.com,DE903884763,,,2016-10-06
0000000835,ZPKG,Avery Dennison Label Solutions 835,Specialty Ingredients Div,AVERYDENN,731 Zone Industrielle,Cincinnati,45202,US,EN,+3-721-2686363,contact@avery.dennison.label.solu.com,30-3862010,,,2017-12-26
0000000836,ZRAW,Barry Callebaut Cocoa Products 836,,BARRYCALL,173 Factory Lane,Berlin,10117,DE,DE,+87-379-3575243,contact@barry.callebaut.cocoa.pro.com,DE112037305,,,2020-12-09
0000000837,ZRAW,Tereos Pure Sugar & Sweeteners 837,,TEREOSPUR,915 Brewery Street,Frankfurt,60311,DE,DE,+82-930-9772377,contact@tereos.pure.sugar.and.swe.com,DE151277635,,,2023-03-10
0000000838,ZSRV,Bühler Food Processing Machinery 83,,BÜHLERFOO,400 Freight Terminal Drive,Mumbai,400001,IN,EN,+99-486-4384602,contact@bühler.food.processing.ma.com,27T1076B1Z5,,,2018-10-19
0000000839,ZRAW,Agrana Fruit Preparations 839,,AGRANAFRU,94 Industrial Park West,Lyon,69001,FR,FR,+44-940-4223772,contact@agrana.fruit.preparations.com,FR11954205,,,2023-08-17
0000000840,ZSRV,Krones Bottling & Canning Machinery,,KRONESBOT,817 Agri Park Road,Hamburg,20095,DE,DE,+54-624-2806634,contact@krones.bottling.and.canni.com,DE147258075,,,2019-09-01
0000000841,ZRAW,Corbion Lactic Acid & Preservation ,,CORBIONLA,640 Brewery Street,Manchester,M1 1AD,GB,EN,+55-223-4899161,contact@corbion.lactic.acid.and.p.com,GB524196654,,,2018-05-25
0000000842,ZPKG,Sonoco Products Industrial 842,,SONOCOPRO,16 Industriestraße,Dallas,75201,US,EN,+28-569-4692601,contact@sonoco.products.industria.com,11-7529468,,,2016-09-27
0000000843,ZSRV,Bühler Food Processing Machinery 84,Distribution Hub,BÜHLERFOO,639 Gewerbestraße,Ahmedabad,380001,IN,EN,+77-611-2708148,contact@bühler.food.processing.ma.com,27N5940Y1Z5,,,2023-12-28
0000000844,ZSRV,DB Schenker Dedicated Fleet Logisti,,DBSCHENKE,176 Supply Chain Park,Gurugram,122001,IN,EN,+90-497-3230219,contact@db.schenker.dedicated.fle.com,27T6314U1Z5,,,2019-09-22
0000000845,ZPKG,Novelis Aluminum Can Sheet 845,Plant Operations,NOVELISAL,326 Avenida Industrial,Glasgow,G1 1AA,GB,EN,+75-559-7415127,contact@novelis.aluminum.can.shee.com,GB753407677,,,2021-09-24
0000000846,ZSRV,Spirax Sarco Clean Steam Systems 84,Regional HQ,SPIRAXSAR,602 Industrial Park West,Gurugram,122001,IN,EN,+31-855-8189001,contact@spirax.sarco.clean.steam..com,27Y3032J1Z5,,,2018-09-24
0000000847,ZSRV,Merck Millipore Food Microbiology 8,,MERCKMILL,384 Avenida Industrial,Munich,80331,DE,DE,+49-309-1635969,contact@merck.millipore.food.micr.com,DE262855048,,,2018-09-02
0000000848,ZSRV,Festo Pneumatics & Factory Automati,Specialty Ingredients Div,FESTOPNEU,757 Harbor Road,Lausanne,1003,CH,DE,+98-140-9738796,contact@festo.pneumatics.and.fact.com,CH96382807,,,2020-08-26
0000000849,ZSRV,Endress+Hauser Sanitary Instrumenta,,ENDRESS+HA,235 Harbor Road,Mumbai,400001,IN,EN,+86-354-4731991,contact@endress+hauser.sanitary.i.com,27G9836B1Z5,,,2022-10-26
0000000850,ZRAW,Lactalis Food Ingredients 850,Logistics Terminal,LACTALISF,453 Industrial Park West,Dallas,75201,US,EN,+7-749-3374513,contact@lactalis.food.ingredients.com,18-4229034,,,2018-04-16
0000000851,ZPKG,SIG Combibloc Aseptic Systems 851,Plant Operations,SIGCOMBIB,852 Brewery Street,Hanover,30159,DE,DE,+93-578-6225481,contact@sig.combibloc.aseptic.sys.com,DE557671519,,,2017-11-03
0000000852,ZRAW,Cargill Food Ingredients & Starches,,CARGILLFO,621 Central Way,Munich,80331,DE,DE,+58-750-4378948,contact@cargill.food.ingredients..com,DE718928228,,,2019-01-18
0000000853,ZSRV,Thielmann Aseptic Keg Services 853,Logistics Terminal,THIELMANN,408 Industriestraße,Cologne,50667,DE,DE,+65-724-8271756,contact@thielmann.aseptic.keg.ser.com,DE553867727,,,2017-09-30
0000000854,ZSRV,Thielmann Aseptic Keg Services 854,,THIELMANN,438 Factory Lane,Berlin,10117,DE,DE,+77-650-3563536,contact@thielmann.aseptic.keg.ser.com,DE422371175,,,2022-03-14
0000000855,ZPKG,Novelis Aluminum Can Sheet 855,,NOVELISAL,314 Zone Industrielle,Nuremberg,90402,DE,DE,+78-592-2206947,contact@novelis.aluminum.can.shee.com,DE703595485,,,2019-09-26
0000000856,ZPKG,Klöckner Pentaplast Food Films 856,Regional HQ,KLÖCKNERP,159 Brewery Street,Bengaluru,560001,IN,EN,+52-525-7621123,contact@klöckner.pentaplast.food..com,27X7131P1Z5,,,2020-03-08
0000000857,ZRAW,Fonterra Dairy Commodities 857,,FONTERRAD,419 Logistics Boulevard,Atlanta,30303,US,EN,+73-266-4258608,contact@fonterra.dairy.commoditie.com,25-7456309,,,2020-11-22
0000000858,ZRAW,Tate & Lyle Sweeteners & Starches 8,,TATE&LYL,357 Avenida Industrial,Ahmedabad,380001,IN,EN,+50-534-5140479,contact@tate.and.lyle.sweeteners..com,27L1945U1Z5,,,2018-09-19
0000000859,ZSRV,Thielmann Aseptic Keg Services 859,,THIELMANN,647 Industrial Park West,Cologne,50667,DE,DE,+19-367-8641531,contact@thielmann.aseptic.keg.ser.com,DE792921609,,,2023-08-21
0000000860,ZPKG,DS Smith Corrugated Packaging 860,,DSSMITHC,13 Packaging Avenue,Munich,80331,DE,DE,+92-493-7671743,contact@ds.smith.corrugated.packa.com,DE791916428,,,2023-12-02
0000000861,ZSRV,Diversey Hygiene & CIP Solutions 86,,DIVERSEYH,531 Brewery Street,Zurich,8001,CH,DE,+55-358-6070402,contact@diversey.hygiene.and.cip..com,CH32256467,,,2021-08-12
0000000862,ZSRV,DB Schenker Dedicated Fleet Logisti,,DBSCHENKE,601 Freight Terminal Drive,Leeds,LS1 1BA,GB,EN,+94-990-2491048,contact@db.schenker.dedicated.fle.com,GB907950191,,,2017-03-23
0000000863,ZSRV,Spirax Sarco Clean Steam Systems 86,,SPIRAXSAR,834 Commerce Way,Birmingham,B1 1AA,GB,EN,+96-507-6169066,contact@spirax.sarco.clean.steam..com,GB324976345,,,2016-01-27
0000000864,ZPKG,Greif Industrial Drum Packaging 864,,GREIFINDU,100 Factory Lane,Mumbai,400001,IN,EN,+84-395-8230134,contact@greif.industrial.drum.pac.com,27N9600N1Z5,,,2017-11-29
0000000865,ZPKG,Novelis Aluminum Can Sheet 865,Plant Operations,NOVELISAL,203 Avenida Industrial,Dallas,75201,US,EN,+24-305-1989554,contact@novelis.aluminum.can.shee.com,67-4566389,,,2018-01-18
0000000866,ZPKG,Gerresheimer Glass Packaging 866,,GERRESHEIM,452 Packaging Avenue,Berlin,10117,DE,DE,+11-400-2437925,contact@gerresheimer.glass.packag.com,DE278376576,,,2020-03-27
0000000867,ZPKG,Graphic Packaging International 867,,GRAPHICPA,31 Central Way,Cologne,50667,DE,DE,+98-203-1159493,contact@graphic.packaging.interna.com,DE822418424,,,2016-09-07
0000000868,ZRAW,DSM-Firmenich Nutritional Products ,Regional HQ,DSM-FIRMEN,682 Logistics Boulevard,Mumbai,400001,IN,EN,+78-632-5459984,contact@dsm-firmenich.nutritional.com,27Z1118M1Z5,,,2021-06-13
0000000869,ZSRV,KDC/One FMCG Custom Manufacturing 8,,KDC/ONEFM,440 Harbor Road,Gurugram,122001,IN,EN,+47-781-7685239,contact@kdc.one.fmcg.custom.manuf.com,27K6164H1Z5,,,2020-03-30
0000000870,ZSRV,Pall Food & Beverage Sterile Filter,,PALLFOOD,895 Harbor Road,Cologne,50667,DE,DE,+59-991-7741225,contact@pall.food.and.beverage.st.com,DE103312131,,,2024-02-18
0000000871,ZPKG,Klöckner Pentaplast Food Films 871,,KLÖCKNERP,890 Supply Chain Park,Hamburg,20095,DE,DE,+32-477-8581927,contact@klöckner.pentaplast.food..com,DE906852279,,,2022-12-07
0000000872,ZSRV,Stora Enso Brand Activation Display,,STORAENSO,528 Route Nationale,Leeds,LS1 1BA,GB,EN,+82-932-6405343,contact@stora.enso.brand.activati.com,GB103359850,,,2016-03-09
0000000873,ZSRV,Spirax Sarco Clean Steam Systems 87,,SPIRAXSAR,993 Harbor Road,Chicago,60601,US,EN,+52-856-2365149,contact@spirax.sarco.clean.steam..com,39-9129167,,,2019-11-27
0000000874,ZSRV,Nutra-Blend Contract Manufacturing ,,NUTRA-BLEN,675 Packaging Avenue,Lille,59000,FR,FR,+78-299-3401850,contact@nutra-blend.contract.manu.com,FR49441620,,,2021-10-31
0000000875,ZSRV,Geodis Contract Logistics & Haulage,Plant Operations,GEODISCON,517 Logistics Boulevard,Ahmedabad,380001,IN,EN,+22-556-2940765,contact@geodis.contract.logistics.com,27J9990O1Z5,,,2021-05-28
0000000876,ZSRV,Bühler Food Processing Machinery 87,,BÜHLERFOO,217 Agri Park Road,Cincinnati,45202,US,EN,+14-545-1490260,contact@bühler.food.processing.ma.com,94-2500416,,,2017-10-18
0000000877,ZRAW,Corbion Lactic Acid & Preservation ,,CORBIONLA,226 Supply Chain Park,Marseille,13001,FR,FR,+86-239-9968148,contact@corbion.lactic.acid.and.p.com,FR26521948,,,2023-02-08
0000000878,ZSRV,Kuehne + Nagel FMCG Supply Chain 87,,KUEHNE+N,893 Central Way,Cologne,50667,DE,DE,+77-166-6758373,contact@kuehne.+.nagel.fmcg.suppl.com,DE922848498,,,2020-03-24
0000000879,ZRAW,Lactalis Food Ingredients 879,,LACTALISF,990 Route Nationale,Bristol,BS1 1AA,GB,EN,+34-218-5881775,contact@lactalis.food.ingredients.com,GB340035882,,,2016-12-25
0000000880,ZPKG,Silgan Closures & Metal Containers ,,SILGANCLO,763 Packaging Avenue,Düsseldorf,40213,DE,DE,+41-489-1028160,contact@silgan.closures.and.metal.com,DE236813458,,,2019-06-27
0000000881,ZPKG,Ardagh Glass Packaging 881,,ARDAGHGLA,868 Industriestraße,Manchester,M1 1AD,GB,EN,+99-473-3119085,contact@ardagh.glass.packaging.88.com,GB443214044,,,2021-10-29
0000000882,ZSRV,Bühler Food Processing Machinery 88,Logistics Terminal,BÜHLERFOO,110 Industriestraße,Manchester,M1 1AD,GB,EN,+19-935-5979872,contact@bühler.food.processing.ma.com,GB439223200,,,2018-06-15
0000000883,ZSRV,DHL Supply Chain Cold-Chain 883,Plant Operations,DHLSUPPLY,616 Freight Terminal Drive,Manchester,M1 1AD,GB,EN,+41-416-9428504,contact@dhl.supply.chain.cold-cha.com,GB743042838,,,2023-09-21
0000000884,ZPKG,Graphic Packaging International 884,,GRAPHICPA,647 Brewery Street,Nuremberg,90402,DE,DE,+49-160-6589238,contact@graphic.packaging.interna.com,DE856065079,,,2017-09-17
0000000885,ZRAW,Archer Daniels Midland Nutrition 88,,ARCHERDAN,718 Logistics Boulevard,Rio de Janeiro,20000-000,BR,PT,+39-934-3670819,contact@archer.daniels.midland.nu.com,32.977.599/0001-60,,,2016-03-29
0000000886,ZSRV,HAVI Global Logistics & Supply Chai,,HAVIGLOBA,695 Avenida Industrial,Los Angeles,90001,US,EN,+10-640-5748621,contact@havi.global.logistics.and.com,60-7560950,,,2019-03-02
0000000887,ZSRV,Quad Packaging Retail Displays 887,,QUADPACKA,100 Commerce Way,Lille,59000,FR,FR,+7-970-6101515,contact@quad.packaging.retail.dis.com,FR87897778,,,2021-02-17
0000000888,ZSRV,Alfa Laval Hygienic Pumps & Valves ,,ALFALAVAL,453 Avenida Industrial,Munich,80331,DE,DE,+27-323-4282547,contact@alfa.laval.hygienic.pumps.com,DE255502389,,,2023-04-21
0000000889,ZPKG,Amcor Flexibles Packaging 889,,AMCORFLEX,695 Commerce Way,Atlanta,30303,US,EN,+8-198-6965707,contact@amcor.flexibles.packaging.com,64-3822312,,,2021-04-24
0000000890,ZPKG,Novelis Aluminum Can Sheet 890,,NOVELISAL,528 Harbor Road,Rotterdam,3011,NL,FR,+81-839-7777894,contact@novelis.aluminum.can.shee.com,NL29940502,,,2018-09-30
0000000891,ZPKG,Berry Global Consumer Packaging 891,,BERRYGLOB,501 Freight Terminal Drive,Berlin,10117,DE,DE,+84-863-7297691,contact@berry.global.consumer.pac.com,DE285206511,,,2023-10-04
0000000892,ZSRV,Krones Bottling & Canning Machinery,,KRONESBOT,886 Industriestraße,Leeds,LS1 1BA,GB,EN,+57-476-1194656,contact@krones.bottling.and.canni.com,GB801363302,,,2017-05-06
0000000893,ZPKG,Silgan Closures & Metal Containers ,Regional HQ,SILGANCLO,657 Central Way,Nuremberg,90402,DE,DE,+62-380-2586340,contact@silgan.closures.and.metal.com,DE714857387,,,2022-08-25
0000000894,ZPKG,Mauser Packaging Solutions 894,Plant Operations,MAUSERPAC,306 Commerce Way,Los Angeles,90001,US,EN,+52-932-1331289,contact@mauser.packaging.solution.com,78-4101936,,,2020-05-31
0000000895,ZSRV,NFI Dedicated Fleet & Crossdock 895,,NFIDEDICA,501 Factory Lane,Gurugram,122001,IN,EN,+84-227-4480664,contact@nfi.dedicated.fleet.and.c.com,27S9830W1Z5,,,2023-05-21
0000000896,ZPKG,Graphic Packaging International 896,,GRAPHICPA,6 Zone Industrielle,Munich,80331,DE,DE,+6-231-4459963,contact@graphic.packaging.interna.com,DE232118892,,,2023-04-27
0000000897,ZPKG,Kallfass Shrink Wrap Solutions 897,Plant Operations,KALLFASSS,872 Logistics Boulevard,Stuttgart,70173,DE,DE,+39-472-3879023,contact@kallfass.shrink.wrap.solu.com,DE643472611,,,2020-09-28
0000000898,ZSRV,Bühler Food Processing Machinery 89,,BÜHLERFOO,48 Freight Terminal Drive,Stuttgart,70173,DE,DE,+18-690-9228265,contact@bühler.food.processing.ma.com,DE577729523,,,2023-10-18
0000000899,ZRAW,FMC BioPolymer Food Texturizers 899,,FMCBIOPOL,621 Brewery Street,New York,10001,US,EN,+31-137-4155352,contact@fmc.biopolymer.food.textu.com,94-1750538,,,2017-08-03
0000000900,ZRAW,AAK Specialty Vegetable Fats 900,,AAKSPECIA,981 Commerce Way,Rio de Janeiro,20000-000,BR,PT,+17-846-8080237,contact@aak.specialty.vegetable.f.com,37.705.467/0001-45,,,2016-10-31
0000000901,ZSRV,HAVI Global Logistics & Supply Chai,,HAVIGLOBA,666 Agri Park Road,Berlin,10117,DE,DE,+33-792-8136077,contact@havi.global.logistics.and.com,DE189393380,,,2023-10-15
0000000902,ZPKG,DS Smith Corrugated Packaging 902,,DSSMITHC,645 Supply Chain Park,Atlanta,30303,US,EN,+92-481-9580328,contact@ds.smith.corrugated.packa.com,99-4231751,,,2022-10-13
0000000903,ZPKG,Kallfass Shrink Wrap Solutions 903,,KALLFASSS,324 Route Nationale,Dallas,75201,US,EN,+10-376-3090797,contact@kallfass.shrink.wrap.solu.com,87-5152322,,,2021-12-16
0000000904,ZPKG,Silgan Closures & Metal Containers ,,SILGANCLO,68 Harbor Road,Leeds,LS1 1BA,GB,EN,+43-896-5584424,contact@silgan.closures.and.metal.com,GB489574448,,,2017-08-22
0000000905,ZRAW,Symrise Taste & Nutrition Solutions,,SYMRISETA,387 Central Way,Hamburg,20095,DE,DE,+16-279-9832796,contact@symrise.taste.and.nutriti.com,DE212745817,,,2024-03-02
0000000906,ZRAW,Ingredion Modified Food Starches 90,,INGREDION,98 Gewerbestraße,Leeds,LS1 1BA,GB,EN,+71-377-2662054,contact@ingredion.modified.food.s.com,GB402791679,,,2016-07-15
0000000907,ZPKG,Greif Industrial Drum Packaging 907,,GREIFINDU,186 Gewerbestraße,Los Angeles,90001,US,EN,+71-708-7755367,contact@greif.industrial.drum.pac.com,96-9920146,,,2021-05-07
0000000908,ZSRV,Diversey Hygiene & CIP Solutions 90,,DIVERSEYH,704 Commerce Way,Frankfurt,60311,DE,DE,+49-681-5485722,contact@diversey.hygiene.and.cip..com,DE253190896,,,2016-08-04
0000000909,ZSRV,Spirax Sarco Clean Steam Systems 90,,SPIRAXSAR,695 Route Nationale,Geneva,1201,CH,DE,+57-462-8862907,contact@spirax.sarco.clean.steam..com,CH34575873,,,2021-08-19
0000000910,ZRAW,Barentz Food & Nutrition Distributi,,BARENTZFO,534 Central Way,Berlin,10117,DE,DE,+40-516-6246854,contact@barentz.food.and.nutritio.com,DE193353560,,,2017-01-04
0000000911,ZSRV,Spirax Sarco Clean Steam Systems 91,Plant Operations,SPIRAXSAR,968 Factory Lane,Düsseldorf,40213,DE,DE,+96-392-9268659,contact@spirax.sarco.clean.steam..com,DE190822582,,,2016-02-13
0000000912,ZSRV,Nutra-Blend Contract Manufacturing ,,NUTRA-BLEN,140 Avenida Industrial,Glasgow,G1 1AA,GB,EN,+87-645-3091977,contact@nutra-blend.contract.manu.com,GB835643996,,,2020-07-18
0000000913,ZPKG,Amcor Flexibles Packaging 913,,AMCORFLEX,8 Route Nationale,Glasgow,G1 1AA,GB,EN,+45-350-9860239,contact@amcor.flexibles.packaging.com,GB904949834,,,2023-09-02
0000000914,ZSRV,SKF Food Line Bearings & Lubricatio,,SKFFOODL,988 Agri Park Road,Nuremberg,90402,DE,DE,+68-330-3932895,contact@skf.food.line.bearings.an.com,DE920027849,,,2016-11-03
0000000915,ZRAW,Sudzucker Industrial Sugars 915,,SUDZUCKER,362 Logistics Boulevard,Santos,11010-000,BR,PT,+44-795-5190365,contact@sudzucker.industrial.suga.com,58.274.482/0001-24,,,2022-01-17
0000000916,ZPKG,Graphic Packaging International 916,Regional HQ,GRAPHICPA,301 Supply Chain Park,Nuremberg,90402,DE,DE,+28-412-9649141,contact@graphic.packaging.interna.com,DE522647841,,,2016-05-25
0000000917,ZSRV,Crest Foods Contract Blending 917,Logistics Terminal,CRESTFOOD,59 Gewerbestraße,Curitiba,80010-000,BR,PT,+1-458-4123208,contact@crest.foods.contract.blen.com,52.405.462/0001-23,,,2020-07-04
0000000918,ZRAW,Tereos Pure Sugar & Sweeteners 918,Regional HQ,TEREOSPUR,504 Brewery Street,Berlin,10117,DE,DE,+53-226-9177419,contact@tereos.pure.sugar.and.swe.com,DE265045572,,,2016-01-29
0000000919,ZPKG,AptarGroup Dispensing Systems 919,,APTARGROUP,232 Avenida Industrial,Chennai,600001,IN,EN,+24-649-5521152,contact@aptargroup.dispensing.sys.com,27J6971N1Z5,,,2017-03-21
0000000920,ZSRV,Pacmoore Dry Blending & Sifting 920,,PACMOORED,166 Commerce Way,Leeds,LS1 1BA,GB,EN,+1-467-4329683,contact@pacmoore.dry.blending.and.com,GB565961168,,,2017-03-29
0000000921,ZPKG,Gerresheimer Glass Packaging 921,,GERRESHEIM,405 Route Nationale,Munich,80331,DE,DE,+21-782-4338530,contact@gerresheimer.glass.packag.com,DE133937268,,,2021-05-17
0000000922,ZSRV,Krones Bottling & Canning Machinery,,KRONESBOT,432 Avenida Industrial,Zurich,8001,CH,DE,+42-869-7708806,contact@krones.bottling.and.canni.com,CH27103900,,,2021-08-17
0000000923,ZRAW,Fonterra Dairy Commodities 923,Specialty Ingredients Div,FONTERRAD,812 Industrial Park West,Hamburg,20095,DE,DE,+2-885-4967894,contact@fonterra.dairy.commoditie.com,DE636871915,,,2016-08-01
0000000924,ZSRV,Kalyan Retail Display & POS Solutio,,KALYANRET,612 Industrial Park West,Curitiba,80010-000,BR,PT,+98-539-5156509,contact@kalyan.retail.display.and.com,47.388.597/0001-20,,,2022-12-04
0000000925,ZPKG,AptarGroup Dispensing Systems 925,,APTARGROUP,256 Supply Chain Park,Bengaluru,560001,IN,EN,+55-303-8950602,contact@aptargroup.dispensing.sys.com,27I5052V1Z5,,,2023-12-03
0000000926,ZPKG,Sonoco Products Industrial 926,Regional HQ,SONOCOPRO,626 Agri Park Road,Gurugram,122001,IN,EN,+16-235-7732414,contact@sonoco.products.industria.com,27U3436H1Z5,,,2016-06-06
0000000927,ZRAW,Olam Agri Commodities & Nuts 927,,OLAMAGRI,437 Industrial Park West,Geneva,1201,CH,DE,+7-489-7833312,contact@olam.agri.commodities.and.com,CH22205146,,,2021-11-20
0000000928,ZRAW,Ingredion Modified Food Starches 92,,INGREDION,228 Harbor Road,Bengaluru,560001,IN,EN,+83-152-6105138,contact@ingredion.modified.food.s.com,27B9353N1Z5,,,2017-03-26
0000000929,ZRAW,DSM-Firmenich Nutritional Products ,Plant Operations,DSM-FIRMEN,729 Route Nationale,New York,10001,US,EN,+1-153-6396217,contact@dsm-firmenich.nutritional.com,33-1686005,,,2018-05-18
0000000930,ZRAW,Barentz Food & Nutrition Distributi,,BARENTZFO,442 Agri Park Road,Atlanta,30303,US,EN,+43-411-2871139,contact@barentz.food.and.nutritio.com,72-7099881,,,2017-01-31
0000000931,ZSRV,Krones Bottling & Canning Machinery,,KRONESBOT,789 Commerce Way,Hanover,30159,DE,DE,+47-860-9872833,contact@krones.bottling.and.canni.com,DE895956334,,,2022-10-12
0000000932,ZRAW,Agrana Fruit Preparations 932,Plant Operations,AGRANAFRU,216 Industriestraße,Stuttgart,70173,DE,DE,+81-860-3019210,contact@agrana.fruit.preparations.com,DE240107634,,,2016-06-17
0000000933,ZSRV,Diversey Hygiene & CIP Solutions 93,,DIVERSEYH,198 Zone Industrielle,Amsterdam,1012,NL,FR,+70-733-6752873,contact@diversey.hygiene.and.cip..com,NL20050169,,,2019-05-19
0000000934,ZSRV,KDC/One FMCG Custom Manufacturing 9,Distribution Hub,KDC/ONEFM,547 Commerce Way,Geneva,1201,CH,DE,+71-828-5236674,contact@kdc.one.fmcg.custom.manuf.com,CH66131539,,,2022-04-14
0000000935,ZRAW,Glanbia Nutritionals Dairy Isolates,,GLANBIANU,645 Packaging Avenue,Curitiba,80010-000,BR,PT,+65-909-1366999,contact@glanbia.nutritionals.dair.com,18.594.529/0001-77,,,2017-11-14
0000000936,ZSRV,Festo Pneumatics & Factory Automati,,FESTOPNEU,297 Logistics Boulevard,Munich,80331,DE,DE,+89-294-7668839,contact@festo.pneumatics.and.fact.com,DE165276405,,,2021-07-20
0000000937,ZSRV,Stora Enso Brand Activation Display,Regional HQ,STORAENSO,995 Factory Lane,Philadelphia,19102,US,EN,+52-721-5554916,contact@stora.enso.brand.activati.com,59-7547256,,,2018-04-27
0000000938,ZPKG,Mauser Packaging Solutions 938,,MAUSERPAC,607 Industrial Park West,Düsseldorf,40213,DE,DE,+66-566-9452659,contact@mauser.packaging.solution.com,DE948950616,,,2023-12-08
0000000939,ZSRV,XPO Logistics Ambient & Reefer 939,,XPOLOGIST,304 Supply Chain Park,Düsseldorf,40213,DE,DE,+29-146-9951748,contact@xpo.logistics.ambient.and.com,DE283726992,,,2018-09-02
0000000940,ZRAW,Barry Callebaut Cocoa Products 940,,BARRYCALL,965 Supply Chain Park,Munich,80331,DE,DE,+7-757-5177662,contact@barry.callebaut.cocoa.pro.com,DE390377213,,,2018-05-10
0000000941,ZSRV,DB Schenker Dedicated Fleet Logisti,,DBSCHENKE,648 Gewerbestraße,Cologne,50667,DE,DE,+71-370-3241630,contact@db.schenker.dedicated.fle.com,DE857483748,,,2020-07-30
0000000942,ZSRV,Pall Food & Beverage Sterile Filter,,PALLFOOD,641 Industrial Park West,Frankfurt,60311,DE,DE,+94-386-3965125,contact@pall.food.and.beverage.st.com,DE335449670,,,2018-11-14
0000000943,ZPKG,Smurfit Kappa Corrugated 943,,SMURFITKA,740 Industriestraße,Atlanta,30303,US,EN,+57-325-6440230,contact@smurfit.kappa.corrugated..com,42-4458774,,,2019-01-05
0000000944,ZRAW,Archer Daniels Midland Nutrition 94,Logistics Terminal,ARCHERDAN,160 Zone Industrielle,Leeds,LS1 1BA,GB,EN,+19-590-2571875,contact@archer.daniels.midland.nu.com,GB495824195,,,2021-07-24
0000000945,ZPKG,Mauser Packaging Solutions 945,,MAUSERPAC,194 Avenida Industrial,Dallas,75201,US,EN,+3-417-3733321,contact@mauser.packaging.solution.com,33-5731917,,,2017-12-28
0000000946,ZSRV,Refresco Beverages Bottling 946,Distribution Hub,REFRESCOB,72 Commerce Way,Manchester,M1 1AD,GB,EN,+83-512-2681644,contact@refresco.beverages.bottli.com,GB588578468,,,2024-02-14
0000000947,ZSRV,XPO Logistics Ambient & Reefer 947,,XPOLOGIST,618 Packaging Avenue,Frankfurt,60311,DE,DE,+15-946-1227365,contact@xpo.logistics.ambient.and.com,DE122243544,,,2023-03-24
0000000948,ZPKG,Ball Beverage Packaging Corp 948,,BALLBEVER,275 Commerce Way,Hamburg,20095,DE,DE,+2-911-1157641,contact@ball.beverage.packaging.c.com,DE743855523,,,2017-03-11
0000000949,ZSRV,Americold Temperature-Controlled 94,Logistics Terminal,AMERICOLD,874 Factory Lane,Chennai,600001,IN,EN,+40-439-9034749,contact@americold.temperature-con.com,27Y8279F1Z5,,,2017-09-24
0000000950,ZRAW,Roquette Frères Plant Proteins 950,Plant Operations,ROQUETTEF,643 Packaging Avenue,Stuttgart,70173,DE,DE,+70-403-2720773,contact@roquette.frères.plant.pro.com,DE210397096,,,2021-09-26
0000000951,ZSRV,Fuchs Food Technology & Blending 95,,FUCHSFOOD,25 Central Way,Düsseldorf,40213,DE,DE,+46-771-5812480,contact@fuchs.food.technology.and.com,DE258244325,,,2018-07-14
0000000952,ZSRV,Stora Enso Brand Activation Display,,STORAENSO,504 Agri Park Road,Atlanta,30303,US,EN,+37-465-2279932,contact@stora.enso.brand.activati.com,38-2706851,,,2022-11-26
0000000953,ZRAW,Kalsec Natural Herb Extracts & Colo,,KALSECNAT,918 Logistics Boulevard,Hamburg,20095,DE,DE,+55-643-6617751,contact@kalsec.natural.herb.extra.com,DE291198819,,,2022-09-22
0000000954,ZPKG,Mauser Packaging Solutions 954,,MAUSERPAC,915 Freight Terminal Drive,Manchester,M1 1AD,GB,EN,+45-996-2743531,contact@mauser.packaging.solution.com,GB408169864,,,2019-01-15
0000000955,ZSRV,DHL Supply Chain Cold-Chain 955,,DHLSUPPLY,831 Factory Lane,Birmingham,B1 1AA,GB,EN,+84-250-6373004,contact@dhl.supply.chain.cold-cha.com,GB259604146,,,2017-08-28
0000000956,ZRAW,Fonterra Dairy Commodities 956,Logistics Terminal,FONTERRAD,835 Factory Lane,Seattle,98101,US,EN,+12-430-3139694,contact@fonterra.dairy.commoditie.com,45-3427123,,,2018-01-14
0000000957,ZRAW,Fonterra Dairy Commodities 957,,FONTERRAD,435 Avenida Industrial,Seattle,98101,US,EN,+18-921-5125653,contact@fonterra.dairy.commoditie.com,62-6594616,,,2020-04-18
0000000958,ZSRV,Fuchs Food Technology & Blending 95,,FUCHSFOOD,547 Avenida Industrial,Philadelphia,19102,US,EN,+11-694-8077313,contact@fuchs.food.technology.and.com,39-7452974,,,2021-11-28
0000000959,ZSRV,Geodis Contract Logistics & Haulage,Plant Operations,GEODISCON,225 Factory Lane,Ahmedabad,380001,IN,EN,+72-585-3241313,contact@geodis.contract.logistics.com,27G1281L1Z5,,,2017-03-27
0000000960,ZPKG,Ardagh Glass Packaging 960,,ARDAGHGLA,870 Commerce Way,Marseille,13001,FR,FR,+71-531-5068431,contact@ardagh.glass.packaging.96.com,FR29346175,,,2018-05-13
0000000961,ZRAW,Symrise Taste & Nutrition Solutions,,SYMRISETA,121 Commerce Way,Munich,80331,DE,DE,+90-534-7235826,contact@symrise.taste.and.nutriti.com,DE128289746,,,2016-08-09
0000000962,ZSRV,Quad Packaging Retail Displays 962,Specialty Ingredients Div,QUADPACKA,489 Agri Park Road,Hamburg,20095,DE,DE,+11-350-2292941,contact@quad.packaging.retail.dis.com,DE251695555,,,2016-02-21
0000000963,ZSRV,Bollore Logistics Food Cargo 963,,BOLLORELO,154 Agri Park Road,Curitiba,80010-000,BR,PT,+39-581-7904201,contact@bollore.logistics.food.ca.com,27.866.640/0001-99,,,2024-02-07
0000000964,ZRAW,Sensient Technologies Flavors 964,Plant Operations,SENSIENTT,294 Packaging Avenue,Chicago,60601,US,EN,+65-264-1182327,contact@sensient.technologies.fla.com,87-3912192,,,2020-06-11
0000000965,ZSRV,Nutra-Blend Contract Manufacturing ,,NUTRA-BLEN,568 Supply Chain Park,Leeds,LS1 1BA,GB,EN,+40-826-4813710,contact@nutra-blend.contract.manu.com,GB638881430,,,2020-10-01
0000000966,ZPKG,Kallfass Shrink Wrap Solutions 966,,KALLFASSS,535 Industriestraße,Hamburg,20095,DE,DE,+96-316-7717637,contact@kallfass.shrink.wrap.solu.com,DE234360915,,,2022-12-10
0000000967,ZPKG,Ardagh Glass Packaging 967,,ARDAGHGLA,843 Factory Lane,Munich,80331,DE,DE,+62-420-7796448,contact@ardagh.glass.packaging.96.com,DE602979426,,,2020-04-07
0000000968,ZPKG,Greif Industrial Drum Packaging 968,Plant Operations,GREIFINDU,663 Route Nationale,Cologne,50667,DE,DE,+10-471-6628280,contact@greif.industrial.drum.pac.com,DE212098712,,,2016-04-24
0000000969,ZRAW,Bunge Refined Edible Oils 969,Plant Operations,BUNGEREFI,110 Factory Lane,Hanover,30159,DE,DE,+40-292-4384399,contact@bunge.refined.edible.oils.com,DE912308710,,,2023-02-27
0000000970,ZPKG,Berry Global Consumer Packaging 970,,BERRYGLOB,584 Logistics Boulevard,Hamburg,20095,DE,DE,+62-146-1806126,contact@berry.global.consumer.pac.com,DE948498387,,,2013-04-12
0000000971,ZPKG,Sealed Air Protective Packaging 971,,SEALEDAIR,366 Freight Terminal Drive,Rotterdam,3011,NL,FR,+25-422-7553873,contact@sealed.air.protective.pac.com,NL77137866,,,2013-04-12
0000000972,ZRAW,Tereos Pure Sugar & Sweeteners 972,,TEREOSPUR,340 Route Nationale,Zurich,8001,CH,DE,+13-614-3519714,contact@tereos.pure.sugar.and.swe.com,CH77589149,,,2013-04-12
0000000973,ZSRV,Diversey Hygiene & CIP Solutions 97,,DIVERSEYH,601 Logistics Boulevard,Pune,411001,IN,EN,+81-195-4885101,contact@diversey.hygiene.and.cip..com,27E8587C1Z5,,,2013-04-12
0000000974,ZSRV,Stora Enso Brand Activation Display,,STORAENSO,165 Harbor Road,Glasgow,G1 1AA,GB,EN,+44-397-7045105,contact@stora.enso.brand.activati.com,GB240872324,,,2013-04-12
0000000975,ZSRV,De-Roose Private Label Co-Packing 9,,DE-ROOSEP,245 Brewery Street,Berlin,10117,DE,DE,+10-256-9347047,contact@de-roose.private.label.co.com,DE751629270,,,2013-04-12
0000000976,ZPKG,Amcor Flexibles Packaging 976,,AMCORFLEX,561 Factory Lane,Stuttgart,70173,DE,DE,+41-273-5959482,contact@amcor.flexibles.packaging.com,DE588346218,,,2013-04-12
0000000977,ZPKG,Huhtamaki Foodservice Packaging 977,Logistics Terminal,HUHTAMAKI,362 Factory Lane,Cologne,50667,DE,DE,+61-362-8416290,contact@huhtamaki.foodservice.pac.com,DE376965362,,,2013-04-12
0000000978,ZPKG,Klöckner Pentaplast Food Films 978,,KLÖCKNERP,41 Gewerbestraße,Lille,59000,FR,FR,+53-977-3163996,contact@klöckner.pentaplast.food..com,FR63813150,,,2013-04-12
0000000979,ZRAW,Sudzucker Industrial Sugars 979,,SUDZUCKER,383 Factory Lane,New York,10001,US,EN,+34-998-1715977,contact@sudzucker.industrial.suga.com,74-8551295,,,2013-04-12
0000000980,ZSRV,Endress+Hauser Sanitary Instrumenta,Plant Operations,ENDRESS+HA,717 Industrial Park West,Düsseldorf,40213,DE,DE,+49-262-7698813,contact@endress+hauser.sanitary.i.com,DE412094443,,,2013-04-12
0000000981,ZRAW,Symrise Taste & Nutrition Solutions,,SYMRISETA,686 Factory Lane,Seattle,98101,US,EN,+60-211-2439863,contact@symrise.taste.and.nutriti.com,69-9977752,,,2013-04-12
0000000982,ZPKG,Sonoco Products Industrial 982,Specialty Ingredients Div,SONOCOPRO,787 Route Nationale,Lille,59000,FR,FR,+41-450-9158676,contact@sonoco.products.industria.com,FR18653222,,,2013-04-12
0000000983,ZSRV,Quad Packaging Retail Displays 983,Distribution Hub,QUADPACKA,286 Zone Industrielle,Mumbai,400001,IN,EN,+28-427-1525516,contact@quad.packaging.retail.dis.com,27P3384U1Z5,,,2013-04-12
0000000984,ZRAW,Lactalis Food Ingredients 984,,LACTALISF,809 Route Nationale,Cologne,50667,DE,DE,+7-316-1384915,contact@lactalis.food.ingredients.com,DE329158874,,,2013-04-12
0000000985,ZSRV,Nutra-Blend Contract Manufacturing ,Logistics Terminal,NUTRA-BLEN,86 Commerce Way,Munich,80331,DE,DE,+39-994-8573586,contact@nutra-blend.contract.manu.com,DE187734495,,,2013-04-12
0000000986,ZSRV,XPO Logistics Ambient & Reefer 986,Logistics Terminal,XPOLOGIST,189 Logistics Boulevard,Stuttgart,70173,DE,DE,+97-404-3760410,contact@xpo.logistics.ambient.and.com,DE467240263,,,2013-04-12
0000000987,ZRAW,Glanbia Nutritionals Dairy Isolates,,GLANBIANU,487 Agri Park Road,Eindhoven,5611,NL,FR,+46-809-7528651,contact@glanbia.nutritionals.dair.com,NL68624154,,,2013-04-12
0000000988,ZSRV,NFI Dedicated Fleet & Crossdock 988,,NFIDEDICA,204 Factory Lane,Gurugram,122001,IN,EN,+86-943-6310245,contact@nfi.dedicated.fleet.and.c.com,27S3369K1Z5,,,2013-04-12
0000000989,ZPKG,AptarGroup Dispensing Systems 989,Logistics Terminal,APTARGROUP,512 Harbor Road,Rio de Janeiro,20000-000,BR,PT,+58-952-3109184,contact@aptargroup.dispensing.sys.com,43.633.839/0001-10,,,2013-04-12
0000000990,ZSRV,TreeHouse Private Brands Co-Packing,Distribution Hub,TREEHOUSE,100 Logistics Boulevard,Bristol,BS1 1AA,GB,EN,+90-659-3786712,contact@treehouse.private.brands..com,GB551160662,,,2013-04-12
0000000991,ZRAW,Lactalis Food Ingredients 991,,LACTALISF,976 Brewery Street,Düsseldorf,40213,DE,DE,+2-479-7103458,contact@lactalis.food.ingredients.com,DE719373399,,,2013-04-12
0000000992,ZRAW,AAK Specialty Vegetable Fats 992,,AAKSPECIA,839 Packaging Avenue,Santos,11010-000,BR,PT,+46-460-8144563,contact@aak.specialty.vegetable.f.com,93.566.523/0001-62,,,2013-04-12
0000000993,ZRAW,Kalsec Natural Herb Extracts & Colo,,KALSECNAT,470 Route Nationale,Munich,80331,DE,DE,+77-266-8312788,contact@kalsec.natural.herb.extra.com,DE693514629,,,2013-04-12
0000000994,ZRAW,Barentz Food & Nutrition Distributi,,BARENTZFO,650 Freight Terminal Drive,Curitiba,80010-000,BR,PT,+12-765-1275590,contact@barentz.food.and.nutritio.com,22.189.925/0001-23,,,2013-04-12
0000000995,ZSRV,Cott Bottling & Beverage Services 9,,COTTBOTTL,103 Zone Industrielle,Hanover,30159,DE,DE,+5-783-5863789,contact@cott.bottling.and.beverag.com,DE965297020,,,2020-09-18
0000000996,ZRAW,Givaudan Flavours & Fragrances 996,Logistics Terminal,GIVAUDANF,565 Industriestraße,Nuremberg,90402,DE,DE,+45-912-8783741,contact@givaudan.flavours.and.fra.com,DE233617038,,,2020-08-18
0000000997,ZSRV,Endress+Hauser Sanitary Instrumenta,,ENDRESS+HA,406 Industrial Park West,Ahmedabad,380001,IN,EN,+37-374-5437558,contact@endress+hauser.sanitary.i.com,27Z4668Q1Z5,,,2019-06-13
0000000998,ZSRV,Fuchs Food Technology & Blending 99,Plant Operations,FUCHSFOOD,922 Route Nationale,London,EC1A 1BB,GB,EN,+48-960-9706758,contact@fuchs.food.technology.and.com,GB264685524,,,2022-09-23
0000000999,ZRAW,FMC BioPolymer Food Texturizers 999,Logistics Terminal,FMCBIOPOL,248 Industriestraße,Los Angeles,90001,US,EN,+17-751-7550021,contact@fmc.biopolymer.food.textu.com,16-8199144,,,2024-03-01
0000001000,ZPKG,Novelis Aluminum Can Sheet 1000,,NOVELISAL,530 Agri Park Road,New York,10001,US,EN,+65-221-7576872,contact@novelis.aluminum.can.shee.com,22-3119470,,,2023-01-13
0000000001,ZSRV,Spirax Sarco Clean Steam Systems,Plant Operations,SPIRAXSAR,251 Central Way,Stuttgart,70173,DE,DE,+95-658-2458591,contact@spirax.sarco.clean.steam..com,DE826600539,,,2022-08-15
0000000002,ZSRV,Nutra-Blend Contract Manufacturing,,NUTRA-BLEN,224 Central Way,Hamburg,20095,DE,DE,+72-303-8038374,contact@nutra-blend.contract.manu.com,DE128492780,,,2018-06-21
0000000003,ZSRV,TreeHouse Private Brands Co-Packing,,TREEHOUSE,778 Agri Park Road,London,EC1A 1BB,GB,EN,+36-259-4612365,contact@treehouse.private.brands..com,GB465341213,,,2019-10-10
0000000004,ZPKG,Sonoco Products Industrial,,SONOCOPRO,368 Gewerbestraße,Hamburg,20095,DE,DE,+6-847-8707870,contact@sonoco.products.industria.com,DE966647391,,,2022-01-05
0000000005,ZPKG,Graphic Packaging International,,GRAPHICPA,81 Freight Terminal Drive,Lausanne,1003,CH,DE,+47-691-4226067,contact@graphic.packaging.interna.com,CH93016315,,,2023-11-25
0000000006,ZPKG,Huhtamaki Foodservice Packaging,,HUHTAMAKI,792 Freight Terminal Drive,Düsseldorf,40213,DE,DE,+13-489-5663623,contact@huhtamaki.foodservice.pac.com,DE349957310,,,2021-01-31
0000000007,ZSRV,Spirax Sarco Clean Steam Systems,Specialty Ingredients Div,SPIRAXSAR,380 Gewerbestraße,Rio de Janeiro,20000-000,BR,PT,+78-750-3871230,contact@spirax.sarco.clean.steam..com,99.799.763/0001-19,,,2021-12-27
0000000008,ZRAW,Roquette Frères Plant Proteins,,ROQUETTEF,277 Central Way,Berlin,10117,DE,DE,+8-334-1538552,contact@roquette.frères.plant.pro.com,DE924970419,,,2019-07-16
0000000009,ZSRV,Hearthside Food Solutions Co-Packin,Logistics Terminal,HEARTHSIDE,936 Harbor Road,Düsseldorf,40213,DE,DE,+83-569-3396987,contact@hearthside.food.solutions.com,DE524806516,,,2018-12-20
0000000010,ZPKG,Klöckner Pentaplast Food Films,,KLÖCKNERP,552 Supply Chain Park,Hanover,30159,DE,DE,+75-508-7073292,contact@klöckner.pentaplast.food..com,DE560027313,,,2018-06-17
