PARTNER,RLTYP,VALID_FROM,VALID_TO
0003000001,FLVN00,2009-05-26,9999-12-31
0003000001,FLVN01,2009-05-26,9999-12-31
0003000002,FLVN00,2012-09-06,9999-12-31
0003000002,FLVN01,2012-09-06,9999-12-31
0003000004,FLVN00,2016-04-01,9999-12-31
0003000004,FLVN01,2016-04-01,9999-12-31
0003000005,FLVN00,2016-04-01,9999-12-31
0003000005,FLVN01,2016-04-01,9999-12-31
0003000006,FLVN00,2015-03-13,9999-12-31
0003000006,FLVN01,2015-03-13,9999-12-31
0003000007,FLVN00,2015-03-14,9999-12-31
0003000007,FLVN01,2015-03-14,9999-12-31
0003000008,FLCU00,2025-03-19,9999-12-31
0003000008,FLCU01,2025-03-19,9999-12-31
0003000008,FLVN00,0000-00-00,9999-12-31
0003000008,FLVN01,0000-00-00,9999-12-31
0003000009,FLVN00,2012-01-16,9999-12-31
0003000009,FLVN01,2012-01-16,9999-12-31
0003000010,FLVN00,2016-04-01,9999-12-31
0003000010,FLVN01,2016-04-01,9999-12-31
0003000011,FLVN00,1900-01-01,9999-12-31
0003000011,FLVN01,1900-01-01,9999-12-31
0003000012,FLVN00,2014-08-22,9999-12-31
0003000012,FLVN01,2014-08-22,9999-12-31
0003000013,FLVN00,2016-04-01,9999-12-31
0003000013,FLVN01,2016-04-01,9999-12-31
0003000014,FLVN00,2016-04-01,9999-12-31
0003000014,FLVN01,2016-04-01,9999-12-31
0003000015,FLVN00,2016-04-01,9999-12-31
0003000015,FLVN01,2016-04-01,9999-12-31
0003000016,FLVN00,2016-04-01,9999-12-31
0003000016,FLVN01,2016-04-01,9999-12-31
0003000017,FLVN00,2012-08-24,9999-12-31
0003000017,FLVN01,2012-08-24,9999-12-31
0003000018,FLVN00,2010-06-30,9999-12-31
0003000018,FLVN01,2010-06-30,9999-12-31
0003000019,FLVN00,2016-04-01,9999-12-31
0003000019,FLVN01,2016-04-01,9999-12-31
0003000020,FLVN01,2013-08-18,9999-12-31
0003000021,FLVN00,2010-09-11,9999-12-31
0003000021,FLVN01,2010-09-11,9999-12-31
0003000022,FLCU00,2024-05-07,9999-12-31
0003000022,FLCU01,2024-05-07,9999-12-31
0003000022,FLVN00,2016-04-01,9999-12-31
0003000022,FLVN01,2016-04-01,9999-12-31
0003000023,FLVN00,2011-06-13,9999-12-31
0003000023,FLVN01,2011-06-13,9999-12-31
0003000024,FLCU00,2016-08-07,9999-12-31
0003000024,FLCU01,2016-08-07,9999-12-31
0003000024,FLVN00,2010-01-25,9999-12-31
0003000024,FLVN01,2010-01-25,9999-12-31
0003000025,FLVN00,2010-02-03,9999-12-31
0003000025,FLVN01,2010-02-03,9999-12-31
0003000026,FLVN00,2013-03-18,9999-12-31
0003000026,FLVN01,2013-03-18,9999-12-31
0003000027,FLVN00,2012-10-22,9999-12-31
0003000027,FLVN01,2012-10-22,9999-12-31
0003000028,FLVN00,2013-09-23,9999-12-31
0003000028,FLVN01,2013-09-23,9999-12-31
0003000029,FLVN00,2015-11-06,9999-12-31
0003000029,FLVN01,2015-11-06,9999-12-31
0003000030,FLVN00,2015-08-11,9999-12-31
0003000030,FLVN01,2015-08-11,9999-12-31
0003000031,FLVN00,2016-04-01,9999-12-31
0003000031,FLVN01,2016-04-01,9999-12-31
0003000032,FLVN00,2010-02-14,9999-12-31
0003000032,FLVN01,2010-02-14,9999-12-31
0003000033,FLVN00,2011-06-28,9999-12-31
0003000033,FLVN01,2011-06-28,9999-12-31
0003000034,FLVN00,2012-10-20,9999-12-31
0003000034,FLVN01,2012-10-20,9999-12-31
0003000035,FLVN00,2016-04-01,9999-12-31
0003000035,FLVN01,2016-04-01,9999-12-31
0003000036,FLVN00,2015-08-16,9999-12-31
0003000036,FLVN01,2015-08-16,9999-12-31
0003000037,FLVN00,2014-03-18,9999-12-31
0003000037,FLVN01,2014-03-18,9999-12-31
0003000038,FLVN00,2014-01-10,9999-12-31
0003000038,FLVN01,2014-01-10,9999-12-31
0003000039,FLVN00,2016-04-01,9999-12-31
0003000039,FLVN01,2016-04-01,9999-12-31
0003000040,FLCU00,2021-12-02,9999-12-31
0003000040,FLCU01,2021-12-02,9999-12-31
0003000040,FLVN00,2016-04-01,9999-12-31
0003000040,FLVN01,2016-04-01,9999-12-31
0003000041,FLVN00,2014-12-30,9999-12-31
0003000041,FLVN01,2014-12-30,9999-12-31
0003000042,FLVN00,2010-07-13,9999-12-31
0003000042,FLVN01,2010-07-13,9999-12-31
0003000043,FLVN00,2011-12-11,9999-12-31
0003000043,FLVN01,2011-12-11,9999-12-31
0003000044,FLVN00,2011-07-02,9999-12-31
0003000044,FLVN01,2011-07-02,9999-12-31
0003000045,FLVN00,2010-09-21,9999-12-31
0003000045,FLVN01,2010-09-21,9999-12-31
0003000046,FLVN00,2016-04-01,9999-12-31
0003000046,FLVN01,2016-04-01,9999-12-31
0003000047,FLVN00,2016-04-01,9999-12-31
0003000047,FLVN01,2016-04-01,9999-12-31
0003000048,FLVN00,2016-04-01,9999-12-31
0003000048,FLVN01,2016-04-01,9999-12-31
0003000049,FLVN00,2010-09-03,9999-12-31
0003000049,FLVN01,2010-09-03,9999-12-31
0003000050,FLVN00,2016-04-01,9999-12-31
0003000050,FLVN01,2016-04-01,9999-12-31
0003000051,FLVN00,2012-01-10,9999-12-31
0003000051,FLVN01,2012-01-10,9999-12-31
0003000052,FLVN00,2014-06-19,9999-12-31
0003000052,FLVN01,2014-06-19,9999-12-31
0003000053,FLVN00,2015-08-04,9999-12-31
0003000053,FLVN01,2015-08-04,9999-12-31
0003000054,FLVN00,2011-07-03,9999-12-31
0003000054,FLVN01,2011-07-03,9999-12-31
0003000055,FLVN00,2016-02-08,9999-12-31
0003000055,FLVN01,2016-02-08,9999-12-31
0003000056,FLVN00,2016-04-01,9999-12-31
0003000056,FLVN01,2016-04-01,9999-12-31
0003000057,FLVN00,2016-04-01,9999-12-31
0003000057,FLVN01,2016-04-01,9999-12-31
0003000058,FLVN00,2011-06-01,9999-12-31
0003000058,FLVN01,2011-06-01,9999-12-31
0003000059,FLVN00,2016-04-01,9999-12-31
0003000059,FLVN01,2016-04-01,9999-12-31
0003000060,FLVN00,2016-04-01,9999-12-31
0003000060,FLVN01,2016-04-01,9999-12-31
0003000061,FLVN00,2016-04-01,9999-12-31
0003000061,FLVN01,2016-04-01,9999-12-31
0003000062,FLCU00,2019-11-15,9999-12-31
0003000062,FLCU01,2019-11-15,9999-12-31
0003000062,FLVN00,2016-04-01,9999-12-31
0003000062,FLVN01,2016-04-01,9999-12-31
0003000063,FLCU00,2017-06-08,9999-12-31
0003000063,FLCU01,2017-06-08,9999-12-31
0003000063,FLVN00,1900-01-01,9999-12-31
0003000063,FLVN01,1900-01-01,9999-12-31
0003000064,FLVN00,2016-04-01,9999-12-31
0003000064,FLVN01,2016-04-01,9999-12-31
0003000065,FLVN00,2008-03-07,9999-12-31
0003000065,FLVN01,2008-03-07,9999-12-31
0003000066,FLCU01,2020-12-17,9999-12-31
0003000066,FLVN00,2016-04-01,9999-12-31
0003000066,FLVN01,2016-04-01,9999-12-31
0003000067,FLVN00,2016-04-01,9999-12-31
0003000067,FLVN01,2016-04-01,9999-12-31
0003000068,FLVN00,2016-04-01,9999-12-31
0003000068,FLVN01,2016-04-01,9999-12-31
0003000069,FLVN00,2016-04-01,9999-12-31
0003000069,FLVN01,2016-04-01,9999-12-31
0003000070,FLVN00,2016-04-01,9999-12-31
0003000070,FLVN01,2016-04-01,9999-12-31
0003000072,FLVN00,2011-11-02,9999-12-31
0003000072,FLVN01,2011-11-02,9999-12-31
0003000073,FLVN00,2016-04-01,9999-12-31
0003000073,FLVN01,2016-04-01,9999-12-31
0003000074,FLVN00,2016-04-01,9999-12-31
0003000074,FLVN01,2016-04-01,9999-12-31
0003000075,FLVN00,2010-04-05,9999-12-31
0003000075,FLVN01,2010-04-05,9999-12-31
0003000076,FLVN00,2016-04-01,9999-12-31
0003000076,FLVN01,2016-04-01,9999-12-31
0003000077,FLVN00,2012-11-23,9999-12-31
0003000077,FLVN01,2012-11-23,9999-12-31
0003000078,FLVN00,2010-06-20,9999-12-31
0003000078,FLVN01,2010-06-20,9999-12-31
0003000079,FLVN00,2010-06-12,9999-12-31
0003000079,FLVN01,2010-06-12,9999-12-31
0003000080,FLVN00,2010-12-23,9999-12-31
0003000080,FLVN01,2010-12-23,9999-12-31
0003000081,FLVN00,2016-04-01,9999-12-31
0003000081,FLVN01,2016-04-01,9999-12-31
0003000082,FLVN00,2015-01-18,9999-12-31
0003000082,FLVN01,2015-01-18,9999-12-31
0003000083,FLVN00,2013-10-15,9999-12-31
0003000083,FLVN01,2013-10-15,9999-12-31
0003000084,FLVN00,2011-02-06,9999-12-31
0003000084,FLVN01,2011-02-06,9999-12-31
0003000085,FLVN00,2010-08-12,9999-12-31
0003000085,FLVN01,2010-08-12,9999-12-31
0003000086,FLVN00,2016-04-01,9999-12-31
0003000086,FLVN01,2016-04-01,9999-12-31
0003000087,FLVN00,2005-09-16,9999-12-31
0003000087,FLVN01,2005-09-16,9999-12-31
0003000088,FLVN00,2015-09-08,9999-12-31
0003000088,FLVN01,2015-09-08,9999-12-31
0003000089,FLVN00,2016-04-01,9999-12-31
0003000089,FLVN01,2016-04-01,9999-12-31
0003000090,FLVN00,2007-11-17,9999-12-31
0003000090,FLVN01,2007-11-17,9999-12-31
0003000091,FLVN00,2014-02-05,9999-12-31
0003000091,FLVN01,2014-02-05,9999-12-31
0003000092,FLVN00,2016-04-01,9999-12-31
0003000092,FLVN01,2016-04-01,9999-12-31
0003000093,FLVN00,2016-04-01,9999-12-31
0003000093,FLVN01,2016-04-01,9999-12-31
0003000094,FLVN01,2006-09-14,9999-12-31
0003000095,FLVN00,2016-04-01,9999-12-31
0003000095,FLVN01,2016-04-01,9999-12-31
0003000096,FLVN00,2016-04-01,9999-12-31
0003000096,FLVN01,2016-04-01,9999-12-31
0003000097,FLVN00,2016-04-01,9999-12-31
0003000097,FLVN01,2016-04-01,9999-12-31
0003000098,FLVN00,2016-04-01,9999-12-31
0003000098,FLVN01,2016-04-01,9999-12-31
0003000099,FLVN00,2007-03-25,9999-12-31
0003000099,FLVN01,2007-03-25,9999-12-31
0003000100,FLVN00,2014-03-10,9999-12-31
0003000100,FLVN01,2014-03-10,9999-12-31
0003000101,FLVN00,2016-04-01,9999-12-31
0003000101,FLVN01,2016-04-01,9999-12-31
0003000102,FLVN00,2009-11-25,9999-12-31
0003000102,FLVN01,2009-11-25,9999-12-31
0003000103,FLVN00,2009-03-09,9999-12-31
0003000103,FLVN01,2009-03-09,9999-12-31
0003000104,FLVN00,2016-04-01,9999-12-31
0003000104,FLVN01,2016-04-01,9999-12-31
0003000105,FLVN00,2006-07-21,9999-12-31
0003000105,FLVN01,2006-07-21,9999-12-31
0003000106,FLVN00,2027-02-06,9999-12-31
0003000106,FLVN01,2027-02-06,9999-12-31
0003000107,FLVN00,2016-04-01,9999-12-31
0003000107,FLVN01,2016-04-01,9999-12-31
0003000108,FLVN00,2016-04-01,9999-12-31
0003000108,FLVN01,2016-04-01,9999-12-31
0003000109,FLVN00,2013-06-07,9999-12-31
0003000109,FLVN01,2013-06-07,9999-12-31
0003000110,FLVN00,2010-01-07,9999-12-31
0003000110,FLVN01,2010-01-07,9999-12-31
0003000111,FLCU00,2013-06-15,9999-12-31
0003000111,FLCU01,2013-06-15,9999-12-31
0003000111,FLVN00,2014-03-06,9999-12-31
0003000111,FLVN01,2014-03-06,9999-12-31
0003000112,FLVN00,2016-04-01,9999-12-31
0003000112,FLVN01,2016-04-01,9999-12-31
0003000113,FLVN00,2016-04-01,9999-12-31
0003000113,FLVN01,2016-04-01,9999-12-31
0003000114,FLVN00,2005-12-27,9999-12-31
0003000114,FLVN01,2005-12-27,9999-12-31
0003000115,FLVN00,2011-03-15,9999-12-31
0003000115,FLVN01,2011-03-15,9999-12-31
0003000116,FLVN00,2016-04-01,9999-12-31
0003000116,FLVN01,2016-04-01,9999-12-31
0003000117,FLVN00,2007-07-05,9999-12-31
0003000117,FLVN01,2007-07-05,9999-12-31
0003000118,FLVN00,2016-04-01,9999-12-31
0003000118,FLVN01,2016-04-01,9999-12-31
0003000119,FLVN00,2016-04-01,9999-12-31
0003000119,FLVN01,2016-04-01,9999-12-31
0003000120,FLVN00,2012-06-06,9999-12-31
0003000120,FLVN01,2012-06-06,9999-12-31
0003000121,FLVN00,2016-04-01,9999-12-31
0003000121,FLVN01,2016-04-01,9999-12-31
0003000122,FLCU00,2015-09-15,9999-12-31
0003000122,FLCU01,2015-09-15,9999-12-31
0003000122,FLVN00,2013-11-03,9999-12-31
0003000122,FLVN01,2013-11-03,9999-12-31
0003000123,FLVN00,2012-01-10,9999-12-31
0003000123,FLVN01,2012-01-10,9999-12-31
0003000124,FLVN00,2014-02-25,9999-12-31
0003000124,FLVN01,2014-02-25,9999-12-31
0003000125,FLVN00,2016-04-01,9999-12-31
0003000125,FLVN01,2016-04-01,9999-12-31
0003000126,FLVN00,2015-09-23,9999-12-31
0003000126,FLVN01,2015-09-23,9999-12-31
0003000127,FLVN00,2010-10-13,9999-12-31
0003000127,FLVN01,2010-10-13,9999-12-31
0003000128,FLVN00,2013-11-23,9999-12-31
0003000128,FLVN01,2013-11-23,9999-12-31
0003000129,FLVN00,2016-04-01,9999-12-31
0003000129,FLVN01,2016-04-01,9999-12-31
0003000130,FLVN00,2013-12-08,9999-12-31
0003000130,FLVN01,2013-12-08,9999-12-31
0003000131,FLVN00,2011-11-27,9999-12-31
0003000131,FLVN01,2011-11-27,9999-12-31
0003000132,FLVN00,2009-05-30,9999-12-31
0003000132,FLVN01,2009-05-30,9999-12-31
0003000133,FLVN00,2016-04-01,9999-12-31
0003000133,FLVN01,2016-04-01,9999-12-31
0003000134,FLVN00,2014-06-12,9999-12-31
0003000134,FLVN01,2014-06-12,9999-12-31
0003000135,FLVN00,2014-02-23,9999-12-31
0003000135,FLVN01,2014-02-23,9999-12-31
0003000136,FLVN00,2016-04-01,9999-12-31
0003000136,FLVN01,2016-04-01,9999-12-31
0003000137,FLVN00,2011-01-08,9999-12-31
0003000137,FLVN01,2011-01-08,9999-12-31
0003000138,FLVN00,2016-04-01,9999-12-31
0003000138,FLVN01,2016-04-01,9999-12-31
0003000139,FLVN00,2016-04-01,9999-12-31
0003000139,FLVN01,2016-04-01,9999-12-31
0003000140,FLCU00,2026-04-10,9999-12-31
0003000140,FLCU01,2026-04-10,9999-12-31
0003000140,FLVN00,2016-04-01,9999-12-31
0003000140,FLVN01,2016-04-01,9999-12-31
0003000141,FLVN00,2012-03-24,9999-12-31
0003000141,FLVN01,2012-03-24,9999-12-31
0003000142,FLVN00,2010-09-05,9999-12-31
0003000142,FLVN01,2010-09-05,9999-12-31
0003000143,FLVN00,2016-04-01,9999-12-31
0003000143,FLVN01,2016-04-01,9999-12-31
0003000144,FLVN00,2016-04-01,9999-12-31
0003000144,FLVN01,2016-04-01,9999-12-31
0003000145,FLVN00,2011-10-17,9999-12-31
0003000145,FLVN01,2011-10-17,9999-12-31
0003000146,FLVN00,2016-04-01,9999-12-31
0003000146,FLVN01,2016-04-01,9999-12-31
0003000147,FLVN00,2009-05-24,9999-12-31
0003000147,FLVN01,2009-05-24,9999-12-31
0003000148,FLVN00,2016-04-01,9999-12-31
0003000148,FLVN01,2016-04-01,9999-12-31
0003000149,FLVN00,2012-06-16,9999-12-31
0003000149,FLVN01,2012-06-16,9999-12-31
0003000150,FLCU00,2025-04-06,9999-12-31
0003000150,FLCU01,2025-04-06,9999-12-31
0003000150,FLVN00,2016-04-01,9999-12-31
0003000150,FLVN01,2016-04-01,9999-12-31
0003000151,FLVN00,2016-04-01,9999-12-31
0003000151,FLVN01,2016-04-01,9999-12-31
0003000152,FLVN00,2010-02-25,9999-12-31
0003000152,FLVN01,2010-02-25,9999-12-31
0003000153,FLVN00,2016-04-01,9999-12-31
0003000153,FLVN01,2016-04-01,9999-12-31
0003000154,FLVN00,2014-01-09,9999-12-31
0003000154,FLVN01,2014-01-09,9999-12-31
0003000155,FLVN00,2012-01-19,9999-12-31
0003000155,FLVN01,2012-01-19,9999-12-31
0003000156,FLVN00,2010-11-22,9999-12-31
0003000156,FLVN01,2010-11-22,9999-12-31
0003000157,FLVN00,2014-12-08,9999-12-31
0003000157,FLVN01,2014-12-08,9999-12-31
0003000158,FLVN00,2011-04-17,9999-12-31
0003000158,FLVN01,2011-04-17,9999-12-31
0003000159,FLVN00,2016-04-01,9999-12-31
0003000159,FLVN01,2016-04-01,9999-12-31
0003000160,FLCU00,2014-08-12,9999-12-31
0003000160,FLCU01,2014-08-12,9999-12-31
0003000160,FLVN00,2016-04-01,9999-12-31
0003000160,FLVN01,2016-04-01,9999-12-31
0003000161,FLVN00,2016-04-01,9999-12-31
0003000161,FLVN01,2016-04-01,9999-12-31
0003000162,FLCU00,2021-09-06,9999-12-31
0003000162,FLCU01,2021-09-06,9999-12-31
0003000162,FLVN00,2012-08-31,9999-12-31
0003000162,FLVN01,2012-08-31,9999-12-31
0003000163,FLVN00,2016-04-01,9999-12-31
0003000163,FLVN01,2016-04-01,9999-12-31
0003000164,FLVN00,2016-04-01,9999-12-31
0003000164,FLVN01,2016-04-01,9999-12-31
0003000165,FLVN00,2016-04-01,9999-12-31
0003000165,FLVN01,2016-04-01,9999-12-31
0003000166,FLVN00,2016-04-01,9999-12-31
0003000166,FLVN01,2016-04-01,9999-12-31
0003000167,FLVN00,2013-06-25,9999-12-31
0003000167,FLVN01,2013-06-25,9999-12-31
0003000168,FLVN00,2012-10-26,9999-12-31
0003000168,FLVN01,2012-10-26,9999-12-31
0003000169,FLVN00,2016-04-01,9999-12-31
0003000169,FLVN01,2016-04-01,9999-12-31
0003000170,FLVN00,2007-10-18,9999-12-31
0003000170,FLVN01,2007-10-18,9999-12-31
0003000171,FLVN00,2016-04-01,9999-12-31
0003000171,FLVN01,2016-04-01,9999-12-31
0003000172,FLVN00,2016-04-01,9999-12-31
0003000172,FLVN01,2016-04-01,9999-12-31
0003000173,FLVN00,2016-04-01,9999-12-31
0003000173,FLVN01,2016-04-01,9999-12-31
0003000174,FLVN00,2013-07-30,9999-12-31
0003000174,FLVN01,2013-07-30,9999-12-31
0003000175,FLVN00,2009-10-07,9999-12-31
0003000175,FLVN01,2009-10-07,9999-12-31
0003000176,FLVN00,2016-04-01,9999-12-31
0003000176,FLVN01,2016-04-01,9999-12-31
0003000177,FLVN00,2015-02-11,9999-12-31
0003000177,FLVN01,2015-02-11,9999-12-31
0003000178,FLCU00,2016-10-17,9999-12-31
0003000178,FLCU01,2016-10-17,9999-12-31
0003000178,FLVN00,2016-04-01,9999-12-31
0003000178,FLVN01,2016-04-01,9999-12-31
0003000179,FLVN00,2016-04-01,9999-12-31
0003000179,FLVN01,2016-04-01,9999-12-31
0003000180,FLVN00,2005-08-06,9999-12-31
0003000180,FLVN01,2005-08-06,9999-12-31
0003000181,FLVN00,2015-08-06,9999-12-31
0003000181,FLVN01,2015-08-06,9999-12-31
0003000182,FLVN00,2008-10-26,9999-12-31
0003000182,FLVN01,2008-10-26,9999-12-31
0003000183,FLVN00,2016-04-01,9999-12-31
0003000183,FLVN01,2016-04-01,9999-12-31
0003000184,FLVN00,2011-05-19,9999-12-31
0003000184,FLVN01,2011-05-19,9999-12-31
0003000185,FLVN00,2016-04-01,9999-12-31
0003000185,FLVN01,2016-04-01,9999-12-31
0003000186,FLCU00,2017-08-04,9999-12-31
0003000186,FLCU01,2017-08-04,9999-12-31
0003000186,FLVN00,2012-11-07,9999-12-31
0003000186,FLVN01,2012-11-07,9999-12-31
0003000187,FLVN00,2016-04-01,9999-12-31
0003000187,FLVN01,2016-04-01,9999-12-31
0003000188,FLVN00,2008-03-17,9999-12-31
0003000188,FLVN01,2008-03-17,9999-12-31
0003000189,FLVN00,2016-01-19,9999-12-31
0003000189,FLVN01,2016-01-19,9999-12-31
0003000190,FLVN00,2011-08-27,9999-12-31
0003000190,FLVN01,2011-08-27,9999-12-31
0003000191,FLVN00,2014-11-14,9999-12-31
0003000191,FLVN01,2014-11-14,9999-12-31
0003000192,FLVN00,2016-04-01,9999-12-31
0003000192,FLVN01,2016-04-01,9999-12-31
0003000193,FLVN00,2009-11-01,9999-12-31
0003000193,FLVN01,2009-11-01,9999-12-31
0003000194,FLVN00,2016-04-01,9999-12-31
0003000194,FLVN01,2016-04-01,9999-12-31
0003000195,FLVN00,2014-05-21,9999-12-31
0003000195,FLVN01,2014-05-21,9999-12-31
0003000196,FLVN00,2014-06-02,9999-12-31
0003000196,FLVN01,2014-06-02,9999-12-31
0003000197,FLVN00,2008-12-08,9999-12-31
0003000197,FLVN01,2008-12-08,9999-12-31
0003000198,FLVN00,2016-04-01,9999-12-31
0003000198,FLVN01,2016-04-01,9999-12-31
0003000199,FLVN00,2009-02-05,9999-12-31
0003000199,FLVN01,2009-02-05,9999-12-31
0003000200,FLVN00,2016-04-01,9999-12-31
0003000200,FLVN01,2016-04-01,9999-12-31
0003000201,FLCU00,2013-09-06,9999-12-31
0003000201,FLCU01,2013-09-06,9999-12-31
0003000201,FLVN00,2014-06-18,9999-12-31
0003000201,FLVN01,2014-06-18,9999-12-31
0003000202,FLVN00,2012-06-12,9999-12-31
0003000202,FLVN01,2012-06-12,9999-12-31
0003000203,FLVN00,2012-06-08,9999-12-31
0003000203,FLVN01,2012-06-08,9999-12-31
0003000204,FLVN00,2006-06-02,9999-12-31
0003000204,FLVN01,2006-06-02,9999-12-31
0003000205,FLVN00,2016-04-01,9999-12-31
0003000205,FLVN01,2016-04-01,9999-12-31
0003000206,FLVN00,2016-04-01,9999-12-31
0003000206,FLVN01,2016-04-01,9999-12-31
0003000207,FLVN01,2015-04-25,9999-12-31
0003000208,FLVN00,2012-03-29,9999-12-31
0003000208,FLVN01,2012-03-29,9999-12-31
0003000209,FLVN00,2014-04-13,9999-12-31
0003000209,FLVN01,2014-04-13,9999-12-31
0003000210,FLVN00,2009-03-25,9999-12-31
0003000210,FLVN01,2009-03-25,9999-12-31
0003000211,FLVN00,2010-02-12,9999-12-31
0003000211,FLVN01,2010-02-12,9999-12-31
0003000212,FLCU00,2024-06-27,9999-12-31
0003000212,FLCU01,2024-06-27,9999-12-31
0003000212,FLVN00,2012-05-21,9999-12-31
0003000212,FLVN01,2012-05-21,9999-12-31
0003000213,FLCU00,2021-04-22,9999-12-31
0003000213,FLCU01,2021-04-22,9999-12-31
0003000213,FLVN00,2016-04-01,9999-12-31
0003000213,FLVN01,2016-04-01,9999-12-31
0003000214,FLVN00,2009-01-20,9999-12-31
0003000214,FLVN01,2009-01-20,9999-12-31
0003000215,FLVN00,2009-03-04,9999-12-31
0003000215,FLVN01,2009-03-04,9999-12-31
0003000216,FLVN00,2009-07-30,9999-12-31
0003000216,FLVN01,2009-07-30,9999-12-31
0003000217,FLVN00,2010-03-24,9999-12-31
0003000217,FLVN01,2010-03-24,9999-12-31
0003000218,FLVN00,2016-04-01,9999-12-31
0003000218,FLVN01,2016-04-01,9999-12-31
0003000219,FLVN00,2015-07-22,9999-12-31
0003000219,FLVN01,2015-07-22,9999-12-31
0003000220,FLVN00,2017-04-17,9999-12-31
0003000220,FLVN01,2017-04-17,9999-12-31
0003000221,FLVN00,2021-11-27,9999-12-31
0003000221,FLVN01,2021-11-27,9999-12-31
0003000222,FLVN00,2018-12-21,9999-12-31
0003000222,FLVN01,2018-12-21,9999-12-31
0003000223,FLVN00,2021-06-07,9999-12-31
0003000223,FLVN01,2021-06-07,9999-12-31
0003000224,FLCU00,2013-11-13,9999-12-31
0003000224,FLCU01,2013-11-13,9999-12-31
0003000224,FLVN00,2017-05-18,9999-12-31
0003000224,FLVN01,2017-05-18,9999-12-31
0003000225,FLVN00,2021-06-06,9999-12-31
0003000225,FLVN01,2021-06-06,9999-12-31
0003000226,FLVN00,2023-05-25,9999-12-31
0003000226,FLVN01,2023-05-25,9999-12-31
0003000227,FLVN00,2021-11-28,9999-12-31
0003000227,FLVN01,2021-11-28,9999-12-31
0003000228,FLVN00,2021-08-03,9999-12-31
0003000228,FLVN01,2021-08-03,9999-12-31
0003000229,FLVN00,2023-10-16,9999-12-31
0003000229,FLVN01,2023-10-16,9999-12-31
0003000230,FLVN00,2019-09-03,9999-12-31
0003000230,FLVN01,2019-09-03,9999-12-31
0003000231,FLVN00,2023-01-02,9999-12-31
0003000231,FLVN01,2023-01-02,9999-12-31
0003000232,FLVN00,2024-03-15,9999-12-31
0003000232,FLVN01,2024-03-15,9999-12-31
0003000233,FLVN00,2024-12-04,9999-12-31
0003000233,FLVN01,2024-12-04,9999-12-31
0003000234,FLVN00,2023-10-17,9999-12-31
0003000234,FLVN01,2023-10-17,9999-12-31
0003000235,FLVN00,2022-02-03,9999-12-31
0003000235,FLVN01,2022-02-03,9999-12-31
0003000236,FLVN00,2025-05-05,9999-12-31
0003000236,FLVN01,2025-05-05,9999-12-31
0003000237,FLVN00,2023-12-27,9999-12-31
0003000237,FLVN01,2023-12-27,9999-12-31
0003000238,FLVN00,2017-01-13,9999-12-31
0003000238,FLVN01,2017-01-13,9999-12-31
0003000239,FLVN00,2022-07-17,9999-12-31
0003000239,FLVN01,2022-07-17,9999-12-31
0003000240,FLVN00,2018-04-24,9999-12-31
0003000240,FLVN01,2018-04-24,9999-12-31
0003000241,FLVN00,2024-01-24,9999-12-31
0003000241,FLVN01,2024-01-24,9999-12-31
0003000242,FLVN00,2019-06-10,9999-12-31
0003000242,FLVN01,2019-06-10,9999-12-31
0003000243,FLVN00,2020-01-08,9999-12-31
0003000243,FLVN01,2020-01-08,9999-12-31
0003000244,FLVN00,2020-06-24,9999-12-31
0003000244,FLVN01,2020-06-24,9999-12-31
0003000245,FLVN00,2021-10-22,9999-12-31
0003000245,FLVN01,2021-10-22,9999-12-31
0003000246,FLVN00,2019-11-04,9999-12-31
0003000246,FLVN01,2019-11-04,9999-12-31
0003000247,FLVN00,2018-02-09,9999-12-31
0003000247,FLVN01,2018-02-09,9999-12-31
0003000248,FLVN00,2018-06-20,9999-12-31
0003000248,FLVN01,2018-06-20,9999-12-31
0003000249,FLVN00,2017-02-06,9999-12-31
0003000249,FLVN01,2017-02-06,9999-12-31
0003000250,FLVN00,2021-01-13,9999-12-31
0003000250,FLVN01,2021-01-13,9999-12-31
0003000251,FLVN00,2019-04-04,9999-12-31
0003000251,FLVN01,2019-04-04,9999-12-31
0003000252,FLVN00,2019-11-14,9999-12-31
0003000252,FLVN01,2019-11-14,9999-12-31
0003000253,FLVN00,2009-03-24,9999-12-31
0003000253,FLVN01,2009-03-24,9999-12-31
0003000254,FLVN00,2025-03-02,9999-12-31
0003000254,FLVN01,2025-03-02,9999-12-31
0003000255,FLVN00,2026-07-23,9999-12-31
0003000255,FLVN01,2026-07-23,9999-12-31
0003000256,FLVN00,2025-08-03,9999-12-31
0003000256,FLVN01,2025-08-03,9999-12-31
0003000257,FLVN00,2023-06-05,9999-12-31
0003000257,FLVN01,2023-06-05,9999-12-31
0003000258,FLVN00,2023-07-06,9999-12-31
0003000258,FLVN01,2023-07-06,9999-12-31
0003000259,FLVN00,2024-10-18,9999-12-31
0003000259,FLVN01,2024-10-18,9999-12-31
0003000260,FLVN00,2026-07-23,9999-12-31
0003000260,FLVN01,2026-07-23,9999-12-31
0003000261,FLVN00,2024-04-19,9999-12-31
0003000261,FLVN01,2024-04-19,9999-12-31
0003000262,FLVN00,2020-02-23,9999-12-31
0003000262,FLVN01,2020-02-23,9999-12-31
0003000263,FLVN00,2013-07-17,9999-12-31
0003000263,FLVN01,2013-07-17,9999-12-31
0003000264,FLVN00,2026-04-19,9999-12-31
0003000264,FLVN01,2026-04-19,9999-12-31
0003000265,FLVN00,2018-09-23,9999-12-31
0003000265,FLVN01,2018-09-23,9999-12-31
0003000266,FLVN00,2019-01-16,9999-12-31
0003000266,FLVN01,2019-01-16,9999-12-31
0003000267,FLVN00,2016-08-25,9999-12-31
0003000267,FLVN01,2016-08-25,9999-12-31
0003000268,FLVN00,2017-11-09,9999-12-31
0003000268,FLVN01,2017-11-09,9999-12-31
0003000269,FLVN00,2022-09-04,9999-12-31
0003000269,FLVN01,2022-09-04,9999-12-31
0003000270,FLVN00,2017-08-18,9999-12-31
0003000270,FLVN01,2017-08-18,9999-12-31
0003000271,FLVN00,2025-02-27,9999-12-31
0003000271,FLVN01,2025-02-27,9999-12-31
0003000272,FLVN00,2019-05-28,9999-12-31
0003000272,FLVN01,2019-05-28,9999-12-31
0003000273,FLVN00,2022-07-31,9999-12-31
0003000273,FLVN01,2022-07-31,9999-12-31
0003000274,FLVN00,2020-04-02,9999-12-31
0003000274,FLVN01,2020-04-02,9999-12-31
0003000275,FLVN00,2025-11-19,9999-12-31
0003000275,FLVN01,2025-11-19,9999-12-31
0003000276,FLVN00,2016-10-27,9999-12-31
0003000276,FLVN01,2016-10-27,9999-12-31
0003000277,FLVN00,2024-03-12,9999-12-31
0003000277,FLVN01,2024-03-12,9999-12-31
0003000278,FLVN00,2024-03-11,9999-12-31
0003000278,FLVN01,2024-03-11,9999-12-31
0003000279,FLVN00,2023-10-20,9999-12-31
0003000279,FLVN01,2023-10-20,9999-12-31
0003000280,FLVN00,2016-08-24,9999-12-31
0003000280,FLVN01,2016-08-24,9999-12-31
0003000281,FLVN00,2020-01-16,9999-12-31
0003000281,FLVN01,2020-01-16,9999-12-31
0003000282,FLVN00,2022-05-05,9999-12-31
0003000282,FLVN01,2022-05-05,9999-12-31
0003000283,FLVN00,2023-02-08,9999-12-31
0003000283,FLVN01,2023-02-08,9999-12-31
0003000284,FLVN00,2026-01-02,9999-12-31
0003000284,FLVN01,2026-01-02,9999-12-31
0003000285,FLVN00,2021-10-15,9999-12-31
0003000285,FLVN01,2021-10-15,9999-12-31
0003000286,FLVN00,2020-06-03,9999-12-31
0003000286,FLVN01,2020-06-03,9999-12-31
0003000287,FLVN00,2018-01-21,9999-12-31
0003000287,FLVN01,2018-01-21,9999-12-31
0003000288,FLVN00,2024-03-16,9999-12-31
0003000288,FLVN01,2024-03-16,9999-12-31
0003000289,FLVN00,2021-04-03,9999-12-31
0003000289,FLVN01,2021-04-03,9999-12-31
0003000290,FLVN00,2019-01-09,9999-12-31
0003000290,FLVN01,2019-01-09,9999-12-31
0003000291,FLVN00,2010-09-28,9999-12-31
0003000291,FLVN01,2010-09-28,9999-12-31
0003000292,FLVN00,2023-12-14,9999-12-31
0003000292,FLVN01,2023-12-14,9999-12-31
0003000293,FLVN00,2016-12-17,9999-12-31
0003000293,FLVN01,2016-12-17,9999-12-31
0003000294,FLVN00,2025-08-29,9999-12-31
0003000294,FLVN01,2025-08-29,9999-12-31
0003000295,FLVN00,2022-11-16,9999-12-31
0003000295,FLVN01,2022-11-16,9999-12-31
0003000296,FLVN00,2021-01-03,9999-12-31
0003000296,FLVN01,2021-01-03,9999-12-31
0003000297,FLVN00,2023-06-09,9999-12-31
0003000297,FLVN01,2023-06-09,9999-12-31
0003000298,FLVN00,2023-08-08,9999-12-31
0003000298,FLVN01,2023-08-08,9999-12-31
0003000299,FLVN00,2026-12-04,9999-12-31
0003000299,FLVN01,2026-12-04,9999-12-31
0003000300,FLCU00,2025-01-13,9999-12-31
0003000300,FLCU01,2025-01-13,9999-12-31
0003000300,FLVN00,2020-12-10,9999-12-31
0003000300,FLVN01,2020-12-10,9999-12-31
0003000301,FLVN00,2011-02-05,9999-12-31
0003000301,FLVN01,2011-02-05,9999-12-31
0003000302,FLVN00,2025-05-18,9999-12-31
0003000302,FLVN01,2025-05-18,9999-12-31
0003000303,FLVN00,2025-07-25,9999-12-31
0003000303,FLVN01,2025-07-25,9999-12-31
0003000304,FLVN00,2014-12-04,9999-12-31
0003000304,FLVN01,2014-12-04,9999-12-31
0003000305,FLVN00,2026-01-12,9999-12-31
0003000305,FLVN01,2026-01-12,9999-12-31
0003000306,FLVN00,2025-06-27,9999-12-31
0003000306,FLVN01,2025-06-27,9999-12-31
0003000307,FLVN00,2026-02-24,9999-12-31
0003000307,FLVN01,2026-02-24,9999-12-31
0003000308,FLVN00,2020-06-26,9999-12-31
0003000308,FLVN01,2020-06-26,9999-12-31
0003000309,FLVN00,2024-05-12,9999-12-31
0003000309,FLVN01,2024-05-12,9999-12-31
0003000310,FLVN00,2018-04-12,9999-12-31
0003000310,FLVN01,2018-04-12,9999-12-31
0003000311,FLVN00,2022-10-03,9999-12-31
0003000311,FLVN01,2022-10-03,9999-12-31
0003000312,FLVN00,2017-08-03,9999-12-31
0003000312,FLVN01,2017-08-03,9999-12-31
0003000313,FLVN00,2025-11-14,9999-12-31
0003000313,FLVN01,2025-11-14,9999-12-31
0003000314,FLVN00,2024-02-24,9999-12-31
0003000314,FLVN01,2024-02-24,9999-12-31
0003000315,FLVN00,2021-06-26,9999-12-31
0003000315,FLVN01,2021-06-26,9999-12-31
0003000316,FLVN00,2026-01-18,9999-12-31
0003000316,FLVN01,2026-01-18,9999-12-31
0003000317,FLVN00,2022-12-24,9999-12-31
0003000317,FLVN01,2022-12-24,9999-12-31
0003000318,FLVN00,2024-01-20,9999-12-31
0003000318,FLVN01,2024-01-20,9999-12-31
0003000319,FLVN00,2010-11-09,9999-12-31
0003000319,FLVN01,2010-11-09,9999-12-31
0003000320,FLVN00,2026-02-24,9999-12-31
0003000320,FLVN01,2026-02-24,9999-12-31
0003000321,FLVN00,2022-05-16,9999-12-31
0003000321,FLVN01,2022-05-16,9999-12-31
0003000322,FLVN00,2022-04-06,9999-12-31
0003000322,FLVN01,2022-04-06,9999-12-31
0003000323,FLCU00,2015-06-10,9999-12-31
0003000323,FLCU01,2015-06-10,9999-12-31
0003000323,FLVN00,2021-10-17,9999-12-31
0003000323,FLVN01,2021-10-17,9999-12-31
0003000324,FLVN00,2017-06-20,9999-12-31
0003000324,FLVN01,2017-06-20,9999-12-31
0003000325,FLVN00,2016-08-12,9999-12-31
0003000325,FLVN01,2016-08-12,9999-12-31
0003000326,FLVN00,2019-08-30,9999-12-31
0003000326,FLVN01,2019-08-30,9999-12-31
0003000327,FLVN00,2016-12-09,9999-12-31
0003000327,FLVN01,2016-12-09,9999-12-31
0003000328,FLVN00,2019-08-06,9999-12-31
0003000328,FLVN01,2019-08-06,9999-12-31
0003000329,FLVN00,2023-05-31,9999-12-31
0003000329,FLVN01,2023-05-31,9999-12-31
0003000330,FLVN00,2021-01-07,9999-12-31
0003000330,FLVN01,2021-01-07,9999-12-31
0003000331,FLVN00,2022-08-20,9999-12-31
0003000331,FLVN01,2022-08-20,9999-12-31
0003000332,FLVN00,2022-10-15,9999-12-31
0003000332,FLVN01,2022-10-15,9999-12-31
0003000333,FLVN00,2024-06-19,9999-12-31
0003000333,FLVN01,2024-06-19,9999-12-31
0003000334,FLVN00,2018-03-21,9999-12-31
0003000334,FLVN01,2018-03-21,9999-12-31
0003000335,FLVN00,2010-05-02,9999-12-31
0003000335,FLVN01,2010-05-02,9999-12-31
0003000336,FLVN00,2020-11-19,9999-12-31
0003000336,FLVN01,2020-11-19,9999-12-31
0003000337,FLVN00,2025-12-18,9999-12-31
0003000337,FLVN01,2025-12-18,9999-12-31
0003000338,FLVN00,2023-08-21,9999-12-31
0003000338,FLVN01,2023-08-21,9999-12-31
0003000339,FLVN00,2019-09-14,9999-12-31
0003000339,FLVN01,2019-09-14,9999-12-31
0003000340,FLVN00,2022-02-26,9999-12-31
0003000340,FLVN01,2022-02-26,9999-12-31
0003000341,FLVN00,2020-09-18,9999-12-31
0003000341,FLVN01,2020-09-18,9999-12-31
0003000342,FLVN00,2016-08-01,9999-12-31
0003000342,FLVN01,2016-08-01,9999-12-31
0003000343,FLVN00,2024-03-28,9999-12-31
0003000343,FLVN01,2024-03-28,9999-12-31
0003000344,FLVN00,2026-03-19,9999-12-31
0003000344,FLVN01,2026-03-19,9999-12-31
0003000345,FLVN00,2021-10-19,9999-12-31
0003000345,FLVN01,2021-10-19,9999-12-31
0003000346,FLVN00,2023-03-28,9999-12-31
0003000346,FLVN01,2023-03-28,9999-12-31
0003000347,FLVN00,1900-01-01,9999-12-31
0003000347,FLVN01,1900-01-01,9999-12-31
0003000348,FLVN00,2025-04-10,9999-12-31
0003000348,FLVN01,2025-04-10,9999-12-31
0003000349,FLVN00,2026-04-30,9999-12-31
0003000349,FLVN01,2026-04-30,9999-12-31
0003000350,FLVN00,2017-11-18,9999-12-31
0003000350,FLVN01,2017-11-18,9999-12-31
0003000351,FLVN00,2016-11-11,9999-12-31
0003000351,FLVN01,2016-11-11,9999-12-31
0003000352,FLVN00,2018-09-24,9999-12-31
0003000352,FLVN01,2018-09-24,9999-12-31
0003000353,FLVN00,2021-08-17,9999-12-31
0003000353,FLVN01,2021-08-17,9999-12-31
0003000354,FLVN00,2024-05-06,9999-12-31
0003000354,FLVN01,2024-05-06,9999-12-31
0003000355,FLVN00,2024-01-01,9999-12-31
0003000355,FLVN01,2024-01-01,9999-12-31
0003000356,FLVN00,2026-04-28,9999-12-31
0003000356,FLVN01,2026-04-28,9999-12-31
0003000357,FLVN00,2024-03-08,9999-12-31
0003000357,FLVN01,2024-03-08,9999-12-31
0003000358,FLVN00,2024-08-30,9999-12-31
0003000358,FLVN01,2024-08-30,9999-12-31
0003000359,FLVN00,2023-12-03,9999-12-31
0003000359,FLVN01,2023-12-03,9999-12-31
0003000360,FLVN00,2020-01-12,9999-12-31
0003000360,FLVN01,2020-01-12,9999-12-31
0003000361,FLVN00,2018-02-21,9999-12-31
0003000361,FLVN01,2018-02-21,9999-12-31
0003000362,FLVN00,2020-04-27,9999-12-31
0003000362,FLVN01,2020-04-27,9999-12-31
0003000363,FLVN00,2022-06-30,9999-12-31
0003000363,FLVN01,2022-06-30,9999-12-31
0003000364,FLVN00,2022-10-24,9999-12-31
0003000364,FLVN01,2022-10-24,9999-12-31
0003000365,FLVN00,2021-05-02,9999-12-31
0003000365,FLVN01,2021-05-02,9999-12-31
0003000366,FLVN00,2018-11-27,9999-12-31
0003000366,FLVN01,2018-11-27,9999-12-31
0003000367,FLVN00,2017-09-06,9999-12-31
0003000367,FLVN01,2017-09-06,9999-12-31
0003000368,FLVN00,2020-03-22,9999-12-31
0003000368,FLVN01,2020-03-22,9999-12-31
0003000369,FLVN00,2017-05-14,9999-12-31
0003000369,FLVN01,2017-05-14,9999-12-31
0003000370,FLVN00,2018-08-07,9999-12-31
0003000370,FLVN01,2018-08-07,9999-12-31
0003000371,FLVN00,2025-10-20,9999-12-31
0003000371,FLVN01,2025-10-20,9999-12-31
0003000372,FLVN00,2016-11-13,9999-12-31
0003000372,FLVN01,2016-11-13,9999-12-31
0003000373,FLVN00,2021-03-19,9999-12-31
0003000373,FLVN01,2021-03-19,9999-12-31
0003000374,FLVN00,2018-05-01,9999-12-31
0003000374,FLVN01,2018-05-01,9999-12-31
0003000375,FLVN00,2022-04-21,9999-12-31
0003000375,FLVN01,2022-04-21,9999-12-31
0003000376,FLVN00,2024-08-23,9999-12-31
0003000376,FLVN01,2024-08-23,9999-12-31
0003000377,FLVN00,2024-11-10,9999-12-31
0003000377,FLVN01,2024-11-10,9999-12-31
0003000378,FLVN00,2017-07-09,9999-12-31
0003000378,FLVN01,2017-07-09,9999-12-31
0003000379,FLVN00,2022-01-14,9999-12-31
0003000379,FLVN01,2022-01-14,9999-12-31
0003000380,FLCU00,2025-09-24,9999-12-31
0003000380,FLCU01,2025-09-24,9999-12-31
0003000380,FLVN00,2022-04-21,9999-12-31
0003000380,FLVN01,2022-04-21,9999-12-31
0003000381,FLVN00,2024-01-25,9999-12-31
0003000381,FLVN01,2024-01-25,9999-12-31
0003000382,FLVN00,2020-10-28,9999-12-31
0003000382,FLVN01,2020-10-28,9999-12-31
0003000383,FLVN00,2025-06-29,9999-12-31
0003000383,FLVN01,2025-06-29,9999-12-31
0003000384,FLVN00,2016-12-27,9999-12-31
0003000384,FLVN01,2016-12-27,9999-12-31
0003000385,FLVN00,2012-12-06,9999-12-31
0003000385,FLVN01,2012-12-06,9999-12-31
0003000386,FLVN00,2025-02-21,9999-12-31
0003000386,FLVN01,2025-02-21,9999-12-31
0003000387,FLVN00,2022-11-08,9999-12-31
0003000387,FLVN01,2022-11-08,9999-12-31
0003000388,FLVN00,2020-05-27,9999-12-31
0003000388,FLVN01,2020-05-27,9999-12-31
0003000389,FLVN00,2016-11-10,9999-12-31
0003000389,FLVN01,2016-11-10,9999-12-31
0003000390,FLVN00,2023-06-22,9999-12-31
0003000390,FLVN01,2023-06-22,9999-12-31
0003000391,FLVN00,2024-09-09,9999-12-31
0003000391,FLVN01,2024-09-09,9999-12-31
0003000392,FLVN00,2018-06-02,9999-12-31
0003000392,FLVN01,2018-06-02,9999-12-31
0003000393,FLVN00,2024-01-12,9999-12-31
0003000393,FLVN01,2024-01-12,9999-12-31
0003000394,FLVN00,2019-11-23,9999-12-31
0003000394,FLVN01,2019-11-23,9999-12-31
0003000395,FLVN00,2020-03-12,9999-12-31
0003000395,FLVN01,2020-03-12,9999-12-31
0003000396,FLVN00,2022-05-08,9999-12-31
0003000396,FLVN01,2022-05-08,9999-12-31
0003000397,FLVN00,2022-04-18,9999-12-31
0003000397,FLVN01,2022-04-18,9999-12-31
0003000398,FLVN00,2022-05-30,9999-12-31
0003000398,FLVN01,2022-05-30,9999-12-31
0003000399,FLVN00,2021-08-03,9999-12-31
0003000399,FLVN01,2021-08-03,9999-12-31
0003000400,FLVN00,2024-08-07,9999-12-31
0003000400,FLVN01,2024-08-07,9999-12-31
0003000401,FLVN00,2026-01-25,9999-12-31
0003000401,FLVN01,2026-01-25,9999-12-31
0003000402,FLVN00,2019-02-23,9999-12-31
0003000402,FLVN01,2019-02-23,9999-12-31
0003000403,FLVN00,2019-04-15,9999-12-31
0003000403,FLVN01,2019-04-15,9999-12-31
0003000404,FLVN00,2017-04-20,9999-12-31
0003000404,FLVN01,2017-04-20,9999-12-31
0003000405,FLCU00,2019-03-05,9999-12-31
0003000405,FLCU01,2019-03-05,9999-12-31
0003000405,FLVN00,2022-05-14,9999-12-31
0003000405,FLVN01,2022-05-14,9999-12-31
0003000406,FLVN00,2009-01-11,9999-12-31
0003000406,FLVN01,2009-01-11,9999-12-31
0003000407,FLVN00,2018-04-15,9999-12-31
0003000407,FLVN01,2018-04-15,9999-12-31
0003000408,FLVN00,2012-05-10,9999-12-31
0003000408,FLVN01,2012-05-10,9999-12-31
0003000409,FLVN00,2024-07-09,9999-12-31
0003000409,FLVN01,2024-07-09,9999-12-31
0003000410,FLVN00,2021-11-14,9999-12-31
0003000410,FLVN01,2021-11-14,9999-12-31
0003000411,FLVN00,2018-04-28,9999-12-31
0003000411,FLVN01,2018-04-28,9999-12-31
0003000412,FLVN00,2019-05-30,9999-12-31
0003000412,FLVN01,2019-05-30,9999-12-31
0003000413,FLVN00,2023-10-13,9999-12-31
0003000413,FLVN01,2023-10-13,9999-12-31
0003000414,FLVN00,2020-04-21,9999-12-31
0003000414,FLVN01,2020-04-21,9999-12-31
0003000415,FLVN00,2024-03-23,9999-12-31
0003000415,FLVN01,2024-03-23,9999-12-31
0003000416,FLVN00,2018-06-19,9999-12-31
0003000416,FLVN01,2018-06-19,9999-12-31
0003000417,FLVN00,2023-09-06,9999-12-31
0003000417,FLVN01,2023-09-06,9999-12-31
0003000418,FLVN00,2016-12-04,9999-12-31
0003000418,FLVN01,2016-12-04,9999-12-31
0003000419,FLVN00,2023-06-12,9999-12-31
0003000419,FLVN01,2023-06-12,9999-12-31
0003000420,FLVN00,2026-06-14,9999-12-31
0003000420,FLVN01,2026-06-14,9999-12-31
0003000421,FLVN00,2023-03-17,9999-12-31
0003000421,FLVN01,2023-03-17,9999-12-31
0003000422,FLVN00,2026-05-28,9999-12-31
0003000422,FLVN01,2026-05-28,9999-12-31
0003000423,FLVN00,2020-06-07,9999-12-31
0003000423,FLVN01,2020-06-07,9999-12-31
0003000424,FLVN00,2017-05-14,9999-12-31
0003000424,FLVN01,2017-05-14,9999-12-31
0003000425,FLVN00,2017-06-18,9999-12-31
0003000425,FLVN01,2017-06-18,9999-12-31
0003000426,FLVN00,2018-02-16,9999-12-31
0003000426,FLVN01,2018-02-16,9999-12-31
0003000427,FLVN00,2019-06-06,9999-12-31
0003000427,FLVN01,2019-06-06,9999-12-31
0003000428,FLVN00,2025-04-03,9999-12-31
0003000428,FLVN01,2025-04-03,9999-12-31
0003000429,FLVN00,2019-02-15,9999-12-31
0003000429,FLVN01,2019-02-15,9999-12-31
0003000430,FLVN00,2020-09-27,9999-12-31
0003000430,FLVN01,2020-09-27,9999-12-31
0003000431,FLVN00,2023-08-30,9999-12-31
0003000431,FLVN01,2023-08-30,9999-12-31
0003000432,FLVN00,2023-04-12,9999-12-31
0003000432,FLVN01,2023-04-12,9999-12-31
0003000433,FLVN00,2020-08-24,9999-12-31
0003000433,FLVN01,2020-08-24,9999-12-31
0003000434,FLVN00,2019-10-31,9999-12-31
0003000434,FLVN01,2019-10-31,9999-12-31
0003000435,FLVN00,2027-04-20,9999-12-31
0003000435,FLVN01,2027-04-20,9999-12-31
0003000436,FLVN00,2025-08-21,9999-12-31
0003000436,FLVN01,2025-08-21,9999-12-31
0003000437,FLVN00,2021-03-02,9999-12-31
0003000437,FLVN01,2021-03-02,9999-12-31
0003000438,FLVN00,2018-07-27,9999-12-31
0003000438,FLVN01,2018-07-27,9999-12-31
0003000439,FLVN00,2025-11-11,9999-12-31
0003000439,FLVN01,2025-11-11,9999-12-31
0003000440,FLVN00,2016-10-26,9999-12-31
0003000440,FLVN01,2016-10-26,9999-12-31
0003000441,FLVN00,2022-02-17,9999-12-31
0003000441,FLVN01,2022-02-17,9999-12-31
0003000442,FLVN00,2024-07-05,9999-12-31
0003000442,FLVN01,2024-07-05,9999-12-31
0003000443,FLVN00,2019-08-25,9999-12-31
0003000443,FLVN01,2019-08-25,9999-12-31
0003000444,FLVN00,2018-12-14,9999-12-31
0003000444,FLVN01,2018-12-14,9999-12-31
0003000445,FLVN00,2024-12-09,9999-12-31
0003000445,FLVN01,2024-12-09,9999-12-31
0003000446,FLVN00,2021-10-16,9999-12-31
0003000446,FLVN01,2021-10-16,9999-12-31
0003000447,FLVN00,2020-01-21,9999-12-31
0003000447,FLVN01,2020-01-21,9999-12-31
0003000448,FLVN00,2018-05-23,9999-12-31
0003000448,FLVN01,2018-05-23,9999-12-31
0003000449,FLVN00,2017-03-25,9999-12-31
0003000449,FLVN01,2017-03-25,9999-12-31
0003000450,FLVN00,2010-05-18,9999-12-31
0003000450,FLVN01,2010-05-18,9999-12-31
0003000451,FLVN00,2017-08-01,9999-12-31
0003000451,FLVN01,2017-08-01,9999-12-31
0003000452,FLVN00,2022-06-21,9999-12-31
0003000452,FLVN01,2022-06-21,9999-12-31
0003000453,FLVN00,2024-09-30,9999-12-31
0003000453,FLVN01,2024-09-30,9999-12-31
0003000454,FLVN00,2022-07-24,9999-12-31
0003000454,FLVN01,2022-07-24,9999-12-31
0003000455,FLVN00,2021-12-23,9999-12-31
0003000455,FLVN01,2021-12-23,9999-12-31
0003000456,FLVN00,2018-09-15,9999-12-31
0003000456,FLVN01,2018-09-15,9999-12-31
0003000457,FLVN00,2013-08-23,9999-12-31
0003000457,FLVN01,2013-08-23,9999-12-31
0003000458,FLVN00,2016-07-26,9999-12-31
0003000458,FLVN01,2016-07-26,9999-12-31
0003000459,FLVN00,2023-05-24,9999-12-31
0003000459,FLVN01,2023-05-24,9999-12-31
0003000460,FLVN00,2026-04-06,9999-12-31
0003000460,FLVN01,2026-04-06,9999-12-31
0003000461,FLVN00,2017-08-30,9999-12-31
0003000461,FLVN01,2017-08-30,9999-12-31
0003000462,FLVN00,2025-02-03,9999-12-31
0003000462,FLVN01,2025-02-03,9999-12-31
0003000463,FLVN00,2019-03-14,9999-12-31
0003000463,FLVN01,2019-03-14,9999-12-31
0003000464,FLVN00,2024-05-12,9999-12-31
0003000464,FLVN01,2024-05-12,9999-12-31
0003000465,FLVN00,2025-04-10,9999-12-31
0003000465,FLVN01,2025-04-10,9999-12-31
0003000466,FLVN00,2017-01-16,9999-12-31
0003000466,FLVN01,2017-01-16,9999-12-31
0003000467,FLVN00,2022-02-27,9999-12-31
0003000467,FLVN01,2022-02-27,9999-12-31
0003000468,FLVN00,2026-04-09,9999-12-31
0003000468,FLVN01,2026-04-09,9999-12-31
0003000469,FLVN00,2025-01-09,9999-12-31
0003000469,FLVN01,2025-01-09,9999-12-31
0003000470,FLVN00,2018-08-05,9999-12-31
0003000470,FLVN01,2018-08-05,9999-12-31
0003000471,FLVN00,2026-02-12,9999-12-31
0003000471,FLVN01,2026-02-12,9999-12-31
0003000472,FLVN00,2010-01-01,9999-12-31
0003000472,FLVN01,2010-01-01,9999-12-31
0003000473,FLVN00,2022-02-11,9999-12-31
0003000473,FLVN01,2022-02-11,9999-12-31
0003000474,FLCU00,2025-07-22,9999-12-31
0003000474,FLCU01,2025-07-22,9999-12-31
0003000474,FLVN00,2026-01-27,9999-12-31
0003000474,FLVN01,2026-01-27,9999-12-31
0003000475,FLVN00,2025-06-17,9999-12-31
0003000475,FLVN01,2025-06-17,9999-12-31
0003000476,FLVN00,2023-04-30,9999-12-31
0003000476,FLVN01,2023-04-30,9999-12-31
0003000477,FLVN00,2022-10-17,9999-12-31
0003000477,FLVN01,2022-10-17,9999-12-31
0003000478,FLVN00,2017-03-24,9999-12-31
0003000478,FLVN01,2017-03-24,9999-12-31
0003000479,FLVN00,2024-09-25,9999-12-31
0003000479,FLVN01,2024-09-25,9999-12-31
0003000480,FLVN00,2025-09-30,9999-12-31
0003000480,FLVN01,2025-09-30,9999-12-31
0003000481,FLVN00,2023-03-18,9999-12-31
0003000481,FLVN01,2023-03-18,9999-12-31
0003000482,FLVN00,2016-06-10,9999-12-31
0003000482,FLVN01,2016-06-10,9999-12-31
0003000483,FLVN00,2022-10-26,9999-12-31
0003000483,FLVN01,2022-10-26,9999-12-31
0003000484,FLVN00,2022-09-25,9999-12-31
0003000484,FLVN01,2022-09-25,9999-12-31
0003000485,FLVN00,2023-08-03,9999-12-31
0003000485,FLVN01,2023-08-03,9999-12-31
0003000486,FLVN00,2023-02-18,9999-12-31
0003000486,FLVN01,2023-02-18,9999-12-31
0003000487,FLVN00,2022-10-31,9999-12-31
0003000487,FLVN01,2022-10-31,9999-12-31
0003000488,FLVN00,2024-05-01,9999-12-31
0003000488,FLVN01,2024-05-01,9999-12-31
0003000489,FLVN00,2020-02-15,9999-12-31
0003000489,FLVN01,2020-02-15,9999-12-31
0003000490,FLVN00,2024-11-29,9999-12-31
0003000490,FLVN01,2024-11-29,9999-12-31
0003000491,FLVN00,2010-12-22,9999-12-31
0003000491,FLVN01,2010-12-22,9999-12-31
0003000492,FLVN00,2020-09-10,9999-12-31
0003000492,FLVN01,2020-09-10,9999-12-31
0003000493,FLVN00,2022-10-20,9999-12-31
0003000493,FLVN01,2022-10-20,9999-12-31
0003000494,FLVN00,2021-12-02,9999-12-31
0003000494,FLVN01,2021-12-02,9999-12-31
0003000495,FLVN00,2026-07-24,9999-12-31
0003000495,FLVN01,2026-07-24,9999-12-31
0003000496,FLVN00,2019-05-16,9999-12-31
0003000496,FLVN01,2019-05-16,9999-12-31
0003000497,FLVN00,2022-10-09,9999-12-31
0003000497,FLVN01,2022-10-09,9999-12-31
0003000498,FLVN00,2021-11-20,9999-12-31
0003000498,FLVN01,2021-11-20,9999-12-31
0003000499,FLVN00,2014-03-01,9999-12-31
0003000499,FLVN01,2014-03-01,9999-12-31
0003000500,FLVN00,2019-10-08,9999-12-31
0003000500,FLVN01,2019-10-08,9999-12-31
0003000501,FLVN00,2022-09-22,9999-12-31
0003000501,FLVN01,2022-09-22,9999-12-31
0003000502,FLVN00,2023-04-20,9999-12-31
0003000502,FLVN01,2023-04-20,9999-12-31
0003000503,FLVN00,2017-03-22,9999-12-31
0003000503,FLVN01,2017-03-22,9999-12-31
0003000504,FLVN00,2022-02-17,9999-12-31
0003000504,FLVN01,2022-02-17,9999-12-31
0003000505,FLVN00,2020-09-19,9999-12-31
0003000505,FLVN01,2020-09-19,9999-12-31
0003000506,FLVN00,2022-03-22,9999-12-31
0003000506,FLVN01,2022-03-22,9999-12-31
0003000507,FLVN00,2020-10-31,9999-12-31
0003000507,FLVN01,2020-10-31,9999-12-31
0003000508,FLVN00,2020-05-11,9999-12-31
0003000508,FLVN01,2020-05-11,9999-12-31
0003000509,FLVN00,2016-07-02,9999-12-31
0003000509,FLVN01,2016-07-02,9999-12-31
0003000510,FLVN00,2021-02-16,9999-12-31
0003000510,FLVN01,2021-02-16,9999-12-31
0003000511,FLVN00,2026-07-22,9999-12-31
0003000511,FLVN01,2026-07-22,9999-12-31
0003000512,FLVN00,2019-09-06,9999-12-31
0003000512,FLVN01,2019-09-06,9999-12-31
0003000513,FLVN00,2024-11-23,9999-12-31
0003000513,FLVN01,2024-11-23,9999-12-31
0003000514,FLVN00,2025-12-03,9999-12-31
0003000514,FLVN01,2025-12-03,9999-12-31
0003000515,FLVN00,2023-10-30,9999-12-31
0003000515,FLVN01,2023-10-30,9999-12-31
0003000516,FLCU00,2024-06-07,9999-12-31
0003000516,FLCU01,2024-06-07,9999-12-31
0003000516,FLVN00,2026-07-03,9999-12-31
0003000516,FLVN01,2026-07-03,9999-12-31
0003000517,FLVN00,2021-05-30,9999-12-31
0003000517,FLVN01,2021-05-30,9999-12-31
0003000518,FLVN00,2019-12-26,9999-12-31
0003000518,FLVN01,2019-12-26,9999-12-31
0003000519,FLVN00,2022-10-22,9999-12-31
0003000519,FLVN01,2022-10-22,9999-12-31
0003000520,FLVN00,2017-06-29,9999-12-31
0003000520,FLVN01,2017-06-29,9999-12-31
0003000521,FLVN00,2018-11-29,9999-12-31
0003000521,FLVN01,2018-11-29,9999-12-31
0003000522,FLVN00,2020-10-04,9999-12-31
0003000522,FLVN01,2020-10-04,9999-12-31
0003000523,FLVN00,2018-02-18,9999-12-31
0003000523,FLVN01,2018-02-18,9999-12-31
0003000524,FLVN00,2026-05-22,9999-12-31
0003000524,FLVN01,2026-05-22,9999-12-31
0003000525,FLVN00,2016-06-27,9999-12-31
0003000525,FLVN01,2016-06-27,9999-12-31
0003000526,FLVN00,2026-02-12,9999-12-31
0003000526,FLVN01,2026-02-12,9999-12-31
0003000527,FLVN00,2019-05-23,9999-12-31
0003000527,FLVN01,2019-05-23,9999-12-31
0003000528,FLVN00,1900-01-01,9999-12-31
0003000528,FLVN01,1900-01-01,9999-12-31
0003000529,FLVN00,2018-04-10,9999-12-31
0003000529,FLVN01,2018-04-10,9999-12-31
0003000530,FLVN00,2023-06-24,9999-12-31
0003000530,FLVN01,2023-06-24,9999-12-31
0003000531,FLVN00,2018-06-06,9999-12-31
0003000531,FLVN01,2018-06-06,9999-12-31
0003000532,FLVN00,2018-12-18,9999-12-31
0003000532,FLVN01,2018-12-18,9999-12-31
0003000533,FLVN00,2020-03-21,9999-12-31
0003000533,FLVN01,2020-03-21,9999-12-31
0003000534,FLCU00,2019-03-21,9999-12-31
0003000534,FLCU01,2019-03-21,9999-12-31
0003000534,FLVN00,2022-04-08,9999-12-31
0003000534,FLVN01,2022-04-08,9999-12-31
0003000535,FLVN00,2019-09-07,9999-12-31
0003000535,FLVN01,2019-09-07,9999-12-31
0003000536,FLVN00,2026-08-01,9999-12-31
0003000536,FLVN01,2026-08-01,9999-12-31
0003000537,FLVN00,2023-08-02,9999-12-31
0003000537,FLVN01,2023-08-02,9999-12-31
0003000538,FLCU00,2022-08-19,9999-12-31
0003000538,FLCU01,2022-08-19,9999-12-31
0003000538,FLVN00,2020-03-20,9999-12-31
0003000538,FLVN01,2020-03-20,9999-12-31
0003000539,FLVN00,2025-07-27,9999-12-31
0003000539,FLVN01,2025-07-27,9999-12-31
0003000540,FLVN00,2021-11-30,9999-12-31
0003000540,FLVN01,2021-11-30,9999-12-31
0003000541,FLVN00,2016-06-06,9999-12-31
0003000541,FLVN01,2016-06-06,9999-12-31
0003000542,FLVN00,2025-03-24,9999-12-31
0003000542,FLVN01,2025-03-24,9999-12-31
0003000543,FLVN00,2025-01-09,9999-12-31
0003000543,FLVN01,2025-01-09,9999-12-31
0003000544,FLVN00,2026-05-20,9999-12-31
0003000544,FLVN01,2026-05-20,9999-12-31
0003000545,FLVN00,2018-05-06,9999-12-31
0003000545,FLVN01,2018-05-06,9999-12-31
0003000546,FLVN00,2010-05-30,9999-12-31
0003000546,FLVN01,2010-05-30,9999-12-31
0003000547,FLVN00,2023-07-02,9999-12-31
0003000547,FLVN01,2023-07-02,9999-12-31
0003000548,FLVN00,2019-06-04,9999-12-31
0003000548,FLVN01,2019-06-04,9999-12-31
0003000549,FLVN00,2018-12-20,9999-12-31
0003000549,FLVN01,2018-12-20,9999-12-31
0003000550,FLVN00,2026-09-11,9999-12-31
0003000550,FLVN01,2026-09-11,9999-12-31
0003000551,FLVN00,2016-06-21,9999-12-31
0003000551,FLVN01,2016-06-21,9999-12-31
0003000552,FLVN00,2009-01-22,9999-12-31
0003000552,FLVN01,2009-01-22,9999-12-31
0003000553,FLVN00,2024-04-08,9999-12-31
0003000553,FLVN01,2024-04-08,9999-12-31
0003000554,FLCU00,2022-09-15,9999-12-31
0003000554,FLCU01,2022-09-15,9999-12-31
0003000554,FLVN00,2016-12-08,9999-12-31
0003000554,FLVN01,2016-12-08,9999-12-31
0003000555,FLVN00,2022-12-01,9999-12-31
0003000555,FLVN01,2022-12-01,9999-12-31
0003000556,FLVN00,2023-12-12,9999-12-31
0003000556,FLVN01,2023-12-12,9999-12-31
0003000557,FLVN00,2024-12-20,9999-12-31
0003000557,FLVN01,2024-12-20,9999-12-31
0003000558,FLVN00,2022-03-23,9999-12-31
0003000558,FLVN01,2022-03-23,9999-12-31
0003000559,FLVN00,2019-12-13,9999-12-31
0003000559,FLVN01,2019-12-13,9999-12-31
0003000560,FLVN00,2018-05-14,9999-12-31
0003000560,FLVN01,2018-05-14,9999-12-31
0003000561,FLVN00,2021-09-05,9999-12-31
0003000561,FLVN01,2021-09-05,9999-12-31
0003000562,FLVN00,2019-08-06,9999-12-31
0003000562,FLVN01,2019-08-06,9999-12-31
0003000563,FLVN00,2023-09-01,9999-12-31
0003000563,FLVN01,2023-09-01,9999-12-31
0003000564,FLVN00,2017-07-24,9999-12-31
0003000564,FLVN01,2017-07-24,9999-12-31
0003000565,FLVN00,2016-12-11,9999-12-31
0003000565,FLVN01,2016-12-11,9999-12-31
0003000566,FLVN00,2017-02-19,9999-12-31
0003000566,FLVN01,2017-02-19,9999-12-31
0003000567,FLVN00,2026-05-04,9999-12-31
0003000567,FLVN01,2026-05-04,9999-12-31
0003000568,FLVN01,2026-04-11,9999-12-31
0003000569,FLVN00,2020-10-27,9999-12-31
0003000569,FLVN01,2020-10-27,9999-12-31
0003000570,FLVN00,2016-08-16,9999-12-31
0003000570,FLVN01,2016-08-16,9999-12-31
0003000571,FLVN00,2018-08-02,9999-12-31
0003000571,FLVN01,2018-08-02,9999-12-31
0003000572,FLVN00,2025-10-04,9999-12-31
0003000572,FLVN01,2025-10-04,9999-12-31
0003000573,FLVN00,2026-09-20,9999-12-31
0003000573,FLVN01,2026-09-20,9999-12-31
0003000574,FLVN00,2023-07-18,9999-12-31
0003000574,FLVN01,2023-07-18,9999-12-31
0003000575,FLVN00,2016-09-11,9999-12-31
0003000575,FLVN01,2016-09-11,9999-12-31
0003000576,FLVN00,2018-02-27,9999-12-31
0003000576,FLVN01,2018-02-27,9999-12-31
0003000577,FLVN00,2023-06-11,9999-12-31
0003000577,FLVN01,2023-06-11,9999-12-31
0003000578,FLVN00,2024-05-27,9999-12-31
0003000578,FLVN01,2024-05-27,9999-12-31
0003000579,FLVN00,2020-09-20,9999-12-31
0003000579,FLVN01,2020-09-20,9999-12-31
0003000580,FLVN00,2021-11-04,9999-12-31
0003000580,FLVN01,2021-11-04,9999-12-31
0003000581,FLVN00,2017-12-31,9999-12-31
0003000581,FLVN01,2017-12-31,9999-12-31
0003000582,FLVN00,2020-08-17,9999-12-31
0003000582,FLVN01,2020-08-17,9999-12-31
0003000583,FLVN00,2025-04-20,9999-12-31
0003000583,FLVN01,2025-04-20,9999-12-31
0003000584,FLVN00,2021-03-05,9999-12-31
0003000584,FLVN01,2021-03-05,9999-12-31
0003000585,FLVN00,2024-08-06,9999-12-31
0003000585,FLVN01,2024-08-06,9999-12-31
0003000586,FLVN00,2020-05-24,9999-12-31
0003000586,FLVN01,2020-05-24,9999-12-31
0003000587,FLVN00,2018-10-11,9999-12-31
0003000587,FLVN01,2018-10-11,9999-12-31
0003000588,FLVN00,2024-08-03,9999-12-31
0003000588,FLVN01,2024-08-03,9999-12-31
0003000589,FLVN00,2016-09-11,9999-12-31
0003000589,FLVN01,2016-09-11,9999-12-31
0003000590,FLVN00,2022-06-29,9999-12-31
0003000590,FLVN01,2022-06-29,9999-12-31
0003000591,FLVN00,2017-09-17,9999-12-31
0003000591,FLVN01,2017-09-17,9999-12-31
0003000592,FLVN00,2020-01-22,9999-12-31
0003000592,FLVN01,2020-01-22,9999-12-31
0003000593,FLVN00,2010-07-04,9999-12-31
0003000593,FLVN01,2010-07-04,9999-12-31
0003000594,FLVN00,2023-06-14,9999-12-31
0003000594,FLVN01,2023-06-14,9999-12-31
0003000595,FLVN00,2019-06-16,9999-12-31
0003000595,FLVN01,2019-06-16,9999-12-31
0003000596,FLVN00,2019-07-20,9999-12-31
0003000596,FLVN01,2019-07-20,9999-12-31
0003000597,FLVN00,2025-08-31,9999-12-31
0003000597,FLVN01,2025-08-31,9999-12-31
0003000598,FLVN00,2027-12-08,9999-12-31
0003000598,FLVN01,2027-12-08,9999-12-31
0003000599,FLCU00,2017-01-25,9999-12-31
0003000599,FLCU01,2017-01-25,9999-12-31
0003000599,FLVN00,2022-12-09,9999-12-31
0003000599,FLVN01,2022-12-09,9999-12-31
0003000600,FLVN00,2020-03-24,9999-12-31
0003000600,FLVN01,2020-03-24,9999-12-31
0003000601,FLVN00,2019-11-09,9999-12-31
0003000601,FLVN01,2019-11-09,9999-12-31
0003000602,FLVN00,2021-04-21,9999-12-31
0003000602,FLVN01,2021-04-21,9999-12-31
0003000603,FLVN00,2023-05-01,9999-12-31
0003000603,FLVN01,2023-05-01,9999-12-31
0003000604,FLVN00,2022-12-14,9999-12-31
0003000604,FLVN01,2022-12-14,9999-12-31
0003000605,FLVN00,2017-11-17,9999-12-31
0003000605,FLVN01,2017-11-17,9999-12-31
0003000606,FLVN00,2026-04-26,9999-12-31
0003000606,FLVN01,2026-04-26,9999-12-31
0003000607,FLVN00,2019-09-22,9999-12-31
0003000607,FLVN01,2019-09-22,9999-12-31
0003000608,FLVN00,2024-02-04,9999-12-31
0003000608,FLVN01,2024-02-04,9999-12-31
0003000609,FLVN00,2018-07-22,9999-12-31
0003000609,FLVN01,2018-07-22,9999-12-31
0003000610,FLVN00,2026-08-28,9999-12-31
0003000610,FLVN01,2026-08-28,9999-12-31
0003000611,FLVN00,2021-01-30,9999-12-31
0003000611,FLVN01,2021-01-30,9999-12-31
0003000612,FLVN00,2024-07-05,9999-12-31
0003000612,FLVN01,2024-07-05,9999-12-31
0003000613,FLVN00,2024-12-08,9999-12-31
0003000613,FLVN01,2024-12-08,9999-12-31
0003000614,FLVN00,2023-11-18,9999-12-31
0003000614,FLVN01,2023-11-18,9999-12-31
0003000615,FLVN00,2025-10-04,9999-12-31
0003000615,FLVN01,2025-10-04,9999-12-31
0003000616,FLVN00,2018-06-02,9999-12-31
0003000616,FLVN01,2018-06-02,9999-12-31
0003000617,FLVN00,2023-01-05,9999-12-31
0003000617,FLVN01,2023-01-05,9999-12-31
0003000618,FLVN00,2024-06-09,9999-12-31
0003000618,FLVN01,2024-06-09,9999-12-31
0003000619,FLVN00,2025-01-20,9999-12-31
0003000619,FLVN01,2025-01-20,9999-12-31
0003000620,FLVN00,2023-10-04,9999-12-31
0003000620,FLVN01,2023-10-04,9999-12-31
0003000621,FLVN00,2026-06-26,9999-12-31
0003000621,FLVN01,2026-06-26,9999-12-31
0003000622,FLVN00,2021-04-27,9999-12-31
0003000622,FLVN01,2021-04-27,9999-12-31
0003000623,FLVN00,2016-10-22,9999-12-31
0003000623,FLVN01,2016-10-22,9999-12-31
0003000624,FLCU00,2024-04-13,9999-12-31
0003000624,FLCU01,2024-04-13,9999-12-31
0003000624,FLVN00,2025-09-03,9999-12-31
0003000624,FLVN01,2025-09-03,9999-12-31
0003000625,FLVN00,2019-04-16,9999-12-31
0003000625,FLVN01,2019-04-16,9999-12-31
0003000626,FLVN00,2021-07-31,9999-12-31
0003000626,FLVN01,2021-07-31,9999-12-31
0003000627,FLVN00,2023-10-10,9999-12-31
0003000627,FLVN01,2023-10-10,9999-12-31
0003000628,FLVN00,2022-12-17,9999-12-31
0003000628,FLVN01,2022-12-17,9999-12-31
0003000629,FLVN00,2024-05-13,9999-12-31
0003000629,FLVN01,2024-05-13,9999-12-31
0003000630,FLVN00,2021-05-01,9999-12-31
0003000630,FLVN01,2021-05-01,9999-12-31
0003000631,FLVN00,2019-12-07,9999-12-31
0003000631,FLVN01,2019-12-07,9999-12-31
0003000632,FLVN00,2018-05-16,9999-12-31
0003000632,FLVN01,2018-05-16,9999-12-31
0003000633,FLVN00,2011-07-27,9999-12-31
0003000633,FLVN01,2011-07-27,9999-12-31
0003000634,FLVN00,2019-05-08,9999-12-31
0003000634,FLVN01,2019-05-08,9999-12-31
0003000635,FLVN00,2019-03-11,9999-12-31
0003000635,FLVN01,2019-03-11,9999-12-31
0003000636,FLVN00,2020-11-29,9999-12-31
0003000636,FLVN01,2020-11-29,9999-12-31
0003000637,FLVN00,2024-01-07,9999-12-31
0003000637,FLVN01,2024-01-07,9999-12-31
0003000638,FLVN00,2017-10-07,9999-12-31
0003000638,FLVN01,2017-10-07,9999-12-31
0003000639,FLVN00,2019-08-08,9999-12-31
0003000639,FLVN01,2019-08-08,9999-12-31
0003000640,FLVN00,2017-09-13,9999-12-31
0003000640,FLVN01,2017-09-13,9999-12-31
0003000641,FLVN00,2020-11-12,9999-12-31
0003000641,FLVN01,2020-11-12,9999-12-31
0003000642,FLVN00,2026-02-24,9999-12-31
0003000642,FLVN01,2026-02-24,9999-12-31
0003000643,FLVN00,2019-03-27,9999-12-31
0003000643,FLVN01,2019-03-27,9999-12-31
0003000644,FLVN00,2012-12-07,9999-12-31
0003000644,FLVN01,2012-12-07,9999-12-31
0003000645,FLVN00,2021-07-15,9999-12-31
0003000645,FLVN01,2021-07-15,9999-12-31
0003000646,FLVN00,2023-09-12,9999-12-31
0003000646,FLVN01,2023-09-12,9999-12-31
0003000647,FLVN00,2019-02-21,9999-12-31
0003000647,FLVN01,2019-02-21,9999-12-31
0003000648,FLVN00,2026-06-05,9999-12-31
0003000648,FLVN01,2026-06-05,9999-12-31
0003000649,FLVN00,2021-08-26,9999-12-31
0003000649,FLVN01,2021-08-26,9999-12-31
0003000650,FLVN00,2019-05-11,9999-12-31
0003000650,FLVN01,2019-05-11,9999-12-31
0003000651,FLVN00,2021-09-02,9999-12-31
0003000651,FLVN01,2021-09-02,9999-12-31
0003000652,FLVN00,2020-03-10,9999-12-31
0003000652,FLVN01,2020-03-10,9999-12-31
0003000653,FLVN00,2025-10-06,9999-12-31
0003000653,FLVN01,2025-10-06,9999-12-31
0003000654,FLVN00,2024-01-25,9999-12-31
0003000654,FLVN01,2024-01-25,9999-12-31
0003000655,FLVN00,2022-08-17,9999-12-31
0003000655,FLVN01,2022-08-17,9999-12-31
0003000656,FLVN00,2016-08-20,9999-12-31
0003000656,FLVN01,2016-08-20,9999-12-31
0003000657,FLCU00,2021-08-10,9999-12-31
0003000657,FLCU01,2021-08-10,9999-12-31
0003000657,FLVN00,2026-05-26,9999-12-31
0003000657,FLVN01,2026-05-26,9999-12-31
0003000658,FLVN00,2019-05-18,9999-12-31
0003000658,FLVN01,2019-05-18,9999-12-31
0003000659,FLVN00,2025-07-04,9999-12-31
0003000659,FLVN01,2025-07-04,9999-12-31
0003000660,FLVN00,2025-05-13,9999-12-31
0003000660,FLVN01,2025-05-13,9999-12-31
0003000661,FLVN00,2020-05-23,9999-12-31
0003000661,FLVN01,2020-05-23,9999-12-31
0003000662,FLCU00,2018-04-13,9999-12-31
0003000662,FLCU01,2018-04-13,9999-12-31
0003000662,FLVN00,2021-08-02,9999-12-31
0003000662,FLVN01,2021-08-02,9999-12-31
0003000663,FLVN00,2025-08-17,9999-12-31
0003000663,FLVN01,2025-08-17,9999-12-31
0003000664,FLVN00,2021-11-27,9999-12-31
0003000664,FLVN01,2021-11-27,9999-12-31
0003000665,FLVN00,2026-03-17,9999-12-31
0003000665,FLVN01,2026-03-17,9999-12-31
0003000666,FLVN00,2019-09-23,9999-12-31
0003000666,FLVN01,2019-09-23,9999-12-31
0003000667,FLVN00,2017-06-24,9999-12-31
0003000667,FLVN01,2017-06-24,9999-12-31
0003000668,FLVN00,2017-07-23,9999-12-31
0003000668,FLVN01,2017-07-23,9999-12-31
0003000669,FLCU00,2016-07-02,9999-12-31
0003000669,FLCU01,2016-07-02,9999-12-31
0003000669,FLVN00,2019-08-13,9999-12-31
0003000669,FLVN01,2019-08-13,9999-12-31
0003000670,FLVN00,2023-01-18,9999-12-31
0003000670,FLVN01,2023-01-18,9999-12-31
0003000671,FLVN00,2023-03-04,9999-12-31
0003000671,FLVN01,2023-03-04,9999-12-31
0003000672,FLVN00,2026-03-30,9999-12-31
0003000672,FLVN01,2026-03-30,9999-12-31
0003000673,FLVN00,2018-10-31,9999-12-31
0003000673,FLVN01,2018-10-31,9999-12-31
0003000674,FLVN00,2017-12-15,9999-12-31
0003000674,FLVN01,2017-12-15,9999-12-31
0003000675,FLVN00,2026-03-16,9999-12-31
0003000675,FLVN01,2026-03-16,9999-12-31
0003000676,FLVN00,2018-10-19,9999-12-31
0003000676,FLVN01,2018-10-19,9999-12-31
0003000677,FLVN00,2024-01-08,9999-12-31
0003000677,FLVN01,2024-01-08,9999-12-31
0003000678,FLVN00,2020-01-28,9999-12-31
0003000678,FLVN01,2020-01-28,9999-12-31
0003000679,FLVN00,2022-01-09,9999-12-31
0003000679,FLVN01,2022-01-09,9999-12-31
0003000680,FLVN00,2022-05-10,9999-12-31
0003000680,FLVN01,2022-05-10,9999-12-31
0003000681,FLVN00,2025-10-16,9999-12-31
0003000681,FLVN01,2025-10-16,9999-12-31
0003000682,FLVN00,2024-03-07,9999-12-31
0003000682,FLVN01,2024-03-07,9999-12-31
0003000683,FLVN00,2020-01-19,9999-12-31
0003000683,FLVN01,2020-01-19,9999-12-31
0003000684,FLVN00,2025-08-18,9999-12-31
0003000684,FLVN01,2025-08-18,9999-12-31
0003000685,FLVN00,2021-04-12,9999-12-31
0003000685,FLVN01,2021-04-12,9999-12-31
0003000686,FLVN00,2017-10-07,9999-12-31
0003000686,FLVN01,2017-10-07,9999-12-31
0003000687,FLVN00,2026-07-18,9999-12-31
0003000687,FLVN01,2026-07-18,9999-12-31
0003000688,FLVN00,2018-09-04,9999-12-31
0003000688,FLVN01,2018-09-04,9999-12-31
0003000689,FLVN00,2022-03-21,9999-12-31
0003000689,FLVN01,2022-03-21,9999-12-31
0003000690,FLVN00,2021-03-10,9999-12-31
0003000690,FLVN01,2021-03-10,9999-12-31
0003000691,FLVN00,2025-04-16,9999-12-31
0003000691,FLVN01,2025-04-16,9999-12-31
0003000692,FLVN00,2021-06-02,9999-12-31
0003000692,FLVN01,2021-06-02,9999-12-31
0003000693,FLVN00,2018-05-19,9999-12-31
0003000693,FLVN01,2018-05-19,9999-12-31
0003000694,FLCU00,2013-04-02,9999-12-31
0003000694,FLCU01,2013-04-02,9999-12-31
0003000694,FLVN00,2020-01-26,9999-12-31
0003000694,FLVN01,2020-01-26,9999-12-31
0003000695,FLVN00,2020-02-07,9999-12-31
0003000695,FLVN01,2020-02-07,9999-12-31
0003000696,FLCU00,2021-11-04,9999-12-31
0003000696,FLCU01,2021-11-04,9999-12-31
0003000696,FLVN00,2020-02-24,9999-12-31
0003000696,FLVN01,2020-02-24,9999-12-31
0003000697,FLVN00,2017-02-05,9999-12-31
0003000697,FLVN01,2017-02-05,9999-12-31
0003000698,FLCU00,2013-06-21,9999-12-31
0003000698,FLCU01,2013-06-21,9999-12-31
0003000698,FLVN00,2021-05-08,9999-12-31
0003000698,FLVN01,2021-05-08,9999-12-31
0003000699,FLVN00,2018-11-25,9999-12-31
0003000699,FLVN01,2018-11-25,9999-12-31
0003000700,FLVN00,2009-08-17,9999-12-31
0003000700,FLVN01,2009-08-17,9999-12-31
0003000701,FLVN00,2026-07-26,9999-12-31
0003000701,FLVN01,2026-07-26,9999-12-31
0003000702,FLVN00,2025-12-20,9999-12-31
0003000702,FLVN01,2025-12-20,9999-12-31
0003000703,FLVN00,2023-12-25,9999-12-31
0003000703,FLVN01,2023-12-25,9999-12-31
0003000704,FLVN00,2016-07-22,9999-12-31
0003000704,FLVN01,2016-07-22,9999-12-31
0003000705,FLVN00,2019-07-12,9999-12-31
0003000705,FLVN01,2019-07-12,9999-12-31
0003000706,FLVN00,2017-09-16,9999-12-31
0003000706,FLVN01,2017-09-16,9999-12-31
0003000707,FLVN00,2020-07-11,9999-12-31
0003000707,FLVN01,2020-07-11,9999-12-31
0003000708,FLVN00,2025-09-07,9999-12-31
0003000708,FLVN01,2025-09-07,9999-12-31
0003000709,FLVN00,2024-05-18,9999-12-31
0003000709,FLVN01,2024-05-18,9999-12-31
0003000710,FLVN00,2017-12-08,9999-12-31
0003000710,FLVN01,2017-12-08,9999-12-31
0003000711,FLVN00,2023-11-30,9999-12-31
0003000711,FLVN01,2023-11-30,9999-12-31
0003000712,FLVN00,2023-03-25,9999-12-31
0003000712,FLVN01,2023-03-25,9999-12-31
0003000713,FLVN00,2021-05-31,9999-12-31
0003000713,FLVN01,2021-05-31,9999-12-31
0003000714,FLCU00,2013-11-04,9999-12-31
0003000714,FLCU01,2013-11-04,9999-12-31
0003000714,FLVN00,2020-11-09,9999-12-31
0003000714,FLVN01,2020-11-09,9999-12-31
0003000715,FLVN00,2021-10-31,9999-12-31
0003000715,FLVN01,2021-10-31,9999-12-31
0003000716,FLVN00,2017-08-04,9999-12-31
0003000716,FLVN01,2017-08-04,9999-12-31
0003000717,FLVN00,2010-05-11,9999-12-31
0003000717,FLVN01,2010-05-11,9999-12-31
0003000718,FLVN00,2026-01-09,9999-12-31
0003000718,FLVN01,2026-01-09,9999-12-31
0003000719,FLVN00,2019-01-28,9999-12-31
0003000719,FLVN01,2019-01-28,9999-12-31
0003000720,FLVN00,2019-11-13,9999-12-31
0003000720,FLVN01,2019-11-13,9999-12-31
0003000721,FLVN00,2020-06-23,9999-12-31
0003000721,FLVN01,2020-06-23,9999-12-31
0003000722,FLVN00,2023-04-01,9999-12-31
0003000722,FLVN01,2023-04-01,9999-12-31
0003000723,FLVN00,2026-04-20,9999-12-31
0003000723,FLVN01,2026-04-20,9999-12-31
0003000724,FLVN00,2019-09-18,9999-12-31
0003000724,FLVN01,2019-09-18,9999-12-31
0003000725,FLVN00,2026-07-22,9999-12-31
0003000725,FLVN01,2026-07-22,9999-12-31
0003000726,FLVN00,2026-04-25,9999-12-31
0003000726,FLVN01,2026-04-25,9999-12-31
0003000727,FLVN00,2022-05-18,9999-12-31
0003000727,FLVN01,2022-05-18,9999-12-31
0003000728,FLVN00,2022-08-02,9999-12-31
0003000728,FLVN01,2022-08-02,9999-12-31
0003000729,FLVN00,2027-08-25,9999-12-31
0003000729,FLVN01,2027-08-25,9999-12-31
0003000730,FLVN00,2018-04-09,9999-12-31
0003000730,FLVN01,2018-04-09,9999-12-31
0003000731,FLVN00,2016-06-27,9999-12-31
0003000731,FLVN01,2016-06-27,9999-12-31
0003000732,FLVN00,2018-04-06,9999-12-31
0003000732,FLVN01,2018-04-06,9999-12-31
0003000733,FLVN00,2022-12-04,9999-12-31
0003000733,FLVN01,2022-12-04,9999-12-31
0003000734,FLVN00,2019-07-23,9999-12-31
0003000734,FLVN01,2019-07-23,9999-12-31
0003000735,FLVN00,2026-02-06,9999-12-31
0003000735,FLVN01,2026-02-06,9999-12-31
0003000736,FLVN00,2017-08-02,9999-12-31
0003000736,FLVN01,2017-08-02,9999-12-31
0003000737,FLCU00,2020-03-17,9999-12-31
0003000737,FLCU01,2020-03-17,9999-12-31
0003000737,FLVN00,2025-12-30,9999-12-31
0003000737,FLVN01,2025-12-30,9999-12-31
0003000738,FLVN00,2026-06-19,9999-12-31
0003000738,FLVN01,2026-06-19,9999-12-31
0003000739,FLVN00,2019-12-10,9999-12-31
0003000739,FLVN01,2019-12-10,9999-12-31
0003000740,FLVN00,2022-11-20,9999-12-31
0003000740,FLVN01,2022-11-20,9999-12-31
0003000741,FLVN00,2018-08-02,9999-12-31
0003000741,FLVN01,2018-08-02,9999-12-31
0003000742,FLVN00,2018-06-18,9999-12-31
0003000742,FLVN01,2018-06-18,9999-12-31
0003000743,FLVN00,2026-05-04,9999-12-31
0003000743,FLVN01,2026-05-04,9999-12-31
0003000744,FLVN00,2025-03-13,9999-12-31
0003000744,FLVN01,2025-03-13,9999-12-31
0003000745,FLVN00,2021-04-16,9999-12-31
0003000745,FLVN01,2021-04-16,9999-12-31
0003000746,FLCU00,2024-11-28,9999-12-31
0003000746,FLCU01,2024-11-28,9999-12-31
0003000746,FLVN00,2020-06-19,9999-12-31
0003000746,FLVN01,2020-06-19,9999-12-31
0003000747,FLCU00,2018-06-03,9999-12-31
0003000747,FLCU01,2018-06-03,9999-12-31
0003000747,FLVN00,2024-07-31,9999-12-31
0003000747,FLVN01,2024-07-31,9999-12-31
0003000748,FLVN00,2018-02-02,9999-12-31
0003000748,FLVN01,2018-02-02,9999-12-31
0003000749,FLVN00,2026-05-17,9999-12-31
0003000749,FLVN01,2026-05-17,9999-12-31
0003000750,FLVN00,2012-03-21,9999-12-31
0003000750,FLVN01,2012-03-21,9999-12-31
0003000751,FLVN00,2021-03-20,9999-12-31
0003000751,FLVN01,2021-03-20,9999-12-31
0003000752,FLVN00,2023-11-11,9999-12-31
0003000752,FLVN01,2023-11-11,9999-12-31
0003000753,FLVN00,2018-09-12,9999-12-31
0003000753,FLVN01,2018-09-12,9999-12-31
0003000754,FLVN00,2017-06-07,9999-12-31
0003000754,FLVN01,2017-06-07,9999-12-31
0003000755,FLVN00,2021-07-30,9999-12-31
0003000755,FLVN01,2021-07-30,9999-12-31
0003000756,FLCU00,2021-06-09,9999-12-31
0003000756,FLCU01,2021-06-09,9999-12-31
0003000756,FLVN00,2018-01-23,9999-12-31
0003000756,FLVN01,2018-01-23,9999-12-31
0003000757,FLVN00,2017-06-06,9999-12-31
0003000757,FLVN01,2017-06-06,9999-12-31
0003000758,FLVN00,2020-01-15,9999-12-31
0003000758,FLVN01,2020-01-15,9999-12-31
0003000759,FLVN00,2017-06-21,9999-12-31
0003000759,FLVN01,2017-06-21,9999-12-31
0003000760,FLVN00,2024-04-13,9999-12-31
0003000760,FLVN01,2024-04-13,9999-12-31
0003000761,FLCU00,2026-09-05,9999-12-31
0003000761,FLCU01,2026-09-05,9999-12-31
0003000761,FLVN00,2022-03-24,9999-12-31
0003000761,FLVN01,2022-03-24,9999-12-31
0003000762,FLVN00,2025-12-09,9999-12-31
0003000762,FLVN01,2025-12-09,9999-12-31
0003000763,FLVN00,2012-02-12,9999-12-31
0003000763,FLVN01,2012-02-12,9999-12-31
0003000764,FLVN00,2021-09-07,9999-12-31
0003000764,FLVN01,2021-09-07,9999-12-31
0003000765,FLVN00,2024-08-26,9999-12-31
0003000765,FLVN01,2024-08-26,9999-12-31
0003000766,FLVN00,2022-04-02,9999-12-31
0003000766,FLVN01,2022-04-02,9999-12-31
0003000767,FLVN00,2020-05-27,9999-12-31
0003000767,FLVN01,2020-05-27,9999-12-31
0003000768,FLVN00,2017-05-15,9999-12-31
0003000768,FLVN01,2017-05-15,9999-12-31
0003000769,FLVN00,2022-04-04,9999-12-31
0003000769,FLVN01,2022-04-04,9999-12-31
0003000770,FLVN00,2025-05-23,9999-12-31
0003000770,FLVN01,2025-05-23,9999-12-31
0003000771,FLVN00,2018-06-05,9999-12-31
0003000771,FLVN01,2018-06-05,9999-12-31
0003000772,FLVN00,2019-02-06,9999-12-31
0003000772,FLVN01,2019-02-06,9999-12-31
0003000773,FLVN00,2018-10-10,9999-12-31
0003000773,FLVN01,2018-10-10,9999-12-31
0003000774,FLVN00,2019-05-24,9999-12-31
0003000774,FLVN01,2019-05-24,9999-12-31
0003000775,FLVN00,2026-07-05,9999-12-31
0003000775,FLVN01,2026-07-05,9999-12-31
0003000776,FLVN00,2022-08-26,9999-12-31
0003000776,FLVN01,2022-08-26,9999-12-31
0003000777,FLVN00,0000-00-00,9999-12-31
0003000777,FLVN01,0000-00-00,9999-12-31
0003000778,FLVN00,2026-04-12,9999-12-31
0003000778,FLVN01,2026-04-12,9999-12-31
0003000779,FLVN00,2011-12-13,9999-12-31
0003000779,FLVN01,2011-12-13,9999-12-31
0003000780,FLVN00,2012-11-08,9999-12-31
0003000780,FLVN01,2012-11-08,9999-12-31
0003000781,FLVN00,2026-04-04,9999-12-31
0003000781,FLVN01,2026-04-04,9999-12-31
0003000782,FLVN00,2025-03-20,9999-12-31
0003000782,FLVN01,2025-03-20,9999-12-31
0003000783,FLVN00,2013-05-22,9999-12-31
0003000783,FLVN01,2013-05-22,9999-12-31
0003000784,FLVN00,2019-06-07,9999-12-31
0003000784,FLVN01,2019-06-07,9999-12-31
0003000785,FLVN00,2026-10-01,9999-12-31
0003000785,FLVN01,2026-10-01,9999-12-31
0003000786,FLVN00,2016-10-07,9999-12-31
0003000786,FLVN01,2016-10-07,9999-12-31
0003000787,FLVN00,2025-12-18,9999-12-31
0003000787,FLVN01,2025-12-18,9999-12-31
0003000788,FLVN00,2025-12-09,9999-12-31
0003000788,FLVN01,2025-12-09,9999-12-31
0003000789,FLVN00,2022-05-01,9999-12-31
0003000789,FLVN01,2022-05-01,9999-12-31
0003000790,FLVN00,2019-09-01,9999-12-31
0003000790,FLVN01,2019-09-01,9999-12-31
0003000791,FLVN00,2021-09-14,9999-12-31
0003000791,FLVN01,2021-09-14,9999-12-31
0003000792,FLVN00,2018-04-02,9999-12-31
0003000792,FLVN01,2018-04-02,9999-12-31
0003000793,FLVN00,2025-11-14,9999-12-31
0003000793,FLVN01,2025-11-14,9999-12-31
0003000794,FLVN00,2022-04-29,9999-12-31
0003000794,FLVN01,2022-04-29,9999-12-31
0003000795,FLVN00,2023-01-28,9999-12-31
0003000795,FLVN01,2023-01-28,9999-12-31
0003000796,FLVN00,2021-11-06,9999-12-31
0003000796,FLVN01,2021-11-06,9999-12-31
0003000797,FLVN00,2018-01-01,9999-12-31
0003000797,FLVN01,2018-01-01,9999-12-31
0003000798,FLVN00,2021-07-19,9999-12-31
0003000798,FLVN01,2021-07-19,9999-12-31
0003000799,FLCU00,2024-07-09,9999-12-31
0003000799,FLCU01,2024-07-09,9999-12-31
0003000799,FLVN00,2018-08-29,9999-12-31
0003000799,FLVN01,2018-08-29,9999-12-31
0003000800,FLVN00,2021-01-23,9999-12-31
0003000800,FLVN01,2021-01-23,9999-12-31
0003000801,FLVN00,2018-12-26,9999-12-31
0003000801,FLVN01,2018-12-26,9999-12-31
0003000802,FLVN00,2023-03-05,9999-12-31
0003000802,FLVN01,2023-03-05,9999-12-31
0003000803,FLCU00,2025-01-15,9999-12-31
0003000803,FLCU01,2025-01-15,9999-12-31
0003000803,FLVN00,2023-06-23,9999-12-31
0003000803,FLVN01,2023-06-23,9999-12-31
0003000804,FLVN00,2017-09-15,9999-12-31
0003000804,FLVN01,2017-09-15,9999-12-31
0003000805,FLVN00,2017-02-16,9999-12-31
0003000805,FLVN01,2017-02-16,9999-12-31
0003000806,FLVN00,2018-03-05,9999-12-31
0003000806,FLVN01,2018-03-05,9999-12-31
0003000807,FLVN00,2021-06-25,9999-12-31
0003000807,FLVN01,2021-06-25,9999-12-31
0003000808,FLVN00,2017-09-15,9999-12-31
0003000808,FLVN01,2017-09-15,9999-12-31
0003000809,FLVN00,2020-11-10,9999-12-31
0003000809,FLVN01,2020-11-10,9999-12-31
0003000810,FLVN00,2023-07-05,9999-12-31
0003000810,FLVN01,2023-07-05,9999-12-31
0003000812,FLVN00,2022-09-06,9999-12-31
0003000812,FLVN01,2022-09-06,9999-12-31
0003000813,FLVN00,2022-03-27,9999-12-31
0003000813,FLVN01,2022-03-27,9999-12-31
0003000814,FLVN00,2021-02-07,9999-12-31
0003000814,FLVN01,2021-02-07,9999-12-31
0003000815,FLVN00,2021-10-09,9999-12-31
0003000815,FLVN01,2021-10-09,9999-12-31
0003000816,FLVN00,2021-01-11,9999-12-31
0003000816,FLVN01,2021-01-11,9999-12-31
0003000817,FLVN00,2020-04-05,9999-12-31
0003000817,FLVN01,2020-04-05,9999-12-31
0003000818,FLVN00,2025-11-07,9999-12-31
0003000818,FLVN01,2025-11-07,9999-12-31
0003000819,FLVN00,2023-01-05,9999-12-31
0003000819,FLVN01,2023-01-05,9999-12-31
0003000820,FLVN00,2017-11-13,9999-12-31
0003000820,FLVN01,2017-11-13,9999-12-31
0003000821,FLVN00,2025-12-15,9999-12-31
0003000821,FLVN01,2025-12-15,9999-12-31
0003000822,FLVN00,2026-12-14,9999-12-31
0003000822,FLVN01,2026-12-14,9999-12-31
0003000823,FLVN00,2022-02-13,9999-12-31
0003000823,FLVN01,2022-02-13,9999-12-31
0003000824,FLVN00,2018-12-04,9999-12-31
0003000824,FLVN01,2018-12-04,9999-12-31
0003000825,FLVN00,2017-02-21,9999-12-31
0003000825,FLVN01,2017-02-21,9999-12-31
0003000826,FLVN00,2021-02-17,9999-12-31
0003000826,FLVN01,2021-02-17,9999-12-31
0003000827,FLVN00,2019-12-24,9999-12-31
0003000827,FLVN01,2019-12-24,9999-12-31
0003000828,FLVN00,2025-03-08,9999-12-31
0003000828,FLVN01,2025-03-08,9999-12-31
0003000829,FLVN00,2023-11-20,9999-12-31
0003000829,FLVN01,2023-11-20,9999-12-31
0003000830,FLVN00,2024-10-08,9999-12-31
0003000830,FLVN01,2024-10-08,9999-12-31
0003000831,FLVN00,2020-11-08,9999-12-31
0003000831,FLVN01,2020-11-08,9999-12-31
0003000832,FLVN00,2012-08-15,9999-12-31
0003000832,FLVN01,2012-08-15,9999-12-31
0003000833,FLVN00,2024-05-31,9999-12-31
0003000833,FLVN01,2024-05-31,9999-12-31
0003000834,FLVN00,2018-12-19,9999-12-31
0003000834,FLVN01,2018-12-19,9999-12-31
0003000835,FLVN00,2017-02-15,9999-12-31
0003000835,FLVN01,2017-02-15,9999-12-31
0003000836,FLVN00,2020-10-10,9999-12-31
0003000836,FLVN01,2020-10-10,9999-12-31
0003000837,FLVN00,2022-06-29,9999-12-31
0003000837,FLVN01,2022-06-29,9999-12-31
0003000838,FLVN00,2026-03-30,9999-12-31
0003000838,FLVN01,2026-03-30,9999-12-31
0003000839,FLCU00,2025-11-23,9999-12-31
0003000839,FLCU01,2025-11-23,9999-12-31
0003000839,FLVN00,2021-05-12,9999-12-31
0003000839,FLVN01,2021-05-12,9999-12-31
0003000840,FLVN00,2018-10-28,9999-12-31
0003000840,FLVN01,2018-10-28,9999-12-31
0003000841,FLVN00,2019-06-14,9999-12-31
0003000841,FLVN01,2019-06-14,9999-12-31
0003000842,FLVN00,2011-04-04,9999-12-31
0003000842,FLVN01,2011-04-04,9999-12-31
0003000843,FLVN00,2017-11-06,9999-12-31
0003000843,FLVN01,2017-11-06,9999-12-31
0003000844,FLVN00,2024-02-21,9999-12-31
0003000844,FLVN01,2024-02-21,9999-12-31
0003000845,FLVN00,2016-10-20,9999-12-31
0003000845,FLVN01,2016-10-20,9999-12-31
0003000846,FLVN00,2021-07-18,9999-12-31
0003000846,FLVN01,2021-07-18,9999-12-31
0003000847,FLVN00,2010-04-16,9999-12-31
0003000847,FLVN01,2010-04-16,9999-12-31
0003000848,FLVN00,2024-02-28,9999-12-31
0003000848,FLVN01,2024-02-28,9999-12-31
0003000849,FLVN00,2026-12-22,9999-12-31
0003000849,FLVN01,2026-12-22,9999-12-31
0003000850,FLVN00,2009-04-05,9999-12-31
0003000850,FLVN01,2009-04-05,9999-12-31
0003000851,FLCU00,2025-05-18,9999-12-31
0003000851,FLCU01,2025-05-18,9999-12-31
0003000851,FLVN00,2010-02-23,9999-12-31
0003000851,FLVN01,2010-02-23,9999-12-31
0003000852,FLVN00,2025-02-04,9999-12-31
0003000852,FLVN01,2025-02-04,9999-12-31
0003000853,FLVN00,2025-04-15,9999-12-31
0003000853,FLVN01,2025-04-15,9999-12-31
0003000854,FLVN00,2025-04-01,9999-12-31
0003000854,FLVN01,2025-04-01,9999-12-31
0003000855,FLVN00,2025-10-16,9999-12-31
0003000855,FLVN01,2025-10-16,9999-12-31
0003000856,FLVN00,2016-10-11,9999-12-31
0003000856,FLVN01,2016-10-11,9999-12-31
0003000857,FLVN00,2025-11-11,9999-12-31
0003000857,FLVN01,2025-11-11,9999-12-31
0003000858,FLVN00,2020-11-08,9999-12-31
0003000858,FLVN01,2020-11-08,9999-12-31
0003000859,FLVN00,2024-02-18,9999-12-31
0003000859,FLVN01,2024-02-18,9999-12-31
0003000860,FLVN00,2024-07-13,9999-12-31
0003000860,FLVN01,2024-07-13,9999-12-31
0003000861,FLVN00,2020-10-14,9999-12-31
0003000861,FLVN01,2020-10-14,9999-12-31
0003000862,FLVN00,2016-11-01,9999-12-31
0003000862,FLVN01,2016-11-01,9999-12-31
0003000863,FLVN00,2020-02-16,9999-12-31
0003000863,FLVN01,2020-02-16,9999-12-31
0003000864,FLVN00,2026-06-21,9999-12-31
0003000864,FLVN01,2026-06-21,9999-12-31
0003000865,FLVN00,2026-05-22,9999-12-31
0003000865,FLVN01,2026-05-22,9999-12-31
0003000866,FLVN00,2020-04-19,9999-12-31
0003000866,FLVN01,2020-04-19,9999-12-31
0003000867,FLVN00,2017-11-19,9999-12-31
0003000867,FLVN01,2017-11-19,9999-12-31
0003000868,FLVN00,2017-09-07,9999-12-31
0003000868,FLVN01,2017-09-07,9999-12-31
0003000869,FLVN00,2021-02-05,9999-12-31
0003000869,FLVN01,2021-02-05,9999-12-31
0003000870,FLVN00,2022-11-19,9999-12-31
0003000870,FLVN01,2022-11-19,9999-12-31
0003000871,FLVN00,2020-11-04,9999-12-31
0003000871,FLVN01,2020-11-04,9999-12-31
0003000872,FLVN00,2022-08-10,9999-12-31
0003000872,FLVN01,2022-08-10,9999-12-31
0003000873,FLVN00,2016-12-16,9999-12-31
0003000873,FLVN01,2016-12-16,9999-12-31
0003000874,FLVN00,2019-08-24,9999-12-31
0003000874,FLVN01,2019-08-24,9999-12-31
0003000875,FLVN00,1900-01-01,9999-12-31
0003000875,FLVN01,1900-01-01,9999-12-31
0003000876,FLVN00,2024-05-14,9999-12-31
0003000876,FLVN01,2024-05-14,9999-12-31
0003000877,FLVN00,2017-01-22,9999-12-31
0003000877,FLVN01,2017-01-22,9999-12-31
0003000878,FLVN00,2018-12-27,9999-12-31
0003000878,FLVN01,2018-12-27,9999-12-31
0003000879,FLVN00,2022-05-14,9999-12-31
0003000879,FLVN01,2022-05-14,9999-12-31
0003000880,FLVN00,2026-08-19,9999-12-31
0003000880,FLVN01,2026-08-19,9999-12-31
0003000881,FLVN00,2021-11-21,9999-12-31
0003000881,FLVN01,2021-11-21,9999-12-31
0003000882,FLVN00,2018-06-26,9999-12-31
0003000882,FLVN01,2018-06-26,9999-12-31
0003000883,FLVN00,2019-01-07,9999-12-31
0003000883,FLVN01,2019-01-07,9999-12-31
0003000884,FLVN00,2021-08-12,9999-12-31
0003000884,FLVN01,2021-08-12,9999-12-31
0003000886,FLCU00,2015-02-18,9999-12-31
0003000886,FLCU01,2015-02-18,9999-12-31
0003000886,FLVN00,2026-04-13,9999-12-31
0003000886,FLVN01,2026-04-13,9999-12-31
0003000887,FLVN00,2016-12-22,9999-12-31
0003000887,FLVN01,2016-12-22,9999-12-31
0003000888,FLVN00,2019-05-01,9999-12-31
0003000888,FLVN01,2019-05-01,9999-12-31
0003000889,FLCU00,2015-01-09,9999-12-31
0003000889,FLCU01,2015-01-09,9999-12-31
0003000889,FLVN00,2024-07-20,9999-12-31
0003000889,FLVN01,2024-07-20,9999-12-31
0003000890,FLVN00,2006-10-03,9999-12-31
0003000890,FLVN01,2006-10-03,9999-12-31
0003000891,FLVN00,2025-01-14,9999-12-31
0003000891,FLVN01,2025-01-14,9999-12-31
0003000892,FLVN00,2017-08-02,9999-12-31
0003000892,FLVN01,2017-08-02,9999-12-31
0003000893,FLVN00,2017-11-13,9999-12-31
0003000893,FLVN01,2017-11-13,9999-12-31
0003000894,FLVN00,2024-02-06,9999-12-31
0003000894,FLVN01,2024-02-06,9999-12-31
0003000895,FLVN00,2025-08-28,9999-12-31
0003000895,FLVN01,2025-08-28,9999-12-31
0003000896,FLVN00,2023-12-10,9999-12-31
0003000896,FLVN01,2023-12-10,9999-12-31
0003000897,FLVN00,2022-03-16,9999-12-31
0003000897,FLVN01,2022-03-16,9999-12-31
0003000898,FLCU00,2020-08-27,9999-12-31
0003000898,FLCU01,2020-08-27,9999-12-31
0003000898,FLVN00,2022-07-10,9999-12-31
0003000898,FLVN01,2022-07-10,9999-12-31
0003000899,FLVN00,2018-08-19,9999-12-31
0003000899,FLVN01,2018-08-19,9999-12-31
0003000900,FLVN00,2019-05-12,9999-12-31
0003000900,FLVN01,2019-05-12,9999-12-31
0003000901,FLVN00,2024-11-25,9999-12-31
0003000901,FLVN01,2024-11-25,9999-12-31
0003000902,FLVN00,2011-03-05,9999-12-31
0003000902,FLVN01,2011-03-05,9999-12-31
0003000903,FLVN00,2026-03-27,9999-12-31
0003000903,FLVN01,2026-03-27,9999-12-31
0003000904,FLVN00,2025-11-23,9999-12-31
0003000904,FLVN01,2025-11-23,9999-12-31
0003000905,FLVN00,2021-05-28,9999-12-31
0003000905,FLVN01,2021-05-28,9999-12-31
0003000906,FLVN00,2018-05-17,9999-12-31
0003000906,FLVN01,2018-05-17,9999-12-31
0003000907,FLCU00,2020-07-19,9999-12-31
0003000907,FLCU01,2020-07-19,9999-12-31
0003000907,FLVN00,2023-03-31,9999-12-31
0003000907,FLVN01,2023-03-31,9999-12-31
0003000908,FLVN00,2022-04-23,9999-12-31
0003000908,FLVN01,2022-04-23,9999-12-31
0003000909,FLVN00,2025-10-12,9999-12-31
0003000909,FLVN01,2025-10-12,9999-12-31
0003000910,FLVN00,2020-06-04,9999-12-31
0003000910,FLVN01,2020-06-04,9999-12-31
0003000911,FLVN00,2018-02-03,9999-12-31
0003000911,FLVN01,2018-02-03,9999-12-31
0003000912,FLVN00,2025-09-11,9999-12-31
0003000912,FLVN01,2025-09-11,9999-12-31
0003000913,FLVN00,2023-03-01,9999-12-31
0003000913,FLVN01,2023-03-01,9999-12-31
0003000914,FLVN00,2019-09-26,9999-12-31
0003000914,FLVN01,2019-09-26,9999-12-31
0003000915,FLVN00,2026-05-02,9999-12-31
0003000915,FLVN01,2026-05-02,9999-12-31
0003000916,FLVN00,2023-08-03,9999-12-31
0003000916,FLVN01,2023-08-03,9999-12-31
0003000917,FLVN00,2018-05-07,9999-12-31
0003000917,FLVN01,2018-05-07,9999-12-31
0003000918,FLVN00,2026-04-28,9999-12-31
0003000918,FLVN01,2026-04-28,9999-12-31
0003000919,FLVN00,2024-04-24,9999-12-31
0003000919,FLVN01,2024-04-24,9999-12-31
0003000920,FLVN00,2024-04-13,9999-12-31
0003000920,FLVN01,2024-04-13,9999-12-31
0003000921,FLVN00,2025-07-06,9999-12-31
0003000921,FLVN01,2025-07-06,9999-12-31
0003000922,FLVN00,2020-04-28,9999-12-31
0003000922,FLVN01,2020-04-28,9999-12-31
0003000923,FLCU00,2025-07-01,9999-12-31
0003000923,FLCU01,2025-07-01,9999-12-31
0003000923,FLVN00,2025-04-19,9999-12-31
0003000923,FLVN01,2025-04-19,9999-12-31
0003000924,FLVN00,2021-11-15,9999-12-31
0003000924,FLVN01,2021-11-15,9999-12-31
0003000925,FLVN00,2024-09-09,9999-12-31
0003000925,FLVN01,2024-09-09,9999-12-31
0003000926,FLCU00,2015-08-03,9999-12-31
0003000926,FLCU01,2015-08-03,9999-12-31
0003000926,FLVN00,2022-08-02,9999-12-31
0003000926,FLVN01,2022-08-02,9999-12-31
0003000927,FLVN00,2018-07-11,9999-12-31
0003000927,FLVN01,2018-07-11,9999-12-31
0003000928,FLVN00,2026-06-14,9999-12-31
0003000928,FLVN01,2026-06-14,9999-12-31
0003000929,FLVN00,2018-10-26,9999-12-31
0003000929,FLVN01,2018-10-26,9999-12-31
0003000930,FLVN00,2016-12-26,9999-12-31
0003000930,FLVN01,2016-12-26,9999-12-31
0003000931,FLVN00,2026-01-25,9999-12-31
0003000931,FLVN01,2026-01-25,9999-12-31
0003000932,FLVN00,2017-04-18,9999-12-31
0003000932,FLVN01,2017-04-18,9999-12-31
0003000933,FLVN00,2021-09-23,9999-12-31
0003000933,FLVN01,2021-09-23,9999-12-31
0003000934,FLVN00,2019-06-17,9999-12-31
0003000934,FLVN01,2019-06-17,9999-12-31
0003000935,FLVN00,2011-08-03,9999-12-31
0003000935,FLVN01,2011-08-03,9999-12-31
0003000936,FLVN00,2018-05-30,9999-12-31
0003000936,FLVN01,2018-05-30,9999-12-31
0003000937,FLVN00,2021-10-21,9999-12-31
0003000937,FLVN01,2021-10-21,9999-12-31
0003000938,FLVN00,2006-01-21,9999-12-31
0003000938,FLVN01,2006-01-21,9999-12-31
0003000939,FLVN00,2025-06-10,9999-12-31
0003000939,FLVN01,2025-06-10,9999-12-31
0003000940,FLVN00,2021-12-10,9999-12-31
0003000940,FLVN01,2021-12-10,9999-12-31
0003000941,FLVN00,2009-07-18,9999-12-31
0003000941,FLVN01,2009-07-18,9999-12-31
0003000942,FLVN00,2022-06-14,9999-12-31
0003000942,FLVN01,2022-06-14,9999-12-31
0003000943,FLVN00,2022-06-13,9999-12-31
0003000943,FLVN01,2022-06-13,9999-12-31
0003000944,FLCU00,2014-09-16,9999-12-31
0003000944,FLCU01,2014-09-16,9999-12-31
0003000944,FLVN00,2019-06-26,9999-12-31
0003000944,FLVN01,2019-06-26,9999-12-31
0003000945,FLVN00,2019-05-27,9999-12-31
0003000945,FLVN01,2019-05-27,9999-12-31
0003000946,FLVN00,2022-01-11,9999-12-31
0003000946,FLVN01,2022-01-11,9999-12-31
0003000947,FLVN00,2024-09-29,9999-12-31
0003000947,FLVN01,2024-09-29,9999-12-31
0003000948,FLVN00,2025-10-27,9999-12-31
0003000948,FLVN01,2025-10-27,9999-12-31
0003000949,FLVN00,2020-06-22,9999-12-31
0003000949,FLVN01,2020-06-22,9999-12-31
0003000950,FLVN00,2025-10-03,9999-12-31
0003000950,FLVN01,2025-10-03,9999-12-31
0003000951,FLVN00,2020-07-18,9999-12-31
0003000951,FLVN01,2020-07-18,9999-12-31
0003000952,FLVN00,2023-05-13,9999-12-31
0003000952,FLVN01,2023-05-13,9999-12-31
0003000953,FLVN00,2019-09-17,9999-12-31
0003000953,FLVN01,2019-09-17,9999-12-31
0003000954,FLVN00,2020-03-30,9999-12-31
0003000954,FLVN01,2020-03-30,9999-12-31
0003000955,FLCU00,2022-10-22,9999-12-31
0003000955,FLCU01,2022-10-22,9999-12-31
0003000955,FLVN00,2021-05-30,9999-12-31
0003000955,FLVN01,2021-05-30,9999-12-31
0003000956,FLVN00,2026-08-30,9999-12-31
0003000956,FLVN01,2026-08-30,9999-12-31
0003000957,FLVN00,2022-08-24,9999-12-31
0003000957,FLVN01,2022-08-24,9999-12-31
0003000958,FLVN00,2024-10-25,9999-12-31
0003000958,FLVN01,2024-10-25,9999-12-31
0003000959,FLVN00,2026-02-16,9999-12-31
0003000959,FLVN01,2026-02-16,9999-12-31
0003000960,FLCU00,2016-09-13,9999-12-31
0003000960,FLCU01,2016-09-13,9999-12-31
0003000960,FLVN00,2023-03-16,9999-12-31
0003000960,FLVN01,2023-03-16,9999-12-31
0003000961,FLVN00,2020-05-16,9999-12-31
0003000961,FLVN01,2020-05-16,9999-12-31
0003000962,FLVN00,2024-04-14,9999-12-31
0003000962,FLVN01,2024-04-14,9999-12-31
0003000963,FLVN00,2020-06-10,9999-12-31
0003000963,FLVN01,2020-06-10,9999-12-31
0003000964,FLVN00,2023-06-30,9999-12-31
0003000964,FLVN01,2023-06-30,9999-12-31
0003000965,FLVN00,2025-05-28,9999-12-31
0003000965,FLVN01,2025-05-28,9999-12-31
0003000966,FLCU00,2016-03-18,9999-12-31
0003000966,FLCU01,2016-03-18,9999-12-31
0003000966,FLVN00,2023-05-13,9999-12-31
0003000966,FLVN01,2023-05-13,9999-12-31
0003000967,FLVN00,2018-06-09,9999-12-31
0003000967,FLVN01,2018-06-09,9999-12-31
0003000968,FLVN00,2024-09-09,9999-12-31
0003000968,FLVN01,2024-09-09,9999-12-31
0003000969,FLVN00,2021-02-25,9999-12-31
0003000969,FLVN01,2021-02-25,9999-12-31
0003000970,FLVN00,2026-04-01,9999-12-31
0003000970,FLVN01,2026-04-01,9999-12-31
0003000971,FLVN00,2020-09-04,9999-12-31
0003000971,FLVN01,2020-09-04,9999-12-31
0003000972,FLVN00,2022-08-15,9999-12-31
0003000972,FLVN01,2022-08-15,9999-12-31
0003000973,FLVN00,2025-01-22,9999-12-31
0003000973,FLVN01,2025-01-22,9999-12-31
0003000974,FLVN00,2021-11-24,9999-12-31
0003000974,FLVN01,2021-11-24,9999-12-31
0003000975,FLVN00,2023-12-21,9999-12-31
0003000975,FLVN01,2023-12-21,9999-12-31
0003000976,FLVN00,2018-06-28,9999-12-31
0003000976,FLVN01,2018-06-28,9999-12-31
0003000977,FLVN00,2017-07-31,9999-12-31
0003000977,FLVN01,2017-07-31,9999-12-31
0003000978,FLVN00,2017-05-15,9999-12-31
0003000978,FLVN01,2017-05-15,9999-12-31
0003000979,FLVN00,2016-12-01,9999-12-31
0003000979,FLVN01,2016-12-01,9999-12-31
0003000980,FLVN00,2019-06-21,9999-12-31
0003000980,FLVN01,2019-06-21,9999-12-31
0003000981,FLVN00,2022-03-03,9999-12-31
0003000981,FLVN01,2022-03-03,9999-12-31
0003000982,FLVN00,2021-04-21,9999-12-31
0003000982,FLVN01,2021-04-21,9999-12-31
0003000983,FLVN00,2026-06-23,9999-12-31
0003000983,FLVN01,2026-06-23,9999-12-31
0003000984,FLVN00,2025-07-31,9999-12-31
0003000984,FLVN01,2025-07-31,9999-12-31
0003000985,FLVN00,2021-06-08,9999-12-31
0003000985,FLVN01,2021-06-08,9999-12-31
0003000986,FLVN00,2018-10-26,9999-12-31
0003000986,FLVN01,2018-10-26,9999-12-31
0003000987,FLVN00,2021-06-12,9999-12-31
0003000987,FLVN01,2021-06-12,9999-12-31
0003000988,FLVN00,2025-08-11,9999-12-31
0003000988,FLVN01,2025-08-11,9999-12-31
0003000989,FLVN00,2020-07-05,9999-12-31
0003000989,FLVN01,2020-07-05,9999-12-31
0003000990,FLVN00,2023-11-04,9999-12-31
0003000990,FLVN01,2023-11-04,9999-12-31
0003000991,FLVN00,2026-11-23,9999-12-31
0003000991,FLVN01,2026-11-23,9999-12-31
0003000992,FLVN00,2022-05-21,9999-12-31
0003000992,FLVN01,2022-05-21,9999-12-31
0003000993,FLVN00,2010-02-13,9999-12-31
0003000993,FLVN01,2010-02-13,9999-12-31
0003000994,FLVN00,2023-03-19,9999-12-31
0003000994,FLVN01,2023-03-19,9999-12-31
0003000995,FLVN00,2014-04-19,9999-12-31
0003000995,FLVN01,2014-04-19,9999-12-31
0003000996,FLVN00,2017-11-24,9999-12-31
0003000996,FLVN01,2017-11-24,9999-12-31
0003000997,FLCU00,2022-02-02,9999-12-31
0003000997,FLCU01,2022-02-02,9999-12-31
0003000997,FLVN00,2017-01-08,9999-12-31
0003000997,FLVN01,2017-01-08,9999-12-31
0003000998,FLVN00,2019-09-04,9999-12-31
0003000998,FLVN01,2019-09-04,9999-12-31
0003000999,FLVN00,2023-02-05,9999-12-31
0003000999,FLVN01,2023-02-05,9999-12-31
0003001000,FLVN00,2023-06-03,9999-12-31
0003001000,FLVN01,2023-06-03,9999-12-31
0003001001,FLCU00,2026-02-27,9999-12-31
0003001001,FLCU01,2026-02-27,9999-12-31
0003001002,FLCU00,2026-04-26,9999-12-31
0003001002,FLCU01,2026-04-26,9999-12-31
0003001003,FLCU00,2018-01-24,9999-12-31
0003001003,FLCU01,2018-01-24,9999-12-31
0003001004,FLCU00,2025-09-20,9999-12-31
0003001004,FLCU01,2025-09-20,9999-12-31
0003001005,FLCU00,2016-02-12,9999-12-31
0003001005,FLCU01,2016-02-12,9999-12-31
0003001006,FLCU00,2015-09-09,9999-12-31
0003001006,FLCU01,2015-09-09,9999-12-31
0003001007,FLCU00,2018-10-04,9999-12-31
0003001007,FLCU01,2018-10-04,9999-12-31
0003001008,FLCU00,2014-12-22,9999-12-31
0003001008,FLCU01,2014-12-22,9999-12-31
0003001009,FLCU00,2017-12-11,9999-12-31
0003001009,FLCU01,2017-12-11,9999-12-31
0003001010,FLCU00,2018-06-02,9999-12-31
0003001010,FLCU01,2018-06-02,9999-12-31
0003001011,FLCU00,2013-09-27,9999-12-31
0003001011,FLCU01,2013-09-27,9999-12-31
0003001012,FLCU00,2014-06-12,9999-12-31
0003001012,FLCU01,2014-06-12,9999-12-31
0003001013,FLCU00,2026-09-28,9999-12-31
0003001013,FLCU01,2026-09-28,9999-12-31
0003001014,FLCU00,2019-04-14,9999-12-31
0003001014,FLCU01,2019-04-14,9999-12-31
0003001015,FLCU00,2021-05-09,9999-12-31
0003001015,FLCU01,2021-05-09,9999-12-31
0003001016,FLCU00,2024-01-25,9999-12-31
0003001016,FLCU01,2024-01-25,9999-12-31
0003001017,FLCU00,2016-07-25,9999-12-31
0003001017,FLCU01,2016-07-25,9999-12-31
0003001018,FLCU00,2017-04-11,9999-12-31
0003001018,FLCU01,2017-04-11,9999-12-31
0003001019,FLCU00,2014-07-26,9999-12-31
0003001019,FLCU01,2014-07-26,9999-12-31
0003001020,FLCU00,2024-11-10,9999-12-31
0003001020,FLCU01,2024-11-10,9999-12-31
0003001021,FLCU00,2020-08-09,9999-12-31
0003001021,FLCU01,2020-08-09,9999-12-31
0003001022,FLCU00,2023-02-14,9999-12-31
0003001022,FLCU01,2023-02-14,9999-12-31
0003001023,FLCU00,2021-05-20,9999-12-31
0003001023,FLCU01,2021-05-20,9999-12-31
0003001024,FLCU00,2025-07-22,9999-12-31
0003001024,FLCU01,2025-07-22,9999-12-31
0003001025,FLCU00,2020-06-22,9999-12-31
0003001025,FLCU01,2020-06-22,9999-12-31
0003001026,FLCU00,2022-10-26,9999-12-31
0003001026,FLCU01,2022-10-26,9999-12-31
0003001027,FLCU00,2021-09-09,9999-12-31
0003001027,FLCU01,2021-09-09,9999-12-31
0003001028,FLCU00,2026-05-12,9999-12-31
0003001028,FLCU01,2026-05-12,9999-12-31
0003001029,FLCU00,2023-05-12,9999-12-31
0003001029,FLCU01,2023-05-12,9999-12-31
0003001030,FLCU00,2017-09-25,9999-12-31
0003001030,FLCU01,2017-09-25,9999-12-31
0003001031,FLCU00,2018-04-01,9999-12-31
0003001031,FLCU01,2018-04-01,9999-12-31
0003001032,FLCU00,2017-08-11,9999-12-31
0003001032,FLCU01,2017-08-11,9999-12-31
0003001033,FLCU00,2013-12-05,9999-12-31
0003001033,FLCU01,2013-12-05,9999-12-31
0003001034,FLCU00,2020-11-08,9999-12-31
0003001034,FLCU01,2020-11-08,9999-12-31
0003001035,FLCU00,2020-08-08,9999-12-31
0003001035,FLCU01,2020-08-08,9999-12-31
0003001036,FLCU00,2021-10-18,9999-12-31
0003001036,FLCU01,2021-10-18,9999-12-31
0003001037,FLCU00,2012-12-12,9999-12-31
0003001037,FLCU01,2012-12-12,9999-12-31
0003001038,FLCU00,2018-07-07,9999-12-31
0003001038,FLCU01,2018-07-07,9999-12-31
0003001039,FLCU00,2026-11-12,9999-12-31
0003001039,FLCU01,2026-11-12,9999-12-31
0003001040,FLCU00,2016-05-22,9999-12-31
0003001040,FLCU01,2016-05-22,9999-12-31
0003001041,FLCU00,2011-03-08,9999-12-31
0003001041,FLCU01,2011-03-08,9999-12-31
0003001042,FLCU00,2019-02-11,9999-12-31
0003001042,FLCU01,2019-02-11,9999-12-31
0003001043,FLCU00,2023-04-25,9999-12-31
0003001043,FLCU01,2023-04-25,9999-12-31
0003001044,FLCU00,2023-11-08,9999-12-31
0003001044,FLCU01,2023-11-08,9999-12-31
0003001045,FLCU00,2021-05-04,9999-12-31
0003001045,FLCU01,2021-05-04,9999-12-31
0003001046,FLCU00,2023-10-06,9999-12-31
0003001046,FLCU01,2023-10-06,9999-12-31
0003001047,FLCU00,2018-10-15,9999-12-31
0003001047,FLCU01,2018-10-15,9999-12-31
0003001048,FLCU00,2011-12-07,9999-12-31
0003001048,FLCU01,2011-12-07,9999-12-31
0003001049,FLCU00,2013-08-27,9999-12-31
0003001049,FLCU01,2013-08-27,9999-12-31
0003001050,FLCU00,2021-10-08,9999-12-31
0003001050,FLCU01,2021-10-08,9999-12-31
0003001051,FLCU00,2019-11-22,9999-12-31
0003001051,FLCU01,2019-11-22,9999-12-31
0003001052,FLCU00,2010-09-10,9999-12-31
0003001052,FLCU01,2010-09-10,9999-12-31
0003001053,FLCU00,2013-12-12,9999-12-31
0003001053,FLCU01,2013-12-12,9999-12-31
0003001054,FLCU00,2020-01-02,9999-12-31
0003001054,FLCU01,2020-01-02,9999-12-31
0003001055,FLCU00,2015-10-07,9999-12-31
0003001055,FLCU01,2015-10-07,9999-12-31
0003001056,FLCU00,2025-02-27,9999-12-31
0003001056,FLCU01,2025-02-27,9999-12-31
0003001057,FLCU00,2011-03-18,9999-12-31
0003001057,FLCU01,2011-03-18,9999-12-31
0003001058,FLCU00,2010-06-26,9999-12-31
0003001058,FLCU01,2010-06-26,9999-12-31
0003001059,FLCU00,2023-06-19,9999-12-31
0003001059,FLCU01,2023-06-19,9999-12-31
0003001060,FLCU00,2018-05-12,9999-12-31
0003001060,FLCU01,2018-05-12,9999-12-31
0003001061,FLCU00,2014-01-17,9999-12-31
0003001061,FLCU01,2014-01-17,9999-12-31
0003001062,FLCU00,2023-04-27,9999-12-31
0003001062,FLCU01,2023-04-27,9999-12-31
0003001063,FLCU00,2011-10-27,9999-12-31
0003001063,FLCU01,2011-10-27,9999-12-31
0003001064,FLCU00,2020-04-17,9999-12-31
0003001064,FLCU01,2020-04-17,9999-12-31
0003001065,FLCU00,2018-09-26,9999-12-31
0003001065,FLCU01,2018-09-26,9999-12-31
0003001066,FLCU00,2017-01-05,9999-12-31
0003001066,FLCU01,2017-01-05,9999-12-31
0003001067,FLCU00,2012-11-21,9999-12-31
0003001067,FLCU01,2012-11-21,9999-12-31
0003001068,FLCU00,2011-08-04,9999-12-31
0003001068,FLCU01,2011-08-04,9999-12-31
0003001069,FLCU00,2023-03-10,9999-12-31
0003001069,FLCU01,2023-03-10,9999-12-31
0003001070,FLCU00,2025-02-20,9999-12-31
0003001070,FLCU01,2025-02-20,9999-12-31
0003001071,FLCU00,2010-03-18,9999-12-31
0003001071,FLCU01,2010-03-18,9999-12-31
0003001072,FLCU00,2023-07-28,9999-12-31
0003001072,FLCU01,2023-07-28,9999-12-31
0003001073,FLCU00,2019-05-10,9999-12-31
0003001073,FLCU01,2019-05-10,9999-12-31
0003001074,FLCU00,2011-05-21,9999-12-31
0003001074,FLCU01,2011-05-21,9999-12-31
0003001075,FLCU00,2021-07-23,9999-12-31
0003001075,FLCU01,2021-07-23,9999-12-31
0003001076,FLCU00,2015-09-25,9999-12-31
0003001076,FLCU01,2015-09-25,9999-12-31
0003001077,FLCU00,2011-04-14,9999-12-31
0003001077,FLCU01,2011-04-14,9999-12-31
0003001078,FLCU00,2012-08-28,9999-12-31
0003001078,FLCU01,2012-08-28,9999-12-31
0003001079,FLCU00,2018-02-18,9999-12-31
0003001079,FLCU01,2018-02-18,9999-12-31
0003001080,FLCU00,2011-06-10,9999-12-31
0003001080,FLCU01,2011-06-10,9999-12-31
0003001081,FLCU00,2010-06-11,9999-12-31
0003001081,FLCU01,2010-06-11,9999-12-31
0003001082,FLCU00,2026-07-05,9999-12-31
0003001082,FLCU01,2026-07-05,9999-12-31
0003001083,FLCU00,2025-01-14,9999-12-31
0003001083,FLCU01,2025-01-14,9999-12-31
0003001084,FLCU00,2022-05-03,9999-12-31
0003001084,FLCU01,2022-05-03,9999-12-31
0003001085,FLCU00,2017-12-12,9999-12-31
0003001085,FLCU01,2017-12-12,9999-12-31
0003001086,FLCU00,2018-06-24,9999-12-31
0003001086,FLCU01,2018-06-24,9999-12-31
0003001087,FLCU00,2010-04-28,9999-12-31
0003001087,FLCU01,2010-04-28,9999-12-31
0003001088,FLCU00,2023-04-16,9999-12-31
0003001088,FLCU01,2023-04-16,9999-12-31
0003001089,FLCU00,2022-03-01,9999-12-31
0003001089,FLCU01,2022-03-01,9999-12-31
0003001090,FLCU00,2017-10-13,9999-12-31
0003001090,FLCU01,2017-10-13,9999-12-31
0003001091,FLCU00,2026-07-16,9999-12-31
0003001091,FLCU01,2026-07-16,9999-12-31
0003001092,FLCU00,2014-02-02,9999-12-31
0003001092,FLCU01,2014-02-02,9999-12-31
0003001093,FLCU00,2015-04-21,9999-12-31
0003001093,FLCU01,2015-04-21,9999-12-31
0003001094,FLCU00,2011-03-11,9999-12-31
0003001094,FLCU01,2011-03-11,9999-12-31
0003001095,FLCU00,2015-02-03,9999-12-31
0003001095,FLCU01,2015-02-03,9999-12-31
0003001096,FLCU00,2012-10-20,9999-12-31
0003001096,FLCU01,2012-10-20,9999-12-31
0003001097,FLCU00,2010-11-15,9999-12-31
0003001097,FLCU01,2010-11-15,9999-12-31
0003001098,FLCU00,2017-09-02,9999-12-31
0003001098,FLCU01,2017-09-02,9999-12-31
0003001099,FLCU00,2016-01-17,9999-12-31
0003001099,FLCU01,2016-01-17,9999-12-31
0003001100,FLCU00,2019-10-15,9999-12-31
0003001100,FLCU01,2019-10-15,9999-12-31
0003001101,FLCU00,2025-06-22,9999-12-31
0003001101,FLCU01,2025-06-22,9999-12-31
0003001102,FLCU00,2015-11-17,9999-12-31
0003001102,FLCU01,2015-11-17,9999-12-31
0003001103,FLCU00,2024-02-02,9999-12-31
0003001103,FLCU01,2024-02-02,9999-12-31
0003001104,FLCU00,2022-11-25,9999-12-31
0003001104,FLCU01,2022-11-25,9999-12-31
0003001105,FLCU00,2022-06-04,9999-12-31
0003001105,FLCU01,2022-06-04,9999-12-31
0003001106,FLCU00,2012-01-15,9999-12-31
0003001106,FLCU01,2012-01-15,9999-12-31
0003001107,FLCU00,2025-03-26,9999-12-31
0003001107,FLCU01,2025-03-26,9999-12-31
0003001108,FLCU00,2016-12-06,9999-12-31
0003001108,FLCU01,2016-12-06,9999-12-31
0003001109,FLCU00,2015-04-27,9999-12-31
0003001109,FLCU01,2015-04-27,9999-12-31
0003001110,FLCU00,2013-02-13,9999-12-31
0003001110,FLCU01,2013-02-13,9999-12-31
0003001111,FLCU00,2018-02-06,9999-12-31
0003001111,FLCU01,2018-02-06,9999-12-31
0003001112,FLCU00,2022-09-26,9999-12-31
0003001112,FLCU01,2022-09-26,9999-12-31
0003001113,FLCU00,2024-11-04,9999-12-31
0003001113,FLCU01,2024-11-04,9999-12-31
0003001114,FLCU00,2011-08-20,9999-12-31
0003001114,FLCU01,2011-08-20,9999-12-31
0003001115,FLCU00,2019-06-22,9999-12-31
0003001115,FLCU01,2019-06-22,9999-12-31
0003001116,FLCU00,2013-05-28,9999-12-31
0003001116,FLCU01,2013-05-28,9999-12-31
0003001117,FLCU00,2012-09-22,9999-12-31
0003001117,FLCU01,2012-09-22,9999-12-31
0003001118,FLCU00,2023-11-18,9999-12-31
0003001118,FLCU01,2023-11-18,9999-12-31
0003001119,FLCU00,2020-01-05,9999-12-31
0003001119,FLCU01,2020-01-05,9999-12-31
0003001120,FLCU00,2018-06-28,9999-12-31
0003001120,FLCU01,2018-06-28,9999-12-31
0003001121,FLCU00,2016-08-06,9999-12-31
0003001121,FLCU01,2016-08-06,9999-12-31
0003001122,FLCU00,2023-05-03,9999-12-31
0003001122,FLCU01,2023-05-03,9999-12-31
0003001123,FLCU00,2025-06-15,9999-12-31
0003001123,FLCU01,2025-06-15,9999-12-31
0003001124,FLCU00,2019-12-10,9999-12-31
0003001124,FLCU01,2019-12-10,9999-12-31
0003001125,FLCU00,2010-01-28,9999-12-31
0003001125,FLCU01,2010-01-28,9999-12-31
0003001126,FLCU00,2026-08-22,9999-12-31
0003001126,FLCU01,2026-08-22,9999-12-31
0003001127,FLCU00,2015-05-07,9999-12-31
0003001127,FLCU01,2015-05-07,9999-12-31
0003001128,FLCU00,2014-09-06,9999-12-31
0003001128,FLCU01,2014-09-06,9999-12-31
0003001129,FLCU00,2010-08-06,9999-12-31
0003001129,FLCU01,2010-08-06,9999-12-31
0003001130,FLCU00,2018-02-28,9999-12-31
0003001130,FLCU01,2018-02-28,9999-12-31
0003001131,FLCU00,2014-01-08,9999-12-31
0003001131,FLCU01,2014-01-08,9999-12-31
0003001132,FLCU00,2016-06-12,9999-12-31
0003001132,FLCU01,2016-06-12,9999-12-31
0003001133,FLCU00,2012-12-06,9999-12-31
0003001133,FLCU01,2012-12-06,9999-12-31
0003001134,FLCU00,2012-12-06,9999-12-31
0003001134,FLCU01,2012-12-06,9999-12-31
0003001135,FLCU00,2018-11-16,9999-12-31
0003001135,FLCU01,2018-11-16,9999-12-31
0003001136,FLCU00,2026-08-04,9999-12-31
0003001136,FLCU01,2026-08-04,9999-12-31
0003001137,FLCU00,2014-09-27,9999-12-31
0003001137,FLCU01,2014-09-27,9999-12-31
0003001138,FLCU00,2013-03-22,9999-12-31
0003001138,FLCU01,2013-03-22,9999-12-31
0003001139,FLCU00,2015-03-24,9999-12-31
0003001139,FLCU01,2015-03-24,9999-12-31
0003001140,FLCU00,2016-10-08,9999-12-31
0003001140,FLCU01,2016-10-08,9999-12-31
0003001141,FLCU00,2018-03-11,9999-12-31
0003001141,FLCU01,2018-03-11,9999-12-31
0003001142,FLCU00,2025-03-24,9999-12-31
0003001142,FLCU01,2025-03-24,9999-12-31
0003001143,FLCU00,2020-04-16,9999-12-31
0003001143,FLCU01,2020-04-16,9999-12-31
0003001144,FLCU00,2024-11-19,9999-12-31
0003001144,FLCU01,2024-11-19,9999-12-31
0003001145,FLCU00,2023-03-17,9999-12-31
0003001145,FLCU01,2023-03-17,9999-12-31
0003001146,FLCU00,2025-02-13,9999-12-31
0003001146,FLCU01,2025-02-13,9999-12-31
0003001147,FLCU00,2021-11-09,9999-12-31
0003001147,FLCU01,2021-11-09,9999-12-31
0003001148,FLCU00,2017-06-01,9999-12-31
0003001148,FLCU01,2017-06-01,9999-12-31
0003001149,FLCU00,2010-05-05,9999-12-31
0003001149,FLCU01,2010-05-05,9999-12-31
0003001150,FLCU00,2019-03-21,9999-12-31
0003001150,FLCU01,2019-03-21,9999-12-31
0003001151,FLCU00,2017-12-23,9999-12-31
0003001151,FLCU01,2017-12-23,9999-12-31
0003001152,FLCU00,2012-10-18,9999-12-31
0003001152,FLCU01,2012-10-18,9999-12-31
0003001153,FLCU00,2024-12-28,9999-12-31
0003001153,FLCU01,2024-12-28,9999-12-31
0003001154,FLCU00,2024-05-01,9999-12-31
0003001154,FLCU01,2024-05-01,9999-12-31
0003001155,FLCU00,2015-09-25,9999-12-31
0003001155,FLCU01,2015-09-25,9999-12-31
0003001156,FLCU00,2020-05-05,9999-12-31
0003001156,FLCU01,2020-05-05,9999-12-31
0003001157,FLCU00,2020-03-08,9999-12-31
0003001157,FLCU01,2020-03-08,9999-12-31
0003001158,FLCU00,2022-03-10,9999-12-31
0003001158,FLCU01,2022-03-10,9999-12-31
0003001159,FLCU00,2024-01-11,9999-12-31
0003001159,FLCU01,2024-01-11,9999-12-31
0003001160,FLCU00,2017-07-02,9999-12-31
0003001160,FLCU01,2017-07-02,9999-12-31
0003001161,FLCU00,2010-03-21,9999-12-31
0003001161,FLCU01,2010-03-21,9999-12-31
0003001162,FLCU00,2026-04-08,9999-12-31
0003001162,FLCU01,2026-04-08,9999-12-31
0003001163,FLCU00,2022-03-08,9999-12-31
0003001163,FLCU01,2022-03-08,9999-12-31
0003001164,FLCU00,2010-10-10,9999-12-31
0003001164,FLCU01,2010-10-10,9999-12-31
0003001165,FLCU00,2020-08-17,9999-12-31
0003001165,FLCU01,2020-08-17,9999-12-31
0003001166,FLCU00,2020-03-24,9999-12-31
0003001166,FLCU01,2020-03-24,9999-12-31
0003001167,FLCU00,2015-06-19,9999-12-31
0003001167,FLCU01,2015-06-19,9999-12-31
0003001168,FLCU00,2013-12-25,9999-12-31
0003001168,FLCU01,2013-12-25,9999-12-31
0003001169,FLCU00,2014-04-25,9999-12-31
0003001169,FLCU01,2014-04-25,9999-12-31
0003001170,FLCU00,2023-05-25,9999-12-31
0003001170,FLCU01,2023-05-25,9999-12-31
0003001171,FLCU00,2016-01-14,9999-12-31
0003001171,FLCU01,2016-01-14,9999-12-31
0003001172,FLCU00,2020-05-22,9999-12-31
0003001172,FLCU01,2020-05-22,9999-12-31
0003001173,FLCU00,2019-05-26,9999-12-31
0003001173,FLCU01,2019-05-26,9999-12-31
0003001174,FLCU00,2011-10-08,9999-12-31
0003001174,FLCU01,2011-10-08,9999-12-31
0003001175,FLCU00,2016-07-23,9999-12-31
0003001175,FLCU01,2016-07-23,9999-12-31
0003001176,FLCU00,2024-02-04,9999-12-31
0003001176,FLCU01,2024-02-04,9999-12-31
0003001177,FLCU00,2021-12-17,9999-12-31
0003001177,FLCU01,2021-12-17,9999-12-31
0003001178,FLCU00,2010-09-26,9999-12-31
0003001178,FLCU01,2010-09-26,9999-12-31
0003001179,FLCU00,2011-08-15,9999-12-31
0003001179,FLCU01,2011-08-15,9999-12-31
0003001180,FLCU00,2016-08-07,9999-12-31
0003001180,FLCU01,2016-08-07,9999-12-31
0003001182,FLCU00,2021-07-22,9999-12-31
0003001182,FLCU01,2021-07-22,9999-12-31
0003001183,FLCU00,2024-02-25,9999-12-31
0003001183,FLCU01,2024-02-25,9999-12-31
0003001184,FLCU00,2012-03-13,9999-12-31
0003001184,FLCU01,2012-03-13,9999-12-31
0003001185,FLCU00,2012-06-19,9999-12-31
0003001185,FLCU01,2012-06-19,9999-12-31
0003001186,FLCU00,2016-11-18,9999-12-31
0003001186,FLCU01,2016-11-18,9999-12-31
0003001187,FLCU01,2012-12-24,9999-12-31
0003001188,FLCU00,2022-06-22,9999-12-31
0003001188,FLCU01,2022-06-22,9999-12-31
0003001189,FLCU00,2014-04-27,9999-12-31
0003001189,FLCU01,2014-04-27,9999-12-31
0003001190,FLCU00,2022-03-16,9999-12-31
0003001190,FLCU01,2022-03-16,9999-12-31
0003001191,FLCU00,2023-09-14,9999-12-31
0003001191,FLCU01,2023-09-14,9999-12-31
0003001192,FLCU00,2014-04-03,9999-12-31
0003001192,FLCU01,2014-04-03,9999-12-31
0003001193,FLCU00,2023-12-26,9999-12-31
0003001193,FLCU01,2023-12-26,9999-12-31
0003001194,FLCU00,2024-11-17,9999-12-31
0003001194,FLCU01,2024-11-17,9999-12-31
0003001195,FLCU00,2014-01-03,9999-12-31
0003001195,FLCU01,2014-01-03,9999-12-31
0003001196,FLCU00,2025-07-13,9999-12-31
0003001196,FLCU01,2025-07-13,9999-12-31
0003001197,FLCU00,2017-11-10,9999-12-31
0003001197,FLCU01,2017-11-10,9999-12-31
0003001198,FLCU00,2014-08-06,9999-12-31
0003001198,FLCU01,2014-08-06,9999-12-31
0003001199,FLCU00,2015-07-12,9999-12-31
0003001199,FLCU01,2015-07-12,9999-12-31
0003001200,FLCU00,2021-12-22,9999-12-31
0003001200,FLCU01,2021-12-22,9999-12-31
0003001201,FLCU00,2021-03-01,9999-12-31
0003001201,FLCU01,2021-03-01,9999-12-31
0003001202,FLCU00,2011-03-04,9999-12-31
0003001202,FLCU01,2011-03-04,9999-12-31
0003001203,FLCU00,2019-08-01,9999-12-31
0003001203,FLCU01,2019-08-01,9999-12-31
0003001204,FLCU00,2010-11-09,9999-12-31
0003001204,FLCU01,2010-11-09,9999-12-31
0003001205,FLCU00,2012-01-23,9999-12-31
0003001205,FLCU01,2012-01-23,9999-12-31
0003001206,FLCU00,2025-10-19,9999-12-31
0003001206,FLCU01,2025-10-19,9999-12-31
0003001207,FLCU00,2023-10-14,9999-12-31
0003001207,FLCU01,2023-10-14,9999-12-31
0003001208,FLCU00,2019-03-24,9999-12-31
0003001208,FLCU01,2019-03-24,9999-12-31
0003001209,FLCU00,2013-09-10,9999-12-31
0003001209,FLCU01,2013-09-10,9999-12-31
0003001210,FLCU00,2016-12-08,9999-12-31
0003001210,FLCU01,2016-12-08,9999-12-31
0003001211,FLCU00,2022-08-01,9999-12-31
0003001211,FLCU01,2022-08-01,9999-12-31
0003001212,FLCU00,2023-11-07,9999-12-31
0003001212,FLCU01,2023-11-07,9999-12-31
0003001213,FLCU00,2014-01-28,9999-12-31
0003001213,FLCU01,2014-01-28,9999-12-31
0003001214,FLCU00,2023-03-22,9999-12-31
0003001214,FLCU01,2023-03-22,9999-12-31
0003001215,FLCU00,2011-07-04,9999-12-31
0003001215,FLCU01,2011-07-04,9999-12-31
0003001216,FLCU00,2025-01-12,9999-12-31
0003001216,FLCU01,2025-01-12,9999-12-31
0003001217,FLCU00,2018-08-18,9999-12-31
0003001217,FLCU01,2018-08-18,9999-12-31
0003001218,FLCU00,2020-08-22,9999-12-31
0003001218,FLCU01,2020-08-22,9999-12-31
0003001219,FLCU00,2024-05-13,9999-12-31
0003001219,FLCU01,2024-05-13,9999-12-31
0003001220,FLCU00,2011-12-15,9999-12-31
0003001220,FLCU01,2011-12-15,9999-12-31
0003001221,FLCU00,2018-03-03,9999-12-31
0003001221,FLCU01,2018-03-03,9999-12-31
0003001222,FLCU00,2019-11-11,9999-12-31
0003001222,FLCU01,2019-11-11,9999-12-31
0003001223,FLCU00,2013-02-12,9999-12-31
0003001223,FLCU01,2013-02-12,9999-12-31
0003001224,FLCU00,2018-05-17,9999-12-31
0003001224,FLCU01,2018-05-17,9999-12-31
0003001225,FLCU00,2024-10-06,9999-12-31
0003001225,FLCU01,2024-10-06,9999-12-31
0003001226,FLCU00,2017-02-22,9999-12-31
0003001226,FLCU01,2017-02-22,9999-12-31
0003001227,FLCU00,2015-07-28,9999-12-31
0003001227,FLCU01,2015-07-28,9999-12-31
0003001228,FLCU00,2022-08-26,9999-12-31
0003001228,FLCU01,2022-08-26,9999-12-31
0003001229,FLCU00,2018-10-11,9999-12-31
0003001229,FLCU01,2018-10-11,9999-12-31
0003001230,FLCU00,2012-04-28,9999-12-31
0003001230,FLCU01,2012-04-28,9999-12-31
0003001231,FLCU00,2011-07-23,9999-12-31
0003001231,FLCU01,2011-07-23,9999-12-31
0003001232,FLCU00,2011-04-26,9999-12-31
0003001232,FLCU01,2011-04-26,9999-12-31
0003001233,FLCU00,2024-06-16,9999-12-31
0003001233,FLCU01,2024-06-16,9999-12-31
0003001234,FLCU00,2018-05-20,9999-12-31
0003001234,FLCU01,2018-05-20,9999-12-31
0003001235,FLCU00,2010-03-01,9999-12-31
0003001235,FLCU01,2010-03-01,9999-12-31
0003001236,FLCU00,2012-10-07,9999-12-31
0003001236,FLCU01,2012-10-07,9999-12-31
0003001237,FLCU00,2017-10-13,9999-12-31
0003001237,FLCU01,2017-10-13,9999-12-31
0003001238,FLCU00,2025-02-07,9999-12-31
0003001238,FLCU01,2025-02-07,9999-12-31
0003001239,FLCU00,2010-10-17,9999-12-31
0003001239,FLCU01,2010-10-17,9999-12-31
0003001240,FLCU00,2025-01-10,9999-12-31
0003001240,FLCU01,2025-01-10,9999-12-31
0003001241,FLCU00,2010-04-05,9999-12-31
0003001241,FLCU01,2010-04-05,9999-12-31
0003001242,FLCU00,2019-09-24,9999-12-31
0003001242,FLCU01,2019-09-24,9999-12-31
0003001243,FLCU00,2011-01-18,9999-12-31
0003001243,FLCU01,2011-01-18,9999-12-31
0003001244,FLCU00,2010-04-19,9999-12-31
0003001244,FLCU01,2010-04-19,9999-12-31
0003001245,FLCU00,2017-12-24,9999-12-31
0003001245,FLCU01,2017-12-24,9999-12-31
0003001246,FLCU00,2026-07-28,9999-12-31
0003001246,FLCU01,2026-07-28,9999-12-31
0003001247,FLCU00,2016-12-11,9999-12-31
0003001247,FLCU01,2016-12-11,9999-12-31
0003001248,FLCU00,2024-06-22,9999-12-31
0003001248,FLCU01,2024-06-22,9999-12-31
0003001249,FLCU00,2017-07-14,9999-12-31
0003001249,FLCU01,2017-07-14,9999-12-31
0003001250,FLCU00,2023-09-07,9999-12-31
0003001250,FLCU01,2023-09-07,9999-12-31
0003001251,FLCU00,2026-03-06,9999-12-31
0003001251,FLCU01,2026-03-06,9999-12-31
0003001252,FLCU00,2023-12-03,9999-12-31
0003001252,FLCU01,2023-12-03,9999-12-31
0003001253,FLCU00,2020-01-06,9999-12-31
0003001253,FLCU01,2020-01-06,9999-12-31
0003001254,FLCU00,2025-11-28,9999-12-31
0003001254,FLCU01,2025-11-28,9999-12-31
0003001255,FLCU00,2013-08-12,9999-12-31
0003001255,FLCU01,2013-08-12,9999-12-31
0003001256,FLCU00,2024-08-10,9999-12-31
0003001256,FLCU01,2024-08-10,9999-12-31
0003001257,FLCU00,2011-10-25,9999-12-31
0003001257,FLCU01,2011-10-25,9999-12-31
0003001258,FLCU00,2020-10-21,9999-12-31
0003001258,FLCU01,2020-10-21,9999-12-31
0003001259,FLCU00,2020-01-26,9999-12-31
0003001259,FLCU01,2020-01-26,9999-12-31
0003001260,FLCU00,2012-10-19,9999-12-31
0003001260,FLCU01,2012-10-19,9999-12-31
0003001261,FLCU00,2025-12-27,9999-12-31
0003001261,FLCU01,2025-12-27,9999-12-31
0003001262,FLCU00,2021-10-10,9999-12-31
0003001262,FLCU01,2021-10-10,9999-12-31
0003001263,FLCU00,2025-03-28,9999-12-31
0003001263,FLCU01,2025-03-28,9999-12-31
0003001264,FLCU00,2010-09-15,9999-12-31
0003001264,FLCU01,2010-09-15,9999-12-31
0003001265,FLCU00,2013-12-15,9999-12-31
0003001265,FLCU01,2013-12-15,9999-12-31
0003001266,FLCU00,2025-06-17,9999-12-31
0003001266,FLCU01,2025-06-17,9999-12-31
0003001267,FLCU00,2022-12-18,9999-12-31
0003001267,FLCU01,2022-12-18,9999-12-31
0003001268,FLCU00,2019-11-28,9999-12-31
0003001268,FLCU01,2019-11-28,9999-12-31
0003001269,FLCU00,2014-10-24,9999-12-31
0003001269,FLCU01,2014-10-24,9999-12-31
0003001270,FLCU00,2015-04-17,9999-12-31
0003001270,FLCU01,2015-04-17,9999-12-31
0003001271,FLCU00,2021-01-26,9999-12-31
0003001271,FLCU01,2021-01-26,9999-12-31
0003001272,FLCU00,2019-10-24,9999-12-31
0003001272,FLCU01,2019-10-24,9999-12-31
0003001273,FLCU00,2013-07-22,9999-12-31
0003001273,FLCU01,2013-07-22,9999-12-31
0003001274,FLCU00,2012-04-14,9999-12-31
0003001274,FLCU01,2012-04-14,9999-12-31
0003001275,FLCU00,2018-08-09,9999-12-31
0003001275,FLCU01,2018-08-09,9999-12-31
0003001276,FLCU00,2018-03-18,9999-12-31
0003001276,FLCU01,2018-03-18,9999-12-31
0003001277,FLCU00,2023-05-27,9999-12-31
0003001277,FLCU01,2023-05-27,9999-12-31
0003001278,FLCU00,2016-12-12,9999-12-31
0003001278,FLCU01,2016-12-12,9999-12-31
0003001279,FLCU00,2025-07-12,9999-12-31
0003001279,FLCU01,2025-07-12,9999-12-31
0003001280,FLCU00,2025-04-27,9999-12-31
0003001280,FLCU01,2025-04-27,9999-12-31
0003001281,FLCU00,2017-03-14,9999-12-31
0003001281,FLCU01,2017-03-14,9999-12-31
0003001282,FLCU00,2022-11-17,9999-12-31
0003001282,FLCU01,2022-11-17,9999-12-31
0003001283,FLCU00,2021-01-08,9999-12-31
0003001283,FLCU01,2021-01-08,9999-12-31
0003001284,FLCU00,2025-02-11,9999-12-31
0003001284,FLCU01,2025-02-11,9999-12-31
0003001285,FLCU00,2017-01-17,9999-12-31
0003001285,FLCU01,2017-01-17,9999-12-31
0003001286,FLCU00,2020-08-07,9999-12-31
0003001286,FLCU01,2020-08-07,9999-12-31
0003001287,FLCU00,2017-06-09,9999-12-31
0003001287,FLCU01,2017-06-09,9999-12-31
0003001288,FLCU00,2019-07-25,9999-12-31
0003001288,FLCU01,2019-07-25,9999-12-31
0003001289,FLCU00,2017-10-23,9999-12-31
0003001289,FLCU01,2017-10-23,9999-12-31
0003001290,FLCU00,2015-02-28,9999-12-31
0003001290,FLCU01,2015-02-28,9999-12-31
0003001291,FLCU00,2022-10-06,9999-12-31
0003001291,FLCU01,2022-10-06,9999-12-31
0003001292,FLCU00,2026-02-21,9999-12-31
0003001292,FLCU01,2026-02-21,9999-12-31
0003001293,FLCU00,2011-08-04,9999-12-31
0003001293,FLCU01,2011-08-04,9999-12-31
0003001294,FLCU00,2015-07-08,9999-12-31
0003001294,FLCU01,2015-07-08,9999-12-31
0003001295,FLCU00,2022-06-21,9999-12-31
0003001295,FLCU01,2022-06-21,9999-12-31
0003001296,FLCU00,2026-07-12,9999-12-31
0003001296,FLCU01,2026-07-12,9999-12-31
0003001297,FLCU00,2017-04-23,9999-12-31
0003001297,FLCU01,2017-04-23,9999-12-31
0003001298,FLCU00,2024-11-05,9999-12-31
0003001298,FLCU01,2024-11-05,9999-12-31
0003001299,FLCU00,2024-06-12,9999-12-31
0003001299,FLCU01,2024-06-12,9999-12-31
0003001300,FLCU00,2014-11-28,9999-12-31
0003001300,FLCU01,2014-11-28,9999-12-31
0003001301,FLCU00,2021-12-07,9999-12-31
0003001301,FLCU01,2021-12-07,9999-12-31
0003001302,FLCU00,2011-01-28,9999-12-31
0003001302,FLCU01,2011-01-28,9999-12-31
0003001303,FLCU00,2016-08-25,9999-12-31
0003001303,FLCU01,2016-08-25,9999-12-31
0003001304,FLCU00,2014-03-14,9999-12-31
0003001304,FLCU01,2014-03-14,9999-12-31
0003001305,FLCU00,2019-01-22,9999-12-31
0003001305,FLCU01,2019-01-22,9999-12-31
0003001306,FLCU00,2018-11-10,9999-12-31
0003001306,FLCU01,2018-11-10,9999-12-31
0003001307,FLCU00,2020-02-22,9999-12-31
0003001307,FLCU01,2020-02-22,9999-12-31
0003001308,FLCU00,2012-03-19,9999-12-31
0003001308,FLCU01,2012-03-19,9999-12-31
0003001309,FLCU00,2016-03-11,9999-12-31
0003001309,FLCU01,2016-03-11,9999-12-31
0003001310,FLCU00,2014-10-16,9999-12-31
0003001310,FLCU01,2014-10-16,9999-12-31
0003001311,FLCU00,2020-07-27,9999-12-31
0003001311,FLCU01,2020-07-27,9999-12-31
0003001312,FLCU00,2018-01-22,9999-12-31
0003001312,FLCU01,2018-01-22,9999-12-31
0003001313,FLCU00,2012-05-11,9999-12-31
0003001313,FLCU01,2012-05-11,9999-12-31
0003001314,FLCU00,2019-12-21,9999-12-31
0003001314,FLCU01,2019-12-21,9999-12-31
0003001315,FLCU00,2025-04-12,9999-12-31
0003001315,FLCU01,2025-04-12,9999-12-31
0003001316,FLCU00,2013-08-09,9999-12-31
0003001316,FLCU01,2013-08-09,9999-12-31
0003001317,FLCU00,2017-03-16,9999-12-31
0003001317,FLCU01,2017-03-16,9999-12-31
0003001318,FLCU00,2012-09-10,9999-12-31
0003001318,FLCU01,2012-09-10,9999-12-31
0003001319,FLCU00,2016-01-18,9999-12-31
0003001319,FLCU01,2016-01-18,9999-12-31
0003001320,FLCU00,2021-08-08,9999-12-31
0003001320,FLCU01,2021-08-08,9999-12-31
0003001321,FLCU00,2023-01-12,9999-12-31
0003001321,FLCU01,2023-01-12,9999-12-31
0003001322,FLCU00,2011-12-22,9999-12-31
0003001322,FLCU01,2011-12-22,9999-12-31
0003001323,FLCU00,2023-04-15,9999-12-31
0003001323,FLCU01,2023-04-15,9999-12-31
0003001325,FLCU00,2024-04-10,9999-12-31
0003001325,FLCU01,2024-04-10,9999-12-31
0003001326,FLCU00,2015-08-19,9999-12-31
0003001326,FLCU01,2015-08-19,9999-12-31
0003001327,FLCU00,2023-05-28,9999-12-31
0003001327,FLCU01,2023-05-28,9999-12-31
0003001328,FLCU00,2023-08-17,9999-12-31
0003001328,FLCU01,2023-08-17,9999-12-31
0003001329,FLCU00,2013-06-09,9999-12-31
0003001329,FLCU01,2013-06-09,9999-12-31
0003001330,FLCU00,2015-11-06,9999-12-31
0003001330,FLCU01,2015-11-06,9999-12-31
0003001331,FLCU00,2022-01-01,9999-12-31
0003001331,FLCU01,2022-01-01,9999-12-31
0003001332,FLCU00,2015-01-03,9999-12-31
0003001332,FLCU01,2015-01-03,9999-12-31
0003001333,FLCU00,2026-08-26,9999-12-31
0003001333,FLCU01,2026-08-26,9999-12-31
0003001334,FLCU00,2026-01-10,9999-12-31
0003001334,FLCU01,2026-01-10,9999-12-31
0003001335,FLCU00,2012-03-03,9999-12-31
0003001335,FLCU01,2012-03-03,9999-12-31
0003001336,FLCU00,2011-08-07,9999-12-31
0003001336,FLCU01,2011-08-07,9999-12-31
0003001337,FLCU00,2020-06-10,9999-12-31
0003001337,FLCU01,2020-06-10,9999-12-31
0003001338,FLCU00,2026-01-14,9999-12-31
0003001338,FLCU01,2026-01-14,9999-12-31
0003001339,FLCU00,2017-04-14,9999-12-31
0003001339,FLCU01,2017-04-14,9999-12-31
0003001340,FLCU00,2025-09-21,9999-12-31
0003001340,FLCU01,2025-09-21,9999-12-31
0003001341,FLCU00,2017-06-10,9999-12-31
0003001341,FLCU01,2017-06-10,9999-12-31
0003001342,FLCU00,2021-02-17,9999-12-31
0003001342,FLCU01,2021-02-17,9999-12-31
0003001343,FLCU00,2014-09-17,9999-12-31
0003001343,FLCU01,2014-09-17,9999-12-31
0003001344,FLCU00,2016-03-05,9999-12-31
0003001344,FLCU01,2016-03-05,9999-12-31
0003001345,FLCU00,2017-11-23,9999-12-31
0003001345,FLCU01,2017-11-23,9999-12-31
0003001346,FLCU00,2012-08-24,9999-12-31
0003001346,FLCU01,2012-08-24,9999-12-31
0003001347,FLCU00,2013-05-05,9999-12-31
0003001347,FLCU01,2013-05-05,9999-12-31
0003001348,FLCU00,2020-05-13,9999-12-31
0003001348,FLCU01,2020-05-13,9999-12-31
0003001349,FLCU00,2013-04-21,9999-12-31
0003001349,FLCU01,2013-04-21,9999-12-31
0003001350,FLCU00,2017-10-13,9999-12-31
0003001350,FLCU01,2017-10-13,9999-12-31
0003001351,FLCU00,2020-02-17,9999-12-31
0003001351,FLCU01,2020-02-17,9999-12-31
0003001352,FLCU00,2018-03-25,9999-12-31
0003001352,FLCU01,2018-03-25,9999-12-31
0003001353,FLCU00,2021-11-05,9999-12-31
0003001353,FLCU01,2021-11-05,9999-12-31
0003001354,FLCU00,2013-08-27,9999-12-31
0003001354,FLCU01,2013-08-27,9999-12-31
0003001355,FLCU00,2025-11-26,9999-12-31
0003001355,FLCU01,2025-11-26,9999-12-31
0003001356,FLCU00,2013-03-11,9999-12-31
0003001356,FLCU01,2013-03-11,9999-12-31
0003001357,FLCU00,2018-12-04,9999-12-31
0003001357,FLCU01,2018-12-04,9999-12-31
0003001358,FLCU00,2026-06-22,9999-12-31
0003001358,FLCU01,2026-06-22,9999-12-31
0003001359,FLCU00,2012-08-20,9999-12-31
0003001359,FLCU01,2012-08-20,9999-12-31
0003001360,FLCU00,2014-02-04,9999-12-31
0003001360,FLCU01,2014-02-04,9999-12-31
0003001361,FLCU00,2015-05-03,9999-12-31
0003001361,FLCU01,2015-05-03,9999-12-31
0003001362,FLCU00,2014-09-11,9999-12-31
0003001362,FLCU01,2014-09-11,9999-12-31
0003001363,FLCU00,2026-08-10,9999-12-31
0003001363,FLCU01,2026-08-10,9999-12-31
0003001364,FLCU00,2025-03-22,9999-12-31
0003001364,FLCU01,2025-03-22,9999-12-31
0003001365,FLCU00,2024-08-17,9999-12-31
0003001365,FLCU01,2024-08-17,9999-12-31
0003001366,FLCU00,2013-03-15,9999-12-31
0003001366,FLCU01,2013-03-15,9999-12-31
0003001367,FLCU00,2017-07-18,9999-12-31
0003001367,FLCU01,2017-07-18,9999-12-31
0003001368,FLCU00,2020-09-16,9999-12-31
0003001368,FLCU01,2020-09-16,9999-12-31
0003001369,FLCU00,2015-06-02,9999-12-31
0003001369,FLCU01,2015-06-02,9999-12-31
0003001370,FLCU00,2020-11-20,9999-12-31
0003001370,FLCU01,2020-11-20,9999-12-31
0003001371,FLCU00,2018-01-26,9999-12-31
0003001371,FLCU01,2018-01-26,9999-12-31
0003001372,FLCU00,2026-09-04,9999-12-31
0003001372,FLCU01,2026-09-04,9999-12-31
0003001373,FLCU00,2024-01-21,9999-12-31
0003001373,FLCU01,2024-01-21,9999-12-31
0003001374,FLCU00,2020-10-25,9999-12-31
0003001374,FLCU01,2020-10-25,9999-12-31
0003001375,FLCU00,2012-10-18,9999-12-31
0003001375,FLCU01,2012-10-18,9999-12-31
0003001376,FLCU00,2020-04-26,9999-12-31
0003001376,FLCU01,2020-04-26,9999-12-31
0003001377,FLCU00,2021-06-13,9999-12-31
0003001377,FLCU01,2021-06-13,9999-12-31
0003001378,FLCU00,2026-12-11,9999-12-31
0003001378,FLCU01,2026-12-11,9999-12-31
0003001379,FLCU00,2022-10-23,9999-12-31
0003001379,FLCU01,2022-10-23,9999-12-31
0003001380,FLCU00,2014-06-13,9999-12-31
0003001380,FLCU01,2014-06-13,9999-12-31
0003001381,FLCU00,2020-05-02,9999-12-31
0003001381,FLCU01,2020-05-02,9999-12-31
0003001382,FLCU00,2018-07-25,9999-12-31
0003001382,FLCU01,2018-07-25,9999-12-31
0003001383,FLCU00,2019-08-03,9999-12-31
0003001383,FLCU01,2019-08-03,9999-12-31
0003001384,FLCU00,2014-02-21,9999-12-31
0003001384,FLCU01,2014-02-21,9999-12-31
0003001385,FLCU00,2024-09-26,9999-12-31
0003001385,FLCU01,2024-09-26,9999-12-31
0003001386,FLCU00,2020-04-19,9999-12-31
0003001386,FLCU01,2020-04-19,9999-12-31
0003001387,FLCU00,2020-11-01,9999-12-31
0003001387,FLCU01,2020-11-01,9999-12-31
0003001388,FLCU00,2018-03-19,9999-12-31
0003001388,FLCU01,2018-03-19,9999-12-31
0003001389,FLCU00,2025-08-03,9999-12-31
0003001389,FLCU01,2025-08-03,9999-12-31
0003001390,FLCU00,2025-04-28,9999-12-31
0003001390,FLCU01,2025-04-28,9999-12-31
0003001391,FLCU00,2022-09-07,9999-12-31
0003001391,FLCU01,2022-09-07,9999-12-31
0003001392,FLCU00,2010-11-05,9999-12-31
0003001392,FLCU01,2010-11-05,9999-12-31
0003001393,FLCU00,2014-07-12,9999-12-31
0003001393,FLCU01,2014-07-12,9999-12-31
0003001394,FLCU00,2025-10-04,9999-12-31
0003001394,FLCU01,2025-10-04,9999-12-31
0003001395,FLCU00,2026-07-02,9999-12-31
0003001395,FLCU01,2026-07-02,9999-12-31
0003001396,FLCU00,2024-08-04,9999-12-31
0003001396,FLCU01,2024-08-04,9999-12-31
0003001397,FLCU00,2019-10-20,9999-12-31
0003001397,FLCU01,2019-10-20,9999-12-31
0003001398,FLCU00,2016-07-03,9999-12-31
0003001398,FLCU01,2016-07-03,9999-12-31
0003001399,FLCU00,2010-12-11,9999-12-31
0003001399,FLCU01,2010-12-11,9999-12-31
0003001400,FLCU00,2015-06-18,9999-12-31
0003001400,FLCU01,2015-06-18,9999-12-31
0003001401,FLCU00,2015-06-25,9999-12-31
0003001401,FLCU01,2015-06-25,9999-12-31
0003001402,FLCU00,2023-02-01,9999-12-31
0003001402,FLCU01,2023-02-01,9999-12-31
0003001403,FLCU00,2024-11-28,9999-12-31
0003001403,FLCU01,2024-11-28,9999-12-31
0003001404,FLCU00,2012-01-21,9999-12-31
0003001404,FLCU01,2012-01-21,9999-12-31
0003001405,FLCU00,2011-10-02,9999-12-31
0003001405,FLCU01,2011-10-02,9999-12-31
0003001406,FLCU00,2016-07-15,9999-12-31
0003001406,FLCU01,2016-07-15,9999-12-31
0003001407,FLCU00,2024-03-28,9999-12-31
0003001407,FLCU01,2024-03-28,9999-12-31
0003001408,FLCU00,2022-07-07,9999-12-31
0003001408,FLCU01,2022-07-07,9999-12-31
0003001409,FLCU00,2024-12-13,9999-12-31
0003001409,FLCU01,2024-12-13,9999-12-31
0003001410,FLCU00,2024-05-15,9999-12-31
0003001410,FLCU01,2024-05-15,9999-12-31
0003001411,FLCU00,2013-06-21,9999-12-31
0003001411,FLCU01,2013-06-21,9999-12-31
0003001412,FLCU00,2025-04-13,9999-12-31
0003001412,FLCU01,2025-04-13,9999-12-31
0003001413,FLCU00,2025-02-17,9999-12-31
0003001413,FLCU01,2025-02-17,9999-12-31
0003001414,FLCU00,2020-07-27,9999-12-31
0003001414,FLCU01,2020-07-27,9999-12-31
0003001415,FLCU00,2025-07-07,9999-12-31
0003001415,FLCU01,2025-07-07,9999-12-31
0003001416,FLCU00,2026-03-03,9999-12-31
0003001416,FLCU01,2026-03-03,9999-12-31
0003001417,FLCU00,2015-03-03,9999-12-31
0003001417,FLCU01,2015-03-03,9999-12-31
0003001418,FLCU00,2024-05-22,9999-12-31
0003001418,FLCU01,2024-05-22,9999-12-31
0003001419,FLCU00,2019-12-14,9999-12-31
0003001419,FLCU01,2019-12-14,9999-12-31
0003001420,FLCU00,2013-09-20,9999-12-31
0003001420,FLCU01,2013-09-20,9999-12-31
0003001421,FLCU00,2025-06-08,9999-12-31
0003001421,FLCU01,2025-06-08,9999-12-31
0003001422,FLCU00,2016-05-03,9999-12-31
0003001422,FLCU01,2016-05-03,9999-12-31
0003001423,FLCU00,2026-06-28,9999-12-31
0003001423,FLCU01,2026-06-28,9999-12-31
0003001424,FLCU00,2016-12-21,9999-12-31
0003001424,FLCU01,2016-12-21,9999-12-31
0003001425,FLCU00,2012-03-23,9999-12-31
0003001425,FLCU01,2012-03-23,9999-12-31
0003001426,FLCU00,2020-04-21,9999-12-31
0003001426,FLCU01,2020-04-21,9999-12-31
0003001427,FLCU00,2019-01-09,9999-12-31
0003001427,FLCU01,2019-01-09,9999-12-31
0003001428,FLCU00,2011-06-03,9999-12-31
0003001428,FLCU01,2011-06-03,9999-12-31
0003001429,FLCU00,2019-08-12,9999-12-31
0003001429,FLCU01,2019-08-12,9999-12-31
0003001430,FLCU00,2020-01-19,9999-12-31
0003001430,FLCU01,2020-01-19,9999-12-31
0003001431,FLCU00,2016-09-24,9999-12-31
0003001431,FLCU01,2016-09-24,9999-12-31
0003001432,FLCU00,2018-05-11,9999-12-31
0003001432,FLCU01,2018-05-11,9999-12-31
0003001433,FLCU00,2012-05-10,9999-12-31
0003001433,FLCU01,2012-05-10,9999-12-31
0003001434,FLCU00,2015-03-21,9999-12-31
0003001434,FLCU01,2015-03-21,9999-12-31
0003001435,FLCU00,2015-07-11,9999-12-31
0003001435,FLCU01,2015-07-11,9999-12-31
0003001436,FLCU00,2021-06-12,9999-12-31
0003001436,FLCU01,2021-06-12,9999-12-31
0003001437,FLCU00,2024-11-04,9999-12-31
0003001437,FLCU01,2024-11-04,9999-12-31
0003001438,FLCU00,2013-07-16,9999-12-31
0003001438,FLCU01,2013-07-16,9999-12-31
0003001439,FLCU00,2018-09-16,9999-12-31
0003001439,FLCU01,2018-09-16,9999-12-31
0003001440,FLCU00,2024-02-26,9999-12-31
0003001440,FLCU01,2024-02-26,9999-12-31
0003001441,FLCU00,2012-05-26,9999-12-31
0003001441,FLCU01,2012-05-26,9999-12-31
0003001442,FLCU00,2017-01-13,9999-12-31
0003001442,FLCU01,2017-01-13,9999-12-31
0003001443,FLCU00,2022-09-03,9999-12-31
0003001443,FLCU01,2022-09-03,9999-12-31
0003001444,FLCU00,2018-03-05,9999-12-31
0003001444,FLCU01,2018-03-05,9999-12-31
0003001445,FLCU00,2011-04-13,9999-12-31
0003001445,FLCU01,2011-04-13,9999-12-31
0003001446,FLCU00,2016-06-01,9999-12-31
0003001446,FLCU01,2016-06-01,9999-12-31
0003001447,FLCU00,2017-06-12,9999-12-31
0003001447,FLCU01,2017-06-12,9999-12-31
0003001448,FLCU00,2019-07-21,9999-12-31
0003001448,FLCU01,2019-07-21,9999-12-31
0003001449,FLCU00,2017-02-09,9999-12-31
0003001449,FLCU01,2017-02-09,9999-12-31
0003001450,FLCU00,2018-06-27,9999-12-31
0003001450,FLCU01,2018-06-27,9999-12-31
0003001451,FLCU00,2022-10-22,9999-12-31
0003001451,FLCU01,2022-10-22,9999-12-31
0003001452,FLCU00,2015-01-20,9999-12-31
0003001452,FLCU01,2015-01-20,9999-12-31
0003001453,FLCU00,2016-06-04,9999-12-31
0003001453,FLCU01,2016-06-04,9999-12-31
0003001454,FLCU00,2019-06-28,9999-12-31
0003001454,FLCU01,2019-06-28,9999-12-31
0003001455,FLCU00,2013-05-11,9999-12-31
0003001455,FLCU01,2013-05-11,9999-12-31
0003001456,FLCU00,2011-11-11,9999-12-31
0003001456,FLCU01,2011-11-11,9999-12-31
0003001457,FLCU00,2020-02-28,9999-12-31
0003001457,FLCU01,2020-02-28,9999-12-31
0003001458,FLCU00,2016-02-16,9999-12-31
0003001458,FLCU01,2016-02-16,9999-12-31
0003001459,FLCU00,2014-02-08,9999-12-31
0003001459,FLCU01,2014-02-08,9999-12-31
0003001460,FLCU00,2013-01-08,9999-12-31
0003001460,FLCU01,2013-01-08,9999-12-31
0003001461,FLCU00,2012-09-08,9999-12-31
0003001461,FLCU01,2012-09-08,9999-12-31
0003001462,FLCU00,2014-12-24,9999-12-31
0003001462,FLCU01,2014-12-24,9999-12-31
0003001463,FLCU00,2019-12-05,9999-12-31
0003001463,FLCU01,2019-12-05,9999-12-31
0003001464,FLCU00,2025-12-08,9999-12-31
0003001464,FLCU01,2025-12-08,9999-12-31
0003001465,FLCU00,2013-01-20,9999-12-31
0003001465,FLCU01,2013-01-20,9999-12-31
0003001466,FLCU00,2016-05-27,9999-12-31
0003001466,FLCU01,2016-05-27,9999-12-31
0003001467,FLCU00,2011-10-16,9999-12-31
0003001467,FLCU01,2011-10-16,9999-12-31
0003001468,FLCU00,2013-12-07,9999-12-31
0003001468,FLCU01,2013-12-07,9999-12-31
0003001469,FLCU00,2024-11-20,9999-12-31
0003001469,FLCU01,2024-11-20,9999-12-31
0003001470,FLCU00,2024-06-11,9999-12-31
0003001470,FLCU01,2024-06-11,9999-12-31
0003001471,FLCU00,2016-10-11,9999-12-31
0003001471,FLCU01,2016-10-11,9999-12-31
0003001472,FLCU00,2024-02-01,9999-12-31
0003001472,FLCU01,2024-02-01,9999-12-31
0003001473,FLCU00,2012-02-12,9999-12-31
0003001473,FLCU01,2012-02-12,9999-12-31
0003001474,FLCU00,2026-04-02,9999-12-31
0003001474,FLCU01,2026-04-02,9999-12-31
0003001475,FLCU00,2015-01-08,9999-12-31
0003001475,FLCU01,2015-01-08,9999-12-31
0003001476,FLCU00,2013-12-16,9999-12-31
0003001476,FLCU01,2013-12-16,9999-12-31
0003001477,FLCU00,2014-08-08,9999-12-31
0003001477,FLCU01,2014-08-08,9999-12-31
0003001478,FLCU00,2026-07-25,9999-12-31
0003001478,FLCU01,2026-07-25,9999-12-31
0003001479,FLCU00,2020-07-01,9999-12-31
0003001479,FLCU01,2020-07-01,9999-12-31
0003001480,FLCU00,2014-03-21,9999-12-31
0003001480,FLCU01,2014-03-21,9999-12-31
0003001481,FLCU00,2013-11-04,9999-12-31
0003001481,FLCU01,2013-11-04,9999-12-31
0003001482,FLCU00,2016-04-23,9999-12-31
0003001482,FLCU01,2016-04-23,9999-12-31
0003001483,FLCU00,2018-10-13,9999-12-31
0003001483,FLCU01,2018-10-13,9999-12-31
0003001484,FLCU00,2013-11-15,9999-12-31
0003001484,FLCU01,2013-11-15,9999-12-31
0003001485,FLCU00,2015-03-26,9999-12-31
0003001485,FLCU01,2015-03-26,9999-12-31
0003001486,FLCU00,2012-02-28,9999-12-31
0003001486,FLCU01,2012-02-28,9999-12-31
0003001487,FLCU00,2012-09-28,9999-12-31
0003001487,FLCU01,2012-09-28,9999-12-31
0003001488,FLCU00,2026-02-13,9999-12-31
0003001488,FLCU01,2026-02-13,9999-12-31
0003001489,FLCU00,2016-12-18,9999-12-31
0003001489,FLCU01,2016-12-18,9999-12-31
0003001490,FLCU00,2017-04-28,9999-12-31
0003001490,FLCU01,2017-04-28,9999-12-31
0003001491,FLCU00,2016-03-08,9999-12-31
0003001491,FLCU01,2016-03-08,9999-12-31
0003001492,FLCU00,2017-05-11,9999-12-31
0003001492,FLCU01,2017-05-11,9999-12-31
0003001493,FLCU00,2013-12-17,9999-12-31
0003001493,FLCU01,2013-12-17,9999-12-31
0003001494,FLCU00,2014-12-12,9999-12-31
0003001494,FLCU01,2014-12-12,9999-12-31
0003001495,FLCU00,2010-07-14,9999-12-31
0003001495,FLCU01,2010-07-14,9999-12-31
0003001496,FLCU00,2019-09-06,9999-12-31
0003001496,FLCU01,2019-09-06,9999-12-31
0003001497,FLCU00,2016-03-26,9999-12-31
0003001497,FLCU01,2016-03-26,9999-12-31
0003001498,FLCU00,2011-08-14,9999-12-31
0003001498,FLCU01,2011-08-14,9999-12-31
0003001499,FLCU00,2013-04-18,9999-12-31
0003001499,FLCU01,2013-04-18,9999-12-31
0003001500,FLCU00,2025-07-02,9999-12-31
0003001500,FLCU01,2025-07-02,9999-12-31
0003001501,FLCU00,2015-11-17,9999-12-31
0003001501,FLCU01,2015-11-17,9999-12-31
0003001502,FLCU00,2019-09-17,9999-12-31
0003001502,FLCU01,2019-09-17,9999-12-31
0003001503,FLCU00,2010-09-03,9999-12-31
0003001503,FLCU01,2010-09-03,9999-12-31
0003001504,FLCU00,2014-01-17,9999-12-31
0003001504,FLCU01,2014-01-17,9999-12-31
0003001505,FLCU00,2015-08-09,9999-12-31
0003001505,FLCU01,2015-08-09,9999-12-31
0003001506,FLCU00,2022-03-05,9999-12-31
0003001506,FLCU01,2022-03-05,9999-12-31
0003001507,FLCU00,2010-09-09,9999-12-31
0003001507,FLCU01,2010-09-09,9999-12-31
0003001508,FLCU00,2014-07-20,9999-12-31
0003001508,FLCU01,2014-07-20,9999-12-31
0003001509,FLCU00,2017-02-17,9999-12-31
0003001509,FLCU01,2017-02-17,9999-12-31
0003001510,FLCU00,2013-06-22,9999-12-31
0003001510,FLCU01,2013-06-22,9999-12-31
0003001511,FLCU00,2024-08-23,9999-12-31
0003001511,FLCU01,2024-08-23,9999-12-31
0003001512,FLCU00,2017-01-24,9999-12-31
0003001512,FLCU01,2017-01-24,9999-12-31
0003001513,FLCU00,2017-04-04,9999-12-31
0003001513,FLCU01,2017-04-04,9999-12-31
0003001514,FLCU00,2016-11-27,9999-12-31
0003001514,FLCU01,2016-11-27,9999-12-31
0003001515,FLCU00,2015-10-18,9999-12-31
0003001515,FLCU01,2015-10-18,9999-12-31
0003001516,FLCU00,2023-03-19,9999-12-31
0003001516,FLCU01,2023-03-19,9999-12-31
0003001517,FLCU00,2018-03-20,9999-12-31
0003001517,FLCU01,2018-03-20,9999-12-31
0003001518,FLCU00,2010-04-19,9999-12-31
0003001518,FLCU01,2010-04-19,9999-12-31
0003001519,FLCU00,2022-08-28,9999-12-31
0003001519,FLCU01,2022-08-28,9999-12-31
0003001520,FLCU00,2019-09-22,9999-12-31
0003001520,FLCU01,2019-09-22,9999-12-31
0003001521,FLCU00,2013-05-03,9999-12-31
0003001521,FLCU01,2013-05-03,9999-12-31
0003001522,FLCU00,2011-03-23,9999-12-31
0003001522,FLCU01,2011-03-23,9999-12-31
0003001523,FLCU00,2010-04-02,9999-12-31
0003001523,FLCU01,2010-04-02,9999-12-31
0003001524,FLCU00,2018-11-11,9999-12-31
0003001524,FLCU01,2018-11-11,9999-12-31
0003001525,FLCU00,2026-07-12,9999-12-31
0003001525,FLCU01,2026-07-12,9999-12-31
0003001526,FLCU00,2022-09-01,9999-12-31
0003001526,FLCU01,2022-09-01,9999-12-31
0003001527,FLCU00,2023-08-14,9999-12-31
0003001527,FLCU01,2023-08-14,9999-12-31
0003001528,FLCU00,2022-09-25,9999-12-31
0003001528,FLCU01,2022-09-25,9999-12-31
0003001529,FLCU00,2010-02-01,9999-12-31
0003001529,FLCU01,2010-02-01,9999-12-31
0003001530,FLCU00,2019-08-15,9999-12-31
0003001530,FLCU01,2019-08-15,9999-12-31
0003001531,FLCU00,2016-11-01,9999-12-31
0003001531,FLCU01,2016-11-01,9999-12-31
0003001532,FLCU00,2011-12-17,9999-12-31
0003001532,FLCU01,2011-12-17,9999-12-31
0003001533,FLCU00,2015-10-27,9999-12-31
0003001533,FLCU01,2015-10-27,9999-12-31
0003001534,FLCU00,2015-02-14,9999-12-31
0003001534,FLCU01,2015-02-14,9999-12-31
0003001535,FLCU00,2010-09-02,9999-12-31
0003001535,FLCU01,2010-09-02,9999-12-31
0003001536,FLCU00,2018-01-06,9999-12-31
0003001536,FLCU01,2018-01-06,9999-12-31
0003001537,FLCU00,2010-04-27,9999-12-31
0003001537,FLCU01,2010-04-27,9999-12-31
0003001538,FLCU00,2021-01-08,9999-12-31
0003001538,FLCU01,2021-01-08,9999-12-31
0003001539,FLCU00,2025-07-17,9999-12-31
0003001539,FLCU01,2025-07-17,9999-12-31
0003001540,FLCU00,2021-11-26,9999-12-31
0003001540,FLCU01,2021-11-26,9999-12-31
0003001541,FLCU00,2010-05-12,9999-12-31
0003001541,FLCU01,2010-05-12,9999-12-31
0003001542,FLCU00,2018-06-12,9999-12-31
0003001542,FLCU01,2018-06-12,9999-12-31
0003001543,FLCU00,2018-05-16,9999-12-31
0003001543,FLCU01,2018-05-16,9999-12-31
0003001544,FLCU00,2010-04-01,9999-12-31
0003001544,FLCU01,2010-04-01,9999-12-31
0003001545,FLCU00,2020-09-18,9999-12-31
0003001545,FLCU01,2020-09-18,9999-12-31
0003001546,FLCU00,2010-12-28,9999-12-31
0003001546,FLCU01,2010-12-28,9999-12-31
0003001547,FLCU00,2020-08-02,9999-12-31
0003001547,FLCU01,2020-08-02,9999-12-31
0003001548,FLCU00,2021-10-23,9999-12-31
0003001548,FLCU01,2021-10-23,9999-12-31
0003001549,FLCU00,2020-04-08,9999-12-31
0003001549,FLCU01,2020-04-08,9999-12-31
0003001550,FLCU00,2020-02-25,9999-12-31
0003001550,FLCU01,2020-02-25,9999-12-31
0003001551,FLCU00,2013-02-05,9999-12-31
0003001551,FLCU01,2013-02-05,9999-12-31
0003001552,FLCU00,2021-03-19,9999-12-31
0003001552,FLCU01,2021-03-19,9999-12-31
0003001553,FLCU00,2024-08-12,9999-12-31
0003001553,FLCU01,2024-08-12,9999-12-31
0003001554,FLCU00,2019-11-11,9999-12-31
0003001554,FLCU01,2019-11-11,9999-12-31
0003001555,FLCU00,2015-10-23,9999-12-31
0003001555,FLCU01,2015-10-23,9999-12-31
0003001556,FLCU01,2025-12-04,9999-12-31
0003001557,FLCU00,2018-01-05,9999-12-31
0003001557,FLCU01,2018-01-05,9999-12-31
0003001558,FLCU00,2012-04-03,9999-12-31
0003001558,FLCU01,2012-04-03,9999-12-31
0003001559,FLCU00,2024-04-08,9999-12-31
0003001559,FLCU01,2024-04-08,9999-12-31
0003001560,FLCU00,2020-09-04,9999-12-31
0003001560,FLCU01,2020-09-04,9999-12-31
0003001561,FLCU00,2022-02-04,9999-12-31
0003001561,FLCU01,2022-02-04,9999-12-31
0003001562,FLCU00,2015-03-16,9999-12-31
0003001562,FLCU01,2015-03-16,9999-12-31
0003001563,FLCU00,2021-07-12,9999-12-31
0003001563,FLCU01,2021-07-12,9999-12-31
0003001564,FLCU00,2013-04-07,9999-12-31
0003001564,FLCU01,2013-04-07,9999-12-31
0003001565,FLCU00,2021-12-06,9999-12-31
0003001565,FLCU01,2021-12-06,9999-12-31
0003001566,FLCU00,2013-11-09,9999-12-31
0003001566,FLCU01,2013-11-09,9999-12-31
0003001567,FLCU00,2021-02-25,9999-12-31
0003001567,FLCU01,2021-02-25,9999-12-31
0003001568,FLCU00,2014-07-07,9999-12-31
0003001568,FLCU01,2014-07-07,9999-12-31
0003001569,FLCU00,2020-01-03,9999-12-31
0003001569,FLCU01,2020-01-03,9999-12-31
0003001570,FLCU00,2016-11-02,9999-12-31
0003001570,FLCU01,2016-11-02,9999-12-31
0003001571,FLCU00,2021-09-08,9999-12-31
0003001571,FLCU01,2021-09-08,9999-12-31
0003001572,FLCU00,2012-11-16,9999-12-31
0003001572,FLCU01,2012-11-16,9999-12-31
0003001573,FLCU00,2013-11-25,9999-12-31
0003001573,FLCU01,2013-11-25,9999-12-31
0003001574,FLCU00,2018-10-04,9999-12-31
0003001574,FLCU01,2018-10-04,9999-12-31
0003001575,FLCU00,2014-08-13,9999-12-31
0003001575,FLCU01,2014-08-13,9999-12-31
0003001576,FLCU00,2018-12-01,9999-12-31
0003001576,FLCU01,2018-12-01,9999-12-31
0003001577,FLCU00,2025-01-13,9999-12-31
0003001577,FLCU01,2025-01-13,9999-12-31
0003001578,FLCU00,2023-06-24,9999-12-31
0003001578,FLCU01,2023-06-24,9999-12-31
0003001579,FLCU00,2012-12-09,9999-12-31
0003001579,FLCU01,2012-12-09,9999-12-31
0003001580,FLCU00,2022-04-16,9999-12-31
0003001580,FLCU01,2022-04-16,9999-12-31
0003001581,FLCU00,2026-03-18,9999-12-31
0003001581,FLCU01,2026-03-18,9999-12-31
0003001582,FLCU00,2013-05-15,9999-12-31
0003001582,FLCU01,2013-05-15,9999-12-31
0003001583,FLCU00,2022-02-13,9999-12-31
0003001583,FLCU01,2022-02-13,9999-12-31
0003001584,FLCU00,2013-03-18,9999-12-31
0003001584,FLCU01,2013-03-18,9999-12-31
0003001585,FLCU00,2018-08-05,9999-12-31
0003001585,FLCU01,2018-08-05,9999-12-31
0003001586,FLCU00,2010-03-11,9999-12-31
0003001586,FLCU01,2010-03-11,9999-12-31
0003001587,FLCU00,2010-10-18,9999-12-31
0003001587,FLCU01,2010-10-18,9999-12-31
0003001588,FLCU00,2013-10-13,9999-12-31
0003001588,FLCU01,2013-10-13,9999-12-31
0003001589,FLCU00,2024-04-25,9999-12-31
0003001589,FLCU01,2024-04-25,9999-12-31
0003001590,FLCU00,2014-09-01,9999-12-31
0003001590,FLCU01,2014-09-01,9999-12-31
0003001591,FLCU00,2023-02-20,9999-12-31
0003001591,FLCU01,2023-02-20,9999-12-31
0003001592,FLCU00,2020-07-28,9999-12-31
0003001592,FLCU01,2020-07-28,9999-12-31
0003001593,FLCU00,2014-05-13,9999-12-31
0003001593,FLCU01,2014-05-13,9999-12-31
0003001594,FLCU00,2012-06-06,9999-12-31
0003001594,FLCU01,2012-06-06,9999-12-31
0003001595,FLCU00,2016-05-24,9999-12-31
0003001595,FLCU01,2016-05-24,9999-12-31
0003001596,FLCU00,2021-04-19,9999-12-31
0003001596,FLCU01,2021-04-19,9999-12-31
0003001597,FLCU00,2014-10-09,9999-12-31
0003001597,FLCU01,2014-10-09,9999-12-31
0003001598,FLCU00,2012-10-06,9999-12-31
0003001598,FLCU01,2012-10-06,9999-12-31
0003001599,FLCU00,2011-10-23,9999-12-31
0003001599,FLCU01,2011-10-23,9999-12-31
0003001600,FLCU00,2014-11-01,9999-12-31
0003001600,FLCU01,2014-11-01,9999-12-31
0003001601,FLCU00,2013-11-25,9999-12-31
0003001601,FLCU01,2013-11-25,9999-12-31
0003001602,FLCU00,2023-06-06,9999-12-31
0003001602,FLCU01,2023-06-06,9999-12-31
0003001603,FLCU00,2021-07-06,9999-12-31
0003001603,FLCU01,2021-07-06,9999-12-31
0003001604,FLCU00,2017-04-06,9999-12-31
0003001604,FLCU01,2017-04-06,9999-12-31
0003001605,FLCU00,2025-07-22,9999-12-31
0003001605,FLCU01,2025-07-22,9999-12-31
0003001606,FLCU00,2021-06-01,9999-12-31
0003001606,FLCU01,2021-06-01,9999-12-31
0003001607,FLCU00,2022-05-09,9999-12-31
0003001607,FLCU01,2022-05-09,9999-12-31
0003001608,FLCU00,2020-08-27,9999-12-31
0003001608,FLCU01,2020-08-27,9999-12-31
0003001609,FLCU00,2025-12-18,9999-12-31
0003001609,FLCU01,2025-12-18,9999-12-31
0003001610,FLCU00,2015-11-10,9999-12-31
0003001610,FLCU01,2015-11-10,9999-12-31
0003001611,FLCU00,2011-07-08,9999-12-31
0003001611,FLCU01,2011-07-08,9999-12-31
0003001612,FLCU00,2017-09-25,9999-12-31
0003001612,FLCU01,2017-09-25,9999-12-31
0003001613,FLCU00,2011-07-11,9999-12-31
0003001613,FLCU01,2011-07-11,9999-12-31
0003001614,FLCU00,2016-12-28,9999-12-31
0003001614,FLCU01,2016-12-28,9999-12-31
0003001615,FLCU00,2022-12-20,9999-12-31
0003001615,FLCU01,2022-12-20,9999-12-31
0003001616,FLCU00,2017-03-13,9999-12-31
0003001616,FLCU01,2017-03-13,9999-12-31
0003001617,FLCU00,2011-02-19,9999-12-31
0003001617,FLCU01,2011-02-19,9999-12-31
0003001618,FLCU00,2010-11-19,9999-12-31
0003001618,FLCU01,2010-11-19,9999-12-31
0003001619,FLCU00,2026-10-26,9999-12-31
0003001619,FLCU01,2026-10-26,9999-12-31
0003001620,FLCU00,2016-02-11,9999-12-31
0003001620,FLCU01,2016-02-11,9999-12-31
0003001621,FLCU00,2018-04-04,9999-12-31
0003001621,FLCU01,2018-04-04,9999-12-31
0003001622,FLCU00,2017-03-05,9999-12-31
0003001622,FLCU01,2017-03-05,9999-12-31
0003001623,FLCU00,2018-01-22,9999-12-31
0003001623,FLCU01,2018-01-22,9999-12-31
0003001624,FLCU00,2011-03-27,9999-12-31
0003001624,FLCU01,2011-03-27,9999-12-31
0003001625,FLCU00,2014-05-20,9999-12-31
0003001625,FLCU01,2014-05-20,9999-12-31
0003001626,FLCU00,2016-11-25,9999-12-31
0003001626,FLCU01,2016-11-25,9999-12-31
0003001627,FLCU00,2018-03-20,9999-12-31
0003001627,FLCU01,2018-03-20,9999-12-31
0003001628,FLCU00,2013-01-19,9999-12-31
0003001628,FLCU01,2013-01-19,9999-12-31
0003001629,FLCU00,2025-08-16,9999-12-31
0003001629,FLCU01,2025-08-16,9999-12-31
0003001630,FLCU00,2022-11-25,9999-12-31
0003001630,FLCU01,2022-11-25,9999-12-31
0003001631,FLCU00,2020-11-26,9999-12-31
0003001631,FLCU01,2020-11-26,9999-12-31
0003001632,FLCU00,2018-02-24,9999-12-31
0003001632,FLCU01,2018-02-24,9999-12-31
0003001633,FLCU00,2021-10-21,9999-12-31
0003001633,FLCU01,2021-10-21,9999-12-31
0003001634,FLCU00,2024-05-14,9999-12-31
0003001634,FLCU01,2024-05-14,9999-12-31
0003001635,FLCU00,2024-09-20,9999-12-31
0003001635,FLCU01,2024-09-20,9999-12-31
0003001636,FLCU00,2015-04-23,9999-12-31
0003001636,FLCU01,2015-04-23,9999-12-31
0003001637,FLCU00,2019-03-18,9999-12-31
0003001637,FLCU01,2019-03-18,9999-12-31
0003001638,FLCU00,2019-04-10,9999-12-31
0003001638,FLCU01,2019-04-10,9999-12-31
0003001639,FLCU00,2021-07-20,9999-12-31
0003001639,FLCU01,2021-07-20,9999-12-31
0003001640,FLCU00,2023-03-14,9999-12-31
0003001640,FLCU01,2023-03-14,9999-12-31
0003001641,FLCU00,2018-09-17,9999-12-31
0003001641,FLCU01,2018-09-17,9999-12-31
0003001642,FLCU00,2026-03-16,9999-12-31
0003001642,FLCU01,2026-03-16,9999-12-31
0003001643,FLCU00,2016-10-10,9999-12-31
0003001643,FLCU01,2016-10-10,9999-12-31
0003001644,FLCU00,2026-05-24,9999-12-31
0003001644,FLCU01,2026-05-24,9999-12-31
0003001645,FLCU00,2016-08-11,9999-12-31
0003001645,FLCU01,2016-08-11,9999-12-31
0003001646,FLCU00,2023-02-07,9999-12-31
0003001646,FLCU01,2023-02-07,9999-12-31
0003001647,FLCU00,2017-09-14,9999-12-31
0003001647,FLCU01,2017-09-14,9999-12-31
0003001648,FLCU00,2016-04-22,9999-12-31
0003001648,FLCU01,2016-04-22,9999-12-31
0003001649,FLCU00,2020-11-10,9999-12-31
0003001649,FLCU01,2020-11-10,9999-12-31
0003001650,FLCU00,2019-01-27,9999-12-31
0003001650,FLCU01,2019-01-27,9999-12-31
0003001651,FLCU00,2016-10-14,9999-12-31
0003001651,FLCU01,2016-10-14,9999-12-31
0003001652,FLCU00,2025-04-15,9999-12-31
0003001652,FLCU01,2025-04-15,9999-12-31
0003001653,FLCU00,2019-07-25,9999-12-31
0003001653,FLCU01,2019-07-25,9999-12-31
0003001654,FLCU00,2024-08-05,9999-12-31
0003001654,FLCU01,2024-08-05,9999-12-31
0003001655,FLCU00,2017-10-13,9999-12-31
0003001655,FLCU01,2017-10-13,9999-12-31
0003001656,FLCU00,2024-08-07,9999-12-31
0003001656,FLCU01,2024-08-07,9999-12-31
0003001657,FLCU00,2011-04-24,9999-12-31
0003001657,FLCU01,2011-04-24,9999-12-31
0003001658,FLCU00,2026-09-24,9999-12-31
0003001658,FLCU01,2026-09-24,9999-12-31
0003001659,FLCU00,2011-07-03,9999-12-31
0003001659,FLCU01,2011-07-03,9999-12-31
0003001660,FLCU00,2023-12-11,9999-12-31
0003001660,FLCU01,2023-12-11,9999-12-31
0003001661,FLCU00,2012-10-03,9999-12-31
0003001661,FLCU01,2012-10-03,9999-12-31
0003001662,FLCU00,2012-01-26,9999-12-31
0003001662,FLCU01,2012-01-26,9999-12-31
0003001663,FLCU00,2014-03-02,9999-12-31
0003001663,FLCU01,2014-03-02,9999-12-31
0003001664,FLCU00,2016-10-21,9999-12-31
0003001664,FLCU01,2016-10-21,9999-12-31
0003001665,FLCU01,2020-10-05,9999-12-31
0003001666,FLCU00,2012-06-09,9999-12-31
0003001666,FLCU01,2012-06-09,9999-12-31
0003001667,FLCU00,2011-05-02,9999-12-31
0003001667,FLCU01,2011-05-02,9999-12-31
0003001668,FLCU00,2010-07-14,9999-12-31
0003001668,FLCU01,2010-07-14,9999-12-31
0003001669,FLCU00,2012-08-14,9999-12-31
0003001669,FLCU01,2012-08-14,9999-12-31
0003001670,FLCU00,2019-05-01,9999-12-31
0003001670,FLCU01,2019-05-01,9999-12-31
0003001671,FLCU00,2010-08-16,9999-12-31
0003001671,FLCU01,2010-08-16,9999-12-31
0003001672,FLCU00,2012-10-20,9999-12-31
0003001672,FLCU01,2012-10-20,9999-12-31
0003001673,FLCU00,2014-05-01,9999-12-31
0003001673,FLCU01,2014-05-01,9999-12-31
0003001674,FLCU00,2013-07-08,9999-12-31
0003001674,FLCU01,2013-07-08,9999-12-31
0003001675,FLCU00,2021-09-06,9999-12-31
0003001675,FLCU01,2021-09-06,9999-12-31
0003001676,FLCU00,2023-04-01,9999-12-31
0003001676,FLCU01,2023-04-01,9999-12-31
0003001677,FLCU00,2024-09-03,9999-12-31
0003001677,FLCU01,2024-09-03,9999-12-31
0003001678,FLCU00,2025-01-16,9999-12-31
0003001678,FLCU01,2025-01-16,9999-12-31
0003001679,FLCU00,2014-05-28,9999-12-31
0003001679,FLCU01,2014-05-28,9999-12-31
0003001680,FLCU00,2025-03-19,9999-12-31
0003001680,FLCU01,2025-03-19,9999-12-31
0003001681,FLCU00,2017-09-19,9999-12-31
0003001681,FLCU01,2017-09-19,9999-12-31
0003001682,FLCU00,2025-02-09,9999-12-31
0003001682,FLCU01,2025-02-09,9999-12-31
0003001683,FLCU00,2022-09-08,9999-12-31
0003001683,FLCU01,2022-09-08,9999-12-31
0003001684,FLCU00,2014-03-18,9999-12-31
0003001684,FLCU01,2014-03-18,9999-12-31
0003001685,FLCU00,2013-05-12,9999-12-31
0003001685,FLCU01,2013-05-12,9999-12-31
0003001686,FLCU00,2025-02-06,9999-12-31
0003001686,FLCU01,2025-02-06,9999-12-31
0003001687,FLCU00,2011-10-03,9999-12-31
0003001687,FLCU01,2011-10-03,9999-12-31
0003001688,FLCU00,2023-10-03,9999-12-31
0003001688,FLCU01,2023-10-03,9999-12-31
0003001689,FLCU00,2024-02-03,9999-12-31
0003001689,FLCU01,2024-02-03,9999-12-31
0003001690,FLCU00,2021-05-15,9999-12-31
0003001690,FLCU01,2021-05-15,9999-12-31
0003001691,FLCU00,2017-10-06,9999-12-31
0003001691,FLCU01,2017-10-06,9999-12-31
0003001692,FLCU00,2023-04-09,9999-12-31
0003001692,FLCU01,2023-04-09,9999-12-31
0003001693,FLCU00,2013-09-01,9999-12-31
0003001693,FLCU01,2013-09-01,9999-12-31
0003001694,FLCU00,2015-09-05,9999-12-31
0003001694,FLCU01,2015-09-05,9999-12-31
0003001695,FLCU00,2011-04-05,9999-12-31
0003001695,FLCU01,2011-04-05,9999-12-31
0003001696,FLCU00,2021-08-26,9999-12-31
0003001696,FLCU01,2021-08-26,9999-12-31
0003001697,FLCU00,2025-10-18,9999-12-31
0003001697,FLCU01,2025-10-18,9999-12-31
0003001698,FLCU01,2016-08-21,9999-12-31
0003001699,FLCU00,2011-03-03,9999-12-31
0003001699,FLCU01,2011-03-03,9999-12-31
0003001700,FLCU00,2014-01-14,9999-12-31
0003001700,FLCU01,2014-01-14,9999-12-31
0003001701,FLCU01,2018-08-08,9999-12-31
0003001702,FLCU00,2011-04-01,9999-12-31
0003001702,FLCU01,2011-04-01,9999-12-31
0003001703,FLCU00,2017-01-15,9999-12-31
0003001703,FLCU01,2017-01-15,9999-12-31
0003001704,FLCU00,2018-06-16,9999-12-31
0003001704,FLCU01,2018-06-16,9999-12-31
0003001705,FLCU00,2020-02-10,9999-12-31
0003001705,FLCU01,2020-02-10,9999-12-31
0003001706,FLCU00,2021-07-06,9999-12-31
0003001706,FLCU01,2021-07-06,9999-12-31
0003001707,FLCU00,2025-08-15,9999-12-31
0003001707,FLCU01,2025-08-15,9999-12-31
0003001708,FLCU00,2011-06-01,9999-12-31
0003001708,FLCU01,2011-06-01,9999-12-31
0003001709,FLCU00,2026-03-18,9999-12-31
0003001709,FLCU01,2026-03-18,9999-12-31
0003001710,FLCU00,2016-08-02,9999-12-31
0003001710,FLCU01,2016-08-02,9999-12-31
0003001711,FLCU00,2012-03-17,9999-12-31
0003001711,FLCU01,2012-03-17,9999-12-31
0003001712,FLCU00,2012-10-02,9999-12-31
0003001712,FLCU01,2012-10-02,9999-12-31
0003001713,FLCU00,2019-07-23,9999-12-31
0003001713,FLCU01,2019-07-23,9999-12-31
0003001714,FLCU00,2011-02-09,9999-12-31
0003001714,FLCU01,2011-02-09,9999-12-31
0003001715,FLCU00,2012-12-22,9999-12-31
0003001715,FLCU01,2012-12-22,9999-12-31
0003001716,FLCU00,2010-09-13,9999-12-31
0003001716,FLCU01,2010-09-13,9999-12-31
0003001717,FLCU00,2018-06-01,9999-12-31
0003001717,FLCU01,2018-06-01,9999-12-31
0003001718,FLCU00,2015-01-25,9999-12-31
0003001718,FLCU01,2015-01-25,9999-12-31
0003001719,FLCU00,2025-05-18,9999-12-31
0003001719,FLCU01,2025-05-18,9999-12-31
0003001720,FLCU00,2014-05-04,9999-12-31
0003001720,FLCU01,2014-05-04,9999-12-31
0003001721,FLCU00,2015-06-11,9999-12-31
0003001721,FLCU01,2015-06-11,9999-12-31
0003001722,FLCU00,2014-02-02,9999-12-31
0003001722,FLCU01,2014-02-02,9999-12-31
0003001723,FLCU00,2020-11-10,9999-12-31
0003001723,FLCU01,2020-11-10,9999-12-31
0003001724,FLCU00,2020-12-22,9999-12-31
0003001724,FLCU01,2020-12-22,9999-12-31
0003001725,FLCU00,2024-04-18,9999-12-31
0003001725,FLCU01,2024-04-18,9999-12-31
0003001726,FLCU00,2019-10-09,9999-12-31
0003001726,FLCU01,2019-10-09,9999-12-31
0003001727,FLCU00,2016-08-24,9999-12-31
0003001727,FLCU01,2016-08-24,9999-12-31
0003001728,FLCU00,2015-06-02,9999-12-31
0003001728,FLCU01,2015-06-02,9999-12-31
0003001729,FLCU00,2010-09-01,9999-12-31
0003001729,FLCU01,2010-09-01,9999-12-31
0003001730,FLCU00,2020-11-21,9999-12-31
0003001730,FLCU01,2020-11-21,9999-12-31
0003001731,FLCU00,2023-02-17,9999-12-31
0003001731,FLCU01,2023-02-17,9999-12-31
0003001732,FLCU00,2016-07-23,9999-12-31
0003001732,FLCU01,2016-07-23,9999-12-31
0003001733,FLCU00,2016-07-13,9999-12-31
0003001733,FLCU01,2016-07-13,9999-12-31
0003001734,FLCU00,2010-08-16,9999-12-31
0003001734,FLCU01,2010-08-16,9999-12-31
0003001735,FLCU00,2023-01-14,9999-12-31
0003001735,FLCU01,2023-01-14,9999-12-31
0003001736,FLCU00,2023-07-20,9999-12-31
0003001736,FLCU01,2023-07-20,9999-12-31
0003001737,FLCU00,2010-12-26,9999-12-31
0003001737,FLCU01,2010-12-26,9999-12-31
0003001738,FLCU00,2021-12-09,9999-12-31
0003001738,FLCU01,2021-12-09,9999-12-31
0003001739,FLCU00,2023-06-12,9999-12-31
0003001739,FLCU01,2023-06-12,9999-12-31
0003001740,FLCU00,2016-09-23,9999-12-31
0003001740,FLCU01,2016-09-23,9999-12-31
0003001741,FLCU00,2021-01-17,9999-12-31
0003001741,FLCU01,2021-01-17,9999-12-31
0003001742,FLCU00,2019-06-13,9999-12-31
0003001742,FLCU01,2019-06-13,9999-12-31
0003001743,FLCU00,2014-02-11,9999-12-31
0003001743,FLCU01,2014-02-11,9999-12-31
0003001744,FLCU00,2011-07-27,9999-12-31
0003001744,FLCU01,2011-07-27,9999-12-31
0003001745,FLCU00,2017-04-27,9999-12-31
0003001745,FLCU01,2017-04-27,9999-12-31
0003001746,FLCU00,2026-04-25,9999-12-31
0003001746,FLCU01,2026-04-25,9999-12-31
0003001747,FLCU00,2012-11-19,9999-12-31
0003001747,FLCU01,2012-11-19,9999-12-31
0003001748,FLCU00,2012-07-09,9999-12-31
0003001748,FLCU01,2012-07-09,9999-12-31
0003001749,FLCU00,2023-10-25,9999-12-31
0003001749,FLCU01,2023-10-25,9999-12-31
0003001750,FLCU00,2022-11-23,9999-12-31
0003001750,FLCU01,2022-11-23,9999-12-31
0003001751,FLCU00,2025-01-01,9999-12-31
0003001751,FLCU01,2025-01-01,9999-12-31
0003001752,FLCU00,2020-12-11,9999-12-31
0003001752,FLCU01,2020-12-11,9999-12-31
0003001753,FLCU00,2026-09-06,9999-12-31
0003001753,FLCU01,2026-09-06,9999-12-31
0003001754,FLCU00,2020-12-22,9999-12-31
0003001754,FLCU01,2020-12-22,9999-12-31
0003001755,FLCU00,2015-10-16,9999-12-31
0003001755,FLCU01,2015-10-16,9999-12-31
0003001756,FLCU00,2018-02-04,9999-12-31
0003001756,FLCU01,2018-02-04,9999-12-31
0003001757,FLCU00,2018-04-14,9999-12-31
0003001757,FLCU01,2018-04-14,9999-12-31
0003001758,FLCU00,2024-03-17,9999-12-31
0003001758,FLCU01,2024-03-17,9999-12-31
0003001759,FLCU00,2025-11-05,9999-12-31
0003001759,FLCU01,2025-11-05,9999-12-31
0003001760,FLCU00,2021-01-19,9999-12-31
0003001760,FLCU01,2021-01-19,9999-12-31
0003001761,FLCU00,2014-08-21,9999-12-31
0003001761,FLCU01,2014-08-21,9999-12-31
0003001762,FLCU00,2015-09-05,9999-12-31
0003001762,FLCU01,2015-09-05,9999-12-31
0003001763,FLCU00,2016-12-05,9999-12-31
0003001763,FLCU01,2016-12-05,9999-12-31
0003001764,FLCU00,2020-09-20,9999-12-31
0003001764,FLCU01,2020-09-20,9999-12-31
0003001765,FLCU00,2021-09-19,9999-12-31
0003001765,FLCU01,2021-09-19,9999-12-31
0003001766,FLCU00,2025-09-07,9999-12-31
0003001766,FLCU01,2025-09-07,9999-12-31
0003001767,FLCU00,2016-11-23,9999-12-31
0003001767,FLCU01,2016-11-23,9999-12-31
0003001768,FLCU00,2025-02-25,9999-12-31
0003001768,FLCU01,2025-02-25,9999-12-31
0003001769,FLCU00,2021-03-28,9999-12-31
0003001769,FLCU01,2021-03-28,9999-12-31
0003001770,FLCU00,2015-05-15,9999-12-31
0003001770,FLCU01,2015-05-15,9999-12-31
0003001771,FLCU00,2026-10-02,9999-12-31
0003001771,FLCU01,2026-10-02,9999-12-31
0003001772,FLCU00,2013-06-24,9999-12-31
0003001772,FLCU01,2013-06-24,9999-12-31
0003001773,FLCU00,2022-05-07,9999-12-31
0003001773,FLCU01,2022-05-07,9999-12-31
0003001774,FLCU00,2018-06-23,9999-12-31
0003001774,FLCU01,2018-06-23,9999-12-31
0003001775,FLCU00,2024-02-04,9999-12-31
0003001775,FLCU01,2024-02-04,9999-12-31
0003001776,FLCU00,2022-11-18,9999-12-31
0003001776,FLCU01,2022-11-18,9999-12-31
0003001777,FLCU00,2018-12-21,9999-12-31
0003001777,FLCU01,2018-12-21,9999-12-31
0003001778,FLCU00,2021-11-14,9999-12-31
0003001778,FLCU01,2021-11-14,9999-12-31
0003001779,FLCU00,2025-10-15,9999-12-31
0003001779,FLCU01,2025-10-15,9999-12-31
0003001780,FLCU00,2023-04-14,9999-12-31
0003001780,FLCU01,2023-04-14,9999-12-31
0003001781,FLCU00,2017-07-20,9999-12-31
0003001781,FLCU01,2017-07-20,9999-12-31
0003001782,FLCU00,2024-01-02,9999-12-31
0003001782,FLCU01,2024-01-02,9999-12-31
0003001783,FLCU00,2024-05-25,9999-12-31
0003001783,FLCU01,2024-05-25,9999-12-31
0003001784,FLCU00,2010-11-18,9999-12-31
0003001784,FLCU01,2010-11-18,9999-12-31
0003001785,FLCU00,2025-12-01,9999-12-31
0003001785,FLCU01,2025-12-01,9999-12-31
0003001786,FLCU00,2022-11-10,9999-12-31
0003001786,FLCU01,2022-11-10,9999-12-31
0003001787,FLCU00,2023-12-02,9999-12-31
0003001787,FLCU01,2023-12-02,9999-12-31
0003001788,FLCU00,2022-03-11,9999-12-31
0003001788,FLCU01,2022-03-11,9999-12-31
0003001789,FLCU00,2015-03-23,9999-12-31
0003001789,FLCU01,2015-03-23,9999-12-31
0003001790,FLCU01,2014-01-18,9999-12-31
0003001791,FLCU00,2015-03-21,9999-12-31
0003001791,FLCU01,2015-03-21,9999-12-31
0003001792,FLCU00,2016-05-24,9999-12-31
0003001792,FLCU01,2016-05-24,9999-12-31
0003001793,FLCU00,2018-04-02,9999-12-31
0003001793,FLCU01,2018-04-02,9999-12-31
0003001794,FLCU00,2023-11-20,9999-12-31
0003001794,FLCU01,2023-11-20,9999-12-31
0003001795,FLCU00,2022-09-27,9999-12-31
0003001795,FLCU01,2022-09-27,9999-12-31
0003001796,FLCU00,2014-06-23,9999-12-31
0003001796,FLCU01,2014-06-23,9999-12-31
0003001797,FLCU00,2021-12-22,9999-12-31
0003001797,FLCU01,2021-12-22,9999-12-31
0003001798,FLCU00,2022-05-25,9999-12-31
0003001798,FLCU01,2022-05-25,9999-12-31
0003001799,FLCU00,2021-04-17,9999-12-31
0003001799,FLCU01,2021-04-17,9999-12-31
0003001800,FLCU00,2024-12-08,9999-12-31
0003001800,FLCU01,2024-12-08,9999-12-31
0003001801,FLCU00,2025-06-09,9999-12-31
0003001801,FLCU01,2025-06-09,9999-12-31
0003001802,FLCU00,2026-09-10,9999-12-31
0003001802,FLCU01,2026-09-10,9999-12-31
0003001803,FLCU00,2015-04-07,9999-12-31
0003001803,FLCU01,2015-04-07,9999-12-31
0003001804,FLCU00,2010-04-13,9999-12-31
0003001804,FLCU01,2010-04-13,9999-12-31
0003001805,FLCU00,2012-11-03,9999-12-31
0003001805,FLCU01,2012-11-03,9999-12-31
0003001806,FLCU00,2021-05-23,9999-12-31
0003001806,FLCU01,2021-05-23,9999-12-31
0003001807,FLCU00,2011-06-16,9999-12-31
0003001807,FLCU01,2011-06-16,9999-12-31
0003001808,FLCU00,2015-05-12,9999-12-31
0003001808,FLCU01,2015-05-12,9999-12-31
0003001809,FLCU00,2020-10-26,9999-12-31
0003001809,FLCU01,2020-10-26,9999-12-31
0003001811,FLCU00,2010-03-01,9999-12-31
0003001811,FLCU01,2010-03-01,9999-12-31
0003001812,FLCU00,2012-07-21,9999-12-31
0003001812,FLCU01,2012-07-21,9999-12-31
0003001813,FLCU00,2021-06-17,9999-12-31
0003001813,FLCU01,2021-06-17,9999-12-31
0003001814,FLCU00,2024-11-01,9999-12-31
0003001814,FLCU01,2024-11-01,9999-12-31
0003001815,FLCU00,2022-04-16,9999-12-31
0003001815,FLCU01,2022-04-16,9999-12-31
0003001816,FLCU00,2022-06-01,9999-12-31
0003001816,FLCU01,2022-06-01,9999-12-31
0003001817,FLCU00,2019-08-04,9999-12-31
0003001817,FLCU01,2019-08-04,9999-12-31
0003001818,FLCU00,2021-09-03,9999-12-31
0003001818,FLCU01,2021-09-03,9999-12-31
0003001819,FLCU00,2020-11-10,9999-12-31
0003001819,FLCU01,2020-11-10,9999-12-31
0003001820,FLCU00,2014-11-16,9999-12-31
0003001820,FLCU01,2014-11-16,9999-12-31
0003001821,FLCU00,2025-06-15,9999-12-31
0003001821,FLCU01,2025-06-15,9999-12-31
0003001822,FLCU00,2021-05-03,9999-12-31
0003001822,FLCU01,2021-05-03,9999-12-31
0003001823,FLCU00,2026-10-18,9999-12-31
0003001823,FLCU01,2026-10-18,9999-12-31
0003001824,FLCU00,2019-08-11,9999-12-31
0003001824,FLCU01,2019-08-11,9999-12-31
0003001825,FLCU00,2014-04-25,9999-12-31
0003001825,FLCU01,2014-04-25,9999-12-31
0003001826,FLCU00,2013-04-10,9999-12-31
0003001826,FLCU01,2013-04-10,9999-12-31
0003001827,FLCU00,2011-06-14,9999-12-31
0003001827,FLCU01,2011-06-14,9999-12-31
0003001828,FLCU00,2024-09-26,9999-12-31
0003001828,FLCU01,2024-09-26,9999-12-31
0003001829,FLCU00,2022-10-05,9999-12-31
0003001829,FLCU01,2022-10-05,9999-12-31
0003001830,FLCU00,2014-07-22,9999-12-31
0003001830,FLCU01,2014-07-22,9999-12-31
0003001831,FLCU00,2021-08-21,9999-12-31
0003001831,FLCU01,2021-08-21,9999-12-31
0003001832,FLCU00,2015-08-05,9999-12-31
0003001832,FLCU01,2015-08-05,9999-12-31
0003001833,FLCU00,2014-02-24,9999-12-31
0003001833,FLCU01,2014-02-24,9999-12-31
0003001834,FLCU00,2023-01-17,9999-12-31
0003001834,FLCU01,2023-01-17,9999-12-31
0003001835,FLCU00,2014-12-03,9999-12-31
0003001835,FLCU01,2014-12-03,9999-12-31
0003001836,FLCU00,2017-12-19,9999-12-31
0003001836,FLCU01,2017-12-19,9999-12-31
0003001837,FLCU00,2024-01-20,9999-12-31
0003001837,FLCU01,2024-01-20,9999-12-31
0003001838,FLCU00,2017-09-17,9999-12-31
0003001838,FLCU01,2017-09-17,9999-12-31
0003001840,FLCU00,2011-06-20,9999-12-31
0003001840,FLCU01,2011-06-20,9999-12-31
0003001841,FLCU00,2025-11-19,9999-12-31
0003001841,FLCU01,2025-11-19,9999-12-31
0003001842,FLCU00,2026-10-19,9999-12-31
0003001842,FLCU01,2026-10-19,9999-12-31
0003001843,FLCU00,2023-10-17,9999-12-31
0003001843,FLCU01,2023-10-17,9999-12-31
