LIFNR,KTOKK,NAME1,NAME2,SORTL,STRAS,ORT01,PSTLZ,LAND1,SPRAS,TELF1,SMTP_ADDR,STCD1,LOEVM,SPERM,ERDAT
0000000001,ZCRO,Wuxi AppTec Laboratory Testing Divi,,WUXIAPPTE,102 Pharma City Industrial Zone,Boston,02210,US,EN,+57-971-8571418,regulatory@wuxi.apptec.laboratory.te.com,17-8176405,,,2016-05-27
0000000002,ZCLD,World Courier Biopharma Cold-Chain,,WORLDCOUR,254 Bio-Campus Drive,Hyderabad,500072,IN,EN,+42-587-3154360,regulatory@world.courier.biopharma.c.com,36AAACD9568G1Z7,,,2020-10-09
0000000003,ZMRO,Steris Life Sciences GMP Decontamin,,STERISLIF,337 Genome Valley Phase 2,San Diego,92121,US,EN,+61-994-9259573,regulatory@steris.life.sciences.gmp..com,42-8498308,,,2019-01-14
0000000004,ZAPI,Evonik Health Care Biomaterials,API Custom Synthesis Wing,EVONIKHEA,321 Pashamylaram Industrial Area,London,WC1E 6BT,GB,EN,+23-318-4383470,regulatory@evonik.health.care.biomat.com,GB112477920,,,2017-05-26
0000000005,ZCRO,Charles River Laboratories Preclini,,CHARLESRI,335 Pharma City Industrial Zone,Hyderabad,500072,IN,EN,+25-405-5899881,regulatory@charles.river.laboratorie.com,36AAACD4895J1Z6,,,2019-10-09
0000000006,ZMRO,Pall Medical Biopharmaceutical Filt,,PALLMEDIC,179 Genome Valley Phase 2,Milan,20121,IT,IT,+51-633-6808054,regulatory@pall.medical.biopharmaceu.com,IT61534438,,,2019-12-02
0000000007,ZCRO,WuXi Biologics Contract Development,Sterile Fill-Finish Unit,WUXIBIOLO,179 Life Sciences Way,Visakhapatnam,530017,IN,EN,+86-616-7541735,regulatory@wuxi.biologics.contract.d.com,36AAACD6314A1Z2,,,2022-05-24
0000000008,ZPKG,SGD Pharma Type I Molded Vials,,SGDPHARMA,129 Bio-Campus Drive,Hyderabad,500090,IN,EN,+72-289-8831131,regulatory@sgd.pharma.type.i.molded..com,36AAACD5952U1Z3,,,2017-07-01
0000000009,ZCRO,Medpace Clinical Pharmacology Unit,,MEDPACECL,89 Life Sciences Way,Hyderabad,500078,IN,EN,+4-611-2698653,regulatory@medpace.clinical.pharmaco.com,36AAACD8279O1Z3,,,2018-02-08
0000000010,ZCLD,DHL LifeConEx Validated Temperature,,DHLLIFECO,7 Genome Valley Phase 2,Darmstadt,64293,DE,DE,+64-492-1105515,regulatory@dhl.lifeconex.validated.t.com,DE193928272,,,2020-02-12
0000000011,ZEXC,FMC BioPolymer Microcrystalline Cel,,FMCBIOPOL,106 Innovation Parkway,Basel,4058,CH,DE,+97-537-9381797,regulatory@fmc.biopolymer.microcryst.com,CHE-137.653.360,,,2018-09-24
0000000012,ZPKG,Schott Pharma Borosilicate Glass Vi,Clinical Trial Packaging Hub,SCHOTTPHA,310 Jeedimetla Industrial Estate,Leverkusen,51373,DE,DE,+80-908-4928756,regulatory@schott.pharma.borosilicat.com,DE604409917,,,2016-12-05
0000000013,ZCLD,Cryoport Systems Liquid Nitrogen Co,,CRYOPORTS,214 Genome Valley Phase 2,Hyderabad,500078,IN,EN,+83-484-7596549,regulatory@cryoport.systems.liquid.n.com,36AAACD9292U1Z9,,,2022-04-30
0000000014,ZMRO,Syntegon Pharma Technology Packagin,Quality Control Testing Lab,SYNTEGONP,79 Novartis Campus Basel,Oxford,OX4 4GA,GB,EN,+69-852-8534826,regulatory@syntegon.pharma.technolog.com,GB691898399,,,2021-07-24
0000000015,ZCRO,Wuxi AppTec Laboratory Testing Divi,,WUXIAPPTE,129 Novartis Campus Basel,Basel,4058,CH,DE,+71-960-3014664,regulatory@wuxi.apptec.laboratory.te.com,CHE-407.777.603,,,2022-11-19
0000000016,ZPKG,Constantia Flexibles Coldform Foils,,CONSTANTIA,311 Innovation Parkway,Ingelheim,55218,DE,DE,+7-705-4369160,regulatory@constantia.flexibles.cold.com,DE259421824,,,2021-04-23
0000000017,ZCRO,IQVIA Clinical Research Solutions,Biologics Development Div,IQVIACLIN,320 Science Park Road,Hyderabad,500072,IN,EN,+82-298-4324925,regulatory@iqvia.clinical.research.s.com,36AAACD7099V1Z5,,,2019-05-20
0000000018,ZEXC,Gattefosse Lipid Excipients Europe,,GATTEFOSSE,11 Genome Valley Phase 2,Ahmedabad,382213,IN,EN,+18-244-7645697,regulatory@gattefosse.lipid.excipien.com,36AAACD5732K1Z4,,,2016-02-28
0000000019,ZAPI,Divi's Laboratories Custom Synthesi,,DIVISLAB,164 HITEC City Bio Park,Mumbai,400072,IN,EN,+47-794-3110823,regulatory@divis.laboratories.custom.com,36AAACD7331B1Z8,,,2019-03-09
0000000020,ZPKG,Datwyler Pharma Packaging Rubber Pl,Cold-Chain Depôt,DATWYLERP,89 Pharma City Industrial Zone,Geneva,1202,CH,DE,+85-821-6815088,regulatory@datwyler.pharma.packaging.com,CHE-779.318.522,,,2021-01-23
0000000021,ZPKG,Gerresheimer Primary Packaging Glas,,GERRESHEIM,322 Silicon Docks,Hyderabad,500078,IN,EN,+3-452-6649373,regulatory@gerresheimer.primary.pack.com,36AAACD4534G1Z9,,,2018-06-01
0000000022,ZAPI,Dishman Carbogen Amcis APIs,,DISHMANCA,121 Route de Crassier,Schaffhausen,8200,CH,DE,+22-913-8501949,regulatory@dishman.carbogen.amcis.ap.com,CHE-474.737.395,,,2022-08-25
0000000023,ZCRO,SGS Health Science Bioanalytical Te,,SGSHEALTH,303 Biotechpark Freiburg,Lausanne,1015,CH,DE,+12-477-4717920,regulatory@sgs.health.science.bioana.com,CHE-298.179.866,,,2024-01-12
0000000024,ZEXC,Thermo Fisher Scientific Fisher Che,,THERMOFIS,23 Novartis Campus Basel,London,WC1E 6BT,GB,EN,+63-347-1075303,regulatory@thermo.fisher.scientific..com,GB377996111,,,2016-09-29
0000000025,ZAPI,Aarti Industries Specialty Intermed,,AARTIINDU,162 Discovery Boulevard,Basel,4058,CH,DE,+3-846-7125046,regulatory@aarti.industries.specialt.com,CHE-394.308.368,X,,2023-12-31
0000000026,ZPKG,Gerresheimer Primary Packaging Glas,,GERRESHEIM,280 Innovation Parkway,Bengaluru,560100,IN,EN,+20-300-7068340,regulatory@gerresheimer.primary.pack.com,36AAACD4264Q1Z6,X,,2023-03-08
0000000027,ZMRO,Steris Life Sciences GMP Decontamin,Sterile Fill-Finish Unit,STERISLIF,8 Pashamylaram Industrial Area,Hyderabad,500090,IN,EN,+78-734-5288806,regulatory@steris.life.sciences.gmp..com,36AAACD8118P1Z9,X,,2023-06-10
0000000028,ZCRO,Eurofins BioPharma Testing Laborato,API Custom Synthesis Wing,EUROFINSB,137 HITEC City Bio Park,Ahmedabad,382213,IN,EN,+8-553-2024843,regulatory@eurofins.biopharma.testin.com,36AAACD4431L1Z8,X,,2021-10-16
0000000029,ZCLD,World Courier Biopharma Cold-Chain,,WORLDCOUR,244 HITEC City Bio Park,Lausanne,1015,CH,DE,+99-381-3222089,regulatory@world.courier.biopharma.c.com,CHE-997.231.497,X,,2021-11-24
0000000030,ZCRO,Catalent Pharma Solutions Softgel &,Cold-Chain Depôt,CATALENTP,308 IDA Bollaram Road,Frankfurt,65926,DE,DE,+45-280-3763272,regulatory@catalent.pharma.solutions.com,DE170177993,X,,2018-08-09
0000000031,ZMRO,Endress+Hauser Sanitary Flowmeters,,ENDRESS+HA,33 Life Sciences Way,Bridgewater,08807,US,EN,+10-659-5274432,regulatory@endress+hauser.sanitary.f.com,13-2308885,X,,2023-04-07
0000000032,ZCRO,SGS Health Science Bioanalytical Te,Quality Control Testing Lab,SGSHEALTH,216 Silicon Docks,Oxford,OX4 4GA,GB,EN,+54-994-6084188,regulatory@sgs.health.science.bioana.com,GB171000195,X,,2016-01-25
0000000033,ZAPI,Divi's Laboratories Custom Synthesi,Quality Control Testing Lab,DIVISLAB,123 Discovery Boulevard,Lausanne,1015,CH,DE,+43-519-3831285,regulatory@divis.laboratories.custom.com,CHE-250.105.622,X,,2016-07-31
0000000034,ZPKG,Nemera Injectable Drug Delivery Dev,,NEMERAINJ,324 Novartis Campus Basel,Schaffhausen,8200,CH,DE,+48-846-1397353,regulatory@nemera.injectable.drug.de.com,CHE-460.417.261,X,,2017-07-03
0000000035,ZPKG,Datwyler Pharma Packaging Rubber Pl,,DATWYLERP,297 Life Sciences Way,Zurich,8005,CH,DE,+52-294-2701310,regulatory@datwyler.pharma.packaging.com,CHE-829.706.715,X,,2018-12-20
0000000036,ZEXC,DFE Pharma Inhalation Lactose,,DFEPHARMA,228 Grand Canal Square,Frankfurt,65926,DE,DE,+57-660-5956415,regulatory@dfe.pharma.inhalation.lac.com,DE140238507,X,,2018-10-08
0000000037,ZAPI,Hovione Pharmascience API Lisbon,,HOVIONEPH,15 Genome Valley Phase 2,Basel,4058,CH,DE,+40-585-6024833,regulatory@hovione.pharmascience.api.com,CHE-498.739.250,X,,2019-06-23
0000000038,ZMRO,Ecolab Life Sciences Cleanroom Disi,,ECOLABLIF,60 Silicon Docks,Schaffhausen,8200,CH,DE,+35-275-7084234,regulatory@ecolab.life.sciences.clea.com,CHE-532.220.243,X,,2020-04-22
0000000039,ZMRO,Pall Medical Biopharmaceutical Filt,,PALLMEDIC,180 Jeedimetla Industrial Estate,Schaffhausen,8200,CH,DE,+94-526-1265927,regulatory@pall.medical.biopharmaceu.com,CHE-845.959.781,X,,2019-11-08
0000000040,ZEXC,Meggle Pharma Excipients & Binders,,MEGGLEPHA,59 Science Park Road,Schaffhausen,8200,CH,DE,+30-150-1987380,regulatory@meggle.pharma.excipients..com,CHE-398.704.596,X,,2023-04-03
0000000041,ZEXC,Honeywell Research Chemicals & Solv,,HONEYWELL,291 Novartis Campus Basel,Mumbai,400072,IN,EN,+21-678-6083533,regulatory@honeywell.research.chemic.com,36AAACD7636D1Z3,X,,2018-07-29
0000000042,ZMRO,Merck Millipore BioMonitoring Testi,,MERCKMILL,315 Science Park Road,Cork,T12 A26F,IE,EN,+55-598-7577400,regulatory@merck.millipore.biomonito.com,IE3245343Q,X,,2018-06-12
0000000043,ZAPI,Hovione Pharmascience API Lisbon,,HOVIONEPH,342 Grand Canal Square,Ahmedabad,382213,IN,EN,+50-406-2548033,regulatory@hovione.pharmascience.api.com,36AAACD1356Q1Z7,X,,2020-06-18
0000000044,ZAPI,Bachem Peptide Synthesis Group,,BACHEMPEP,277 Bio-Campus Drive,Philadelphia,19104,US,EN,+3-602-9650147,regulatory@bachem.peptide.synthesis..com,87-3637413,X,,2022-05-27
0000000045,ZMRO,Sartorius Stedim Biotech Sterile Fi,Clinical Trial Packaging Hub,SARTORIUS,59 Kendall Square,Paris,75015,FR,FR,+32-993-8748248,regulatory@sartorius.stedim.biotech..com,FR15708772,X,,2019-05-10
0000000046,ZCLD,QuickSTAT Global Life Science Logis,Sterile Fill-Finish Unit,QUICKSTAT,166 Novartis Campus Basel,Durham,27709,US,EN,+27-473-3817958,regulatory@quickstat.global.life.sci.com,43-4420800,X,,2020-11-07
0000000047,ZCRO,Icon Clinical Research Global,,ICONCLINI,313 Jeedimetla Industrial Estate,Hyderabad,500032,IN,EN,+99-335-7401504,regulatory@icon.clinical.research.gl.com,36AAACD2171N1Z6,X,,2017-02-01
0000000048,ZAPI,Biocon Biologics Recombinant Insuli,,BIOCONBIO,159 Jeedimetla Industrial Estate,Geneva,1202,CH,DE,+86-925-5819613,regulatory@biocon.biologics.recombin.com,CHE-897.311.262,X,,2022-10-28
0000000049,ZCLD,Kuehne + Nagel PharmaChain Cold Sto,,KUEHNE+N,19 Route de Crassier,Hyderabad,500081,IN,EN,+54-116-6195394,regulatory@kuehne.+.nagel.pharmachai.com,36AAACD1265G1Z9,X,,2020-08-03
0000000050,ZAPI,Dishman Carbogen Amcis APIs,,DISHMANCA,217 Grand Canal Square,San Diego,92121,US,EN,+7-883-7320639,regulatory@dishman.carbogen.amcis.ap.com,80-1910845,X,,2022-01-19
0000000051,ZPKG,Constantia Flexibles Coldform Foils,Biologics Development Div,CONSTANTIA,305 Technology Square,Princeton,08540,US,EN,+99-890-6052688,regulatory@constantia.flexibles.cold.com,89-6080534,X,,2023-06-07
0000000052,ZEXC,Honeywell Research Chemicals & Solv,Biologics Development Div,HONEYWELL,264 Grand Canal Square,Zurich,8005,CH,DE,+14-727-1156975,regulatory@honeywell.research.chemic.com,CHE-179.741.786,X,,2022-08-15
0000000053,ZMRO,Ecolab Life Sciences Cleanroom Disi,,ECOLABLIF,143 Novartis Campus Basel,Hyderabad,500072,IN,EN,+29-892-4832443,regulatory@ecolab.life.sciences.clea.com,36AAACD2229X1Z2,X,,2023-02-22
0000000054,ZEXC,Thermo Fisher Scientific Fisher Che,,THERMOFIS,97 Grand Canal Square,Darmstadt,64293,DE,DE,+24-131-6900448,regulatory@thermo.fisher.scientific..com,DE974730380,X,,2017-04-07
0000000055,ZEXC,Gattefosse Lipid Excipients Europe,Biologics Development Div,GATTEFOSSE,303 Novartis Campus Basel,Mumbai,400072,IN,EN,+71-205-9467983,regulatory@gattefosse.lipid.excipien.com,36AAACD1771C1Z6,,,2020-06-22
0000000056,ZCRO,SGS Health Science Bioanalytical Te,,SGSHEALTH,127 Kendall Square,Schaffhausen,8200,CH,DE,+64-430-7070773,regulatory@sgs.health.science.bioana.com,CHE-633.367.161,,,2016-09-15
0000000057,ZAPI,Divi's Laboratories Custom Synthesi,,DIVISLAB,185 Innovation Parkway,Visakhapatnam,530017,IN,EN,+63-500-1923878,regulatory@divis.laboratories.custom.com,36AAACD6051T1Z1,,,2021-04-25
0000000058,ZAPI,Bachem Peptide Synthesis Group,,BACHEMPEP,346 Genome Valley Phase 1,London,WC1E 6BT,GB,EN,+55-364-5758234,regulatory@bachem.peptide.synthesis..com,GB208351690,,,2021-04-21
0000000059,ZMRO,Syntegon Pharma Technology Packagin,,SYNTEGONP,216 Technology Square,Hyderabad,500081,IN,EN,+93-928-6806311,regulatory@syntegon.pharma.technolog.com,36AAACD8062S1Z8,,,2020-08-29
0000000060,ZCRO,WuXi Biologics Contract Development,API Custom Synthesis Wing,WUXIBIOLO,65 Route de Crassier,Schaffhausen,8200,CH,DE,+94-621-6420664,regulatory@wuxi.biologics.contract.d.com,CHE-927.283.695,,X,2017-04-15
0000000061,ZEXC,Roquette Pharma Excipients & Polyol,,ROQUETTEP,332 Bio-Campus Drive,Ingelheim,55218,DE,DE,+97-683-5618169,regulatory@roquette.pharma.excipient.com,DE706722026,,X,2016-09-29
0000000062,ZMRO,Sartorius Stedim Biotech Sterile Fi,,SARTORIUS,157 Pharma City Industrial Zone,Hyderabad,500078,IN,EN,+78-151-1023834,regulatory@sartorius.stedim.biotech..com,36AAACD9595J1Z9,,X,2023-09-04
0000000063,ZAPI,Biocon Biologics Recombinant Insuli,,BIOCONBIO,286 HITEC City Bio Park,Schaffhausen,8200,CH,DE,+54-578-8408810,regulatory@biocon.biologics.recombin.com,CHE-395.181.685,,X,2022-01-07
0000000064,ZAPI,Divi's Laboratories Custom Synthesi,,DIVISLAB,343 Industriepark Höchst,Geneva,1202,CH,DE,+6-912-6398321,regulatory@divis.laboratories.custom.com,CHE-463.433.664,,X,2017-12-24
0000000065,ZCRO,Medpace Clinical Pharmacology Unit,,MEDPACECL,70 Route de Crassier,Bengaluru,560100,IN,EN,+79-385-8595256,regulatory@medpace.clinical.pharmaco.com,36AAACD4244W1Z1,,X,2020-10-28
0000000066,ZPKG,Schott Pharma Borosilicate Glass Vi,,SCHOTTPHA,147 Bio-Campus Drive,Geneva,1202,CH,DE,+42-842-1559779,regulatory@schott.pharma.borosilicat.com,CHE-468.233.855,,X,2024-01-06
0000000067,ZPKG,Bilcare Research Pharma Blister Fil,,BILCARERE,60 Industriepark Höchst,Visakhapatnam,530017,IN,EN,+87-490-7412228,regulatory@bilcare.research.pharma.b.com,36AAACD3022H1Z1,,X,2020-09-28
0000000068,ZCRO,WuXi Biologics Contract Development,,WUXIBIOLO,102 Discovery Boulevard,Visakhapatnam,530017,IN,EN,+67-515-6816812,regulatory@wuxi.biologics.contract.d.com,36AAACD8112R1Z5,,X,2021-07-19
0000000069,ZEXC,DFE Pharma Inhalation Lactose,,DFEPHARMA,313 Route de Crassier,Hyderabad,500078,IN,EN,+74-700-3878881,regulatory@dfe.pharma.inhalation.lac.com,36AAACD6867M1Z2,,X,2021-06-27
0000000070,ZAPI,Aarti Industries Specialty Intermed,Sterile Fill-Finish Unit,AARTIINDU,142 Biotechpark Freiburg,Schaffhausen,8200,CH,DE,+54-573-3218560,regulatory@aarti.industries.specialt.com,CHE-660.386.106,,X,2018-07-02
0000000071,ZPKG,Nipro PharmaPackaging Syringes,API Custom Synthesis Wing,NIPROPHAR,182 Pashamylaram Industrial Area,Basel,4058,CH,DE,+71-876-9867733,regulatory@nipro.pharmapackaging.syr.com,CHE-584.773.499,,X,2017-06-05
0000000072,ZMRO,Syntegon Pharma Technology Packagin,API Custom Synthesis Wing,SYNTEGONP,308 Industriepark Höchst,Darmstadt,64293,DE,DE,+9-986-1386456,regulatory@syntegon.pharma.technolog.com,DE620791733,,X,2020-03-13
0000000073,ZPKG,Nemera Injectable Drug Delivery Dev,,NEMERAINJ,273 Novartis Campus Basel,Basel,4058,CH,DE,+24-469-7096273,regulatory@nemera.injectable.drug.de.com,CHE-926.206.697,,X,2016-02-10
0000000074,ZEXC,Gattefosse Lipid Excipients Europe,,GATTEFOSSE,105 Life Sciences Way,Oxford,OX4 4GA,GB,EN,+76-951-7878151,regulatory@gattefosse.lipid.excipien.com,GB177443926,,X,2019-01-23
0000000075,ZCLD,QuickSTAT Global Life Science Logis,,QUICKSTAT,91 Life Sciences Way,Zurich,8005,CH,DE,+91-778-8652238,regulatory@quickstat.global.life.sci.com,CHE-349.499.306,,X,2022-05-18
0000000076,ZPKG,Constantia Flexibles Coldform Foils,Clinical Trial Packaging Hub,CONSTANTIA,3 Jeedimetla Industrial Estate,Basel,4058,CH,DE,+45-947-9812948,regulatory@constantia.flexibles.cold.com,CHE-974.198.529,,X,2019-03-03
0000000077,ZCRO,Covance Central Laboratory Services,,COVANCECE,78 Life Sciences Way,San Diego,92121,US,EN,+13-551-1064832,regulatory@covance.central.laborator.com,21-9545838,,X,2018-09-18
0000000078,ZCRO,Parexel International Clinical Serv,,PAREXELIN,83 Technology Square,Bengaluru,560100,IN,EN,+55-430-4153257,regulatory@parexel.international.cli.com,36AAACD5141G1Z3,,X,2022-11-24
0000000079,ZMRO,Ecolab Life Sciences Cleanroom Disi,,ECOLABLIF,180 Jeedimetla Industrial Estate,Darmstadt,64293,DE,DE,+64-409-2855698,regulatory@ecolab.life.sciences.clea.com,DE876548321,,X,2018-12-10
0000000080,ZEXC,Avantor Performance Materials J.T.B,,AVANTORPE,187 IDA Bollaram Road,Mumbai,400072,IN,EN,+22-908-2987328,regulatory@avantor.performance.mater.com,36AAACD5485M1Z1,,X,2018-08-14
0000000081,ZAPI,Hovione Pharmascience API Lisbon 81,,HOVIONEPH,161 Discovery Boulevard,Mumbai,400072,IN,EN,+79-403-3659281,regulatory@hovione.pharmascience.api.com,36AAACD5949Q1Z3,,X,2022-07-26
0000000082,ZPKG,Schott Pharma Borosilicate Glass Vi,API Custom Synthesis Wing,SCHOTTPHA,35 Silicon Docks,Hyderabad,500072,IN,EN,+23-146-5838417,regulatory@schott.pharma.borosilicat.com,36AAACD6221F1Z6,,X,2016-05-24
0000000083,ZPKG,Constantia Flexibles Coldform Foils,,CONSTANTIA,258 Silicon Docks,Bengaluru,560100,IN,EN,+81-967-1302068,regulatory@constantia.flexibles.cold.com,36AAACD8524R1Z5,,X,2019-04-11
0000000084,ZPKG,West Pharmaceutical Services Stoppe,Cold-Chain Depôt,WESTPHARM,235 Life Sciences Way,Boston,02210,US,EN,+16-709-1249754,regulatory@west.pharmaceutical.servi.com,62-8749112,,X,2019-07-26
0000000085,ZCRO,PPD Clinical Research Services 85,,PPDCLINIC,139 Discovery Boulevard,Zurich,8005,CH,DE,+75-127-4017988,regulatory@ppd.clinical.research.ser.com,CHE-112.501.658,,X,2017-05-28
0000000086,ZMRO,Sartorius Stedim Biotech Sterile Fi,API Custom Synthesis Wing,SARTORIUS,206 Science Park Road,Basel,4058,CH,DE,+10-281-9781231,regulatory@sartorius.stedim.biotech..com,CHE-743.719.612,,X,2020-01-01
0000000087,ZMRO,Merck Millipore BioMonitoring Testi,Clinical Trial Packaging Hub,MERCKMILL,312 Jeedimetla Industrial Estate,Hyderabad,500081,IN,EN,+89-461-2773984,regulatory@merck.millipore.biomonito.com,36AAACD7737O1Z3,,X,2021-07-25
0000000088,ZAPI,Bachem Peptide Synthesis Group 88,,BACHEMPEP,190 Innovation Parkway,Cambridge,02139,US,EN,+38-432-7759896,regulatory@bachem.peptide.synthesis..com,32-3677414,,X,2023-12-17
0000000089,ZPKG,Bormioli Pharma Amber Glass Bottles,Cold-Chain Depôt,BORMIOLIP,102 Biotechpark Freiburg,Geneva,1202,CH,DE,+8-114-7959715,regulatory@bormioli.pharma.amber.gla.com,CHE-107.635.259,,X,2017-03-05
0000000090,ZAPI,Polpharma API & Advanced Intermedia,,POLPHARMA,272 Discovery Boulevard,Hyderabad,500078,IN,EN,+10-593-8242965,regulatory@polpharma.api.and.advance.com,36AAACD1563E1Z1,,,2022-10-20
0000000091,ZPKG,Schott Pharma Borosilicate Glass Vi,Quality Control Testing Lab,SCHOTTPHA,16 Genome Valley Phase 1,Hyderabad,500081,IN,EN,+66-315-9941439,regulatory@schott.pharma.borosilicat.com,36AAACD1367O1Z2,,,2023-07-20
0000000092,ZEXC,Honeywell Research Chemicals & Solv,Cold-Chain Depôt,HONEYWELL,300 Technology Square,Basel,4058,CH,DE,+6-570-7561668,regulatory@honeywell.research.chemic.com,CHE-704.881.918,,,2019-12-15
0000000093,ZAPI,Lonza Biologics Custom Synthesis AG,,LONZABIOL,136 Pashamylaram Industrial Area,Galway,H91 W2TV,IE,EN,+17-677-1145666,regulatory@lonza.biologics.custom.sy.com,IE4128415L,,,2020-12-29
0000000094,ZCRO,Vetter Pharma Sterile Fill & Finish,,VETTERPHA,42 Genome Valley Phase 1,Visakhapatnam,530017,IN,EN,+9-501-2328281,regulatory@vetter.pharma.sterile.fil.com,36AAACD2230H1Z4,,,2021-05-27
0000000095,ZCLD,Marken Clinical Cold Chain Logistic,,MARKENCLI,326 Jeedimetla Industrial Estate,San Diego,92121,US,EN,+46-881-2166768,regulatory@marken.clinical.cold.chai.com,66-2203238,,,2023-03-03
0000000096,ZCRO,SGS Health Science Bioanalytical Te,,SGSHEALTH,267 Kendall Square,Ahmedabad,382213,IN,EN,+86-133-8278195,regulatory@sgs.health.science.bioana.com,36AAACD7733Y1Z2,,,2016-01-09
0000000097,ZAPI,Aarti Industries Specialty Intermed,,AARTIINDU,103 Life Sciences Way,Hyderabad,500072,IN,EN,+62-529-1056034,regulatory@aarti.industries.specialt.com,36AAACD1442S1Z4,,,2019-09-04
0000000098,ZEXC,Shin-Etsu Chemical Cellulose Excipi,,SHINETSU,340 Science Park Road,Geneva,1202,CH,DE,+48-546-8402922,regulatory@shin-etsu.chemical.cellul.com,CHE-231.441.374,,,2022-05-25
0000000099,ZCRO,Medpace Clinical Pharmacology Unit ,,MEDPACECL,270 Innovation Parkway,Schaffhausen,8200,CH,DE,+29-620-6583947,regulatory@medpace.clinical.pharmaco.com,CHE-658.705.143,,,2021-12-29
0000000100,ZPKG,Schott Pharma Borosilicate Glass Vi,,SCHOTTPHA,24 Pashamylaram Industrial Area,Hyderabad,500081,IN,EN,+19-568-6618165,regulatory@schott.pharma.borosilicat.com,36AAACD6864A1Z4,,,2022-11-10
0000000101,ZAPI,Divi's Laboratories Custom Synthesi,Quality Control Testing Lab,HIKALFINE,336 Kendall Square,Lausanne,1015,CH,DE,+89-190-6332922,regulatory@hikal.fine.chemicals.and..com,36AAACD1234F1Z8,,,2017-10-25
0000000102,ZCRO,Divis Labs API Unit - Pashamylaram,Clinical Trial Packaging Hub,CATALENTP,112 Technology Square,Lausanne,1015,CH,EN,+59-265-3065552,regulatory@catalent.pharma.solutions.com,36AAACD1234F1Z8,,,2018-10-28
0000000103,ZEXC,Lonza Biologics Custom Synthesis AG,,SHINETSU,257 Kendall Square,Zurich,8005,CH,DE,+46-788-2959874,regulatory@shin-etsu.chemical.cellul.com,CHE-105.824.918,,,2022-10-04
0000000104,ZPKG,Lonza AG Custom Manufacturing,,APTARPHAR,195 Innovation Parkway,Zurich,8005,CH,EN,+11-816-3624513,regulatory@aptar.pharma.metered.dose.com,CHE-105.824.918,,,2021-12-20
0000000105,ZCRO,Schott Pharma Borosilicate Vials,API Custom Synthesis Wing,IQVIACLIN,139 Novartis Campus Basel,Boston,02210,US,EN,+36-113-4096968,regulatory@iqvia.clinical.research.s.com,DE812948194,,,2016-12-19
0000000106,ZPKG,Schott Glass Packaging AG,,DATWYLERP,208 Life Sciences Way,Boston,02210,US,EN,+33-817-5281461,regulatory@datwyler.pharma.packaging.com,DE812948194,,,2021-12-22
0000000107,ZCRO,West Pharmaceutical Services,Cold-Chain Depôt,CATALENTP,82 Life Sciences Way,Bengaluru,560100,IN,EN,+68-929-1445474,regulatory@catalent.pharma.solutions.com,US22-1928471,,,2016-01-23
0000000108,ZPKG,West Pharma Packaging Solutions,,BORMIOLIP,280 Grand Canal Square,Bengaluru,560100,IN,DE,+91-734-5843451,regulatory@bormioli.pharma.amber.gla.com,US22-1928471,,,2022-03-25
0000000109,ZEXC,Hetero Drugs Bulk API Manufacturing,,FMCBIOPOL,268 Bio-Campus Drive,Bengaluru,560100,IN,EN,+73-527-7329079,regulatory@fmc.biopolymer.microcryst.com,36AAACH9876M1Z2,,,2018-08-14
0000000110,ZCLD,Hetero Labs Formulations Unit,,CRYOPORTS,55 Pashamylaram Industrial Area,Bengaluru,560100,IN,DE,+21-133-1638438,regulatory@cryoport.systems.liquid.n.com,36AAACH9876M1Z2,,,2021-05-19
0000000111,ZPKG,Merck KGaA MilliporeSigma Life Scie,,BORMIOLIP,96 Technology Square,Strasbourg,67000,FR,FR,+41-481-4547498,regulatory@bormioli.pharma.amber.gla.com,DE918274619,,,2019-11-26
0000000112,ZEXC,Millipore Sigma Pharma Chemicals,API Custom Synthesis Wing,FMCBIOPOL,138 Pharma City Industrial Zone,Strasbourg,67000,FR,EN,+82-686-5103288,regulatory@fmc.biopolymer.microcryst.com,DE918274619,,,2017-12-05
0000000113,ZAPI,Catalent Pharma Solutions,Sterile Fill-Finish Unit,HIKALFINE,191 Technology Square,Galway,H91 W2TV,IE,EN,+21-735-5957004,regulatory@hikal.fine.chemicals.and..com,US41-9872134,,,2020-12-04
0000000114,ZMRO,Catalent Softgel Services,,MERCKMILL,75 Biotechpark Freiburg,Galway,H91 W2TV,IE,EN,+97-187-3394256,regulatory@merck.millipore.biomonito.com,US41-9872134,,,2021-04-26
0000000115,ZCLD,Sartorius Stedim Biotech,Sterile Fill-Finish Unit,MARKENCLI,265 Kendall Square,Geneva,1202,CH,DE,+46-461-5574070,regulatory@marken.clinical.cold.chai.com,DE560027313,,,2020-01-12
0000000116,ZCLD,Sartorius Sterile Filters GmbH,,DHLLIFECO,128 Discovery Boulevard,Geneva,1202,CH,DE,+56-891-8956474,regulatory@dhl.lifeconex.validated.t.com,DE560027313,,,2020-07-05
0000000117,ZEXC,FMC BioPolymer Microcrystalline Cel,,FMCBIOPOL,134 HITEC City Bio Park,Zurich,8005,CH,DE,+16-129-3730513,regulatory@fmc.biopolymer.microcryst.com,CHE-774.233.955,,,2022-09-18
0000000118,ZCRO,WuXi Biologics Contract Development,,WUXIBIOLO,159 Grand Canal Square,Frankfurt,65926,DE,DE,+96-983-9879785,regulatory@wuxi.biologics.contract.d.com,DE530892738,,,2016-03-04
0000000119,ZCRO,PPD Clinical Research Services 119,,PPDCLINIC,242 Science Park Road,Visakhapatnam,530017,IN,EN,+30-359-6346834,regulatory@ppd.clinical.research.ser.com,36AAACD9730U1Z1,,,2022-02-26
0000000120,ZPKG,Stevanato Group Ompi Sterile Vials,API Custom Synthesis Wing,SGDPHARMA,83 Route de Crassier,Milan,20121,IT,DE,+45-530-7180478,regulatory@sgd.pharma.type.i.molded..com,CHE-235.738.350,,,2019-04-19
0000000121,ZAPI,Stevanato Group Ompi Vials,Sterile Fill-Finish Unit,SIEGFRIED,96 IDA Bollaram Road,Milan,20121,IT,DE,+61-268-6023346,regulatory@siegfried.active.pharmace.com,CHE-335.769.837,,,2018-03-06
0000000122,ZCRO,Vetter Pharma Sterile Fill & Finish,,PPDCLINIC,180 Genome Valley Phase 1,Mannheim,68305,DE,EN,+53-129-6290816,regulatory@ppd.clinical.research.ser.com,36AAACD4520R1Z1,,,2023-02-11
0000000123,ZCRO,Vetter Pharma Fertigung GmbH,,MEDPACECL,134 Science Park Road,Mannheim,68305,DE,EN,+84-184-2628475,regulatory@medpace.clinical.pharmaco.com,36AAACD1339V1Z3,,,2019-01-25
0000000124,ZEXC,World Courier Biopharma Cold-Chain,,ASHLANDSP,88 Route de Crassier,Durham,27709,US,EN,+23-941-1004981,regulatory@ashland.specialty.pharma..com,68-9946760,,,2022-02-01
0000000125,ZAPI,World Courier Life Science Logistic,,POLPHARMA,51 Grand Canal Square,Durham,27709,US,DE,+48-530-1615620,regulatory@polpharma.api.and.advance.com,CHE-998.666.838,,,2023-05-02
0000000126,ZPKG,Granules India Active Pharmaceutica,,BORMIOLIP,187 Genome Valley Phase 1,Hyderabad,500090,IN,EN,+51-366-1486132,regulatory@bormioli.pharma.amber.gla.com,36AAACD4185T1Z2,,,2018-08-11
0000000127,ZMRO,Granules India API Division,,STERISLIF,14 Genome Valley Phase 2,Hyderabad,500090,IN,FR,+98-219-8566710,regulatory@steris.life.sciences.gmp..com,FR91084169,,,2020-12-07
0000000128,ZCRO,Bachem Peptide Synthesis Group,,COVANCECE,50 Genome Valley Phase 1,Schaffhausen,8200,CH,DE,+17-956-7266450,regulatory@covance.central.laborator.com,CHE-465.975.987,,,2023-10-09
0000000129,ZEXC,Bachem AG Peptide Synthesis,Sterile Fill-Finish Unit,FMCBIOPOL,339 HITEC City Bio Park,Schaffhausen,8200,CH,EN,+25-443-5572814,regulatory@fmc.biopolymer.microcryst.com,IE6349707K,,,2020-03-16
0000000130,ZEXC,Gerresheimer Primary Packaging Glas,,FMCBIOPOL,99 Route de Crassier,Frankfurt,65926,DE,EN,+31-306-6136497,regulatory@fmc.biopolymer.microcryst.com,36AAACD1894B1Z7,,,2019-11-06
0000000131,ZMRO,Gerresheimer Boleslawiec Glass,Clinical Trial Packaging Hub,BWTPHARMA,196 Discovery Boulevard,Frankfurt,65926,DE,EN,+25-738-7473585,regulatory@bwt.pharma.pure.water.and.com,45-8754700,,,2022-09-25
0000000132,ZCLD,IQVIA Clinical Research Solutions,,DHLLIFECO,193 Industriepark Höchst,Durham,27709,US,DE,+8-791-2791613,regulatory@dhl.lifeconex.validated.t.com,CHE-938.812.735,,,2023-03-11
0000000133,ZPKG,IQVIA Biotech Clinical Trials,,SGDPHARMA,81 Pharma City Industrial Zone,Durham,27709,US,EN,+12-941-6073644,regulatory@sgd.pharma.type.i.molded..com,IE8164748I,,,2018-01-27
0000000134,ZAPI,Aurobindo Pharma Bulk Chemicals,,NEULANDLA,182 Industriepark Höchst,Mumbai,400072,IN,EN,+57-591-7957723,regulatory@neuland.laboratories.cust.com,36AAACD8053S1Z3,,,2019-08-10
0000000135,ZCLD,Aurobindo Pharma Active Materials,,DHLLIFECO,211 HITEC City Bio Park,Mumbai,400072,IN,EN,+42-404-3177140,regulatory@dhl.lifeconex.validated.t.com,36AAACD8664C1Z4,,,2022-07-07
0000000136,ZPKG,Constantia Flexibles Coldform Foils,,CONSTANTIA,37 IDA Bollaram Road,Ingelheim,55218,DE,DE,+43-154-3570826,regulatory@constantia.flexibles.cold.com,DE535909873,,,2017-10-25
0000000137,ZEXC,Thermo Fisher Scientific Fisher Che,,THERMOFIS,108 Kendall Square,Paris,75015,FR,FR,+93-804-6508933,regulatory@thermo.fisher.scientific..com,FR21681586,,,2024-01-25
0000000138,ZCLD,Cryoport Systems Liquid Nitrogen Co,,CRYOPORTS,321 Industriepark Höchst,Schaffhausen,8200,CH,DE,+92-592-4829981,regulatory@cryoport.systems.liquid.n.com,CHE-700.876.940,,,2019-11-20
0000000139,ZPKG,Klöckner Pentaplast Pharma Blister ,,KLÖCKNERP,284 HITEC City Bio Park,Zurich,8005,CH,DE,+50-948-5020843,regulatory@klöckner.pentaplast.pharm.com,CHE-795.561.597,,,2023-03-31
0000000140,ZPKG,Aptar Pharma Metered Dose Inhalers ,,APTARPHAR,121 HITEC City Bio Park,Darmstadt,64293,DE,DE,+60-263-5857795,regulatory@aptar.pharma.metered.dose.com,DE716624521,,,2017-02-27
0000000141,ZAPI,Dishman Carbogen Amcis APIs 141,Cold-Chain Depôt,DISHMANCA,266 Life Sciences Way,Frankfurt,65926,DE,DE,+78-254-8028149,regulatory@dishman.carbogen.amcis.ap.com,DE345083788,,,2022-04-15
0000000142,ZEXC,Honeywell Research Chemicals & Solv,,HONEYWELL,285 Technology Square,Princeton,08540,US,EN,+91-566-3497316,regulatory@honeywell.research.chemic.com,36-3742901,,,2020-04-06
0000000143,ZEXC,FMC BioPolymer Microcrystalline Cel,,FMCBIOPOL,335 IDA Bollaram Road,Bengaluru,560100,IN,EN,+55-695-8959946,regulatory@fmc.biopolymer.microcryst.com,36AAACD4880S1Z3,,,2022-10-07
0000000144,ZEXC,Shin-Etsu Chemical Cellulose Excipi,,SHINETSU,171 Jeedimetla Industrial Estate,Hyderabad,500078,IN,EN,+44-503-6733812,regulatory@shin-etsu.chemical.cellul.com,36AAACD1791P1Z7,,,2017-08-25
0000000145,ZAPI,Hikal Fine Chemicals & Intermediate,,HIKALFINE,127 Pashamylaram Industrial Area,Hyderabad,500081,IN,EN,+12-647-8922328,regulatory@hikal.fine.chemicals.and..com,36AAACD9711Y1Z1,,,2023-07-05
0000000146,ZPKG,Klöckner Pentaplast Pharma Blister ,,KLÖCKNERP,141 Route de Crassier,Hyderabad,500081,IN,EN,+79-603-4331040,regulatory@klöckner.pentaplast.pharm.com,36AAACD8732W1Z4,,,2022-06-20
0000000147,ZCRO,Wuxi AppTec Laboratory Testing Divi,,WUXIAPPTE,174 Bio-Campus Drive,London,WC1E 6BT,GB,EN,+1-689-7827157,regulatory@wuxi.apptec.laboratory.te.com,GB153321895,,,2020-05-17
0000000148,ZCRO,Charles River Laboratories Preclini,,CHARLESRI,18 Discovery Boulevard,San Diego,92121,US,EN,+19-368-7984280,regulatory@charles.river.laboratorie.com,97-5225097,,,2021-04-10
0000000149,ZPKG,Stevanato Group Ompi Sterile Vials ,,STEVANATO,213 Technology Square,Philadelphia,19104,US,EN,+1-982-8821711,regulatory@stevanato.group.ompi.ster.com,72-6817318,,,2022-08-15
0000000150,ZCRO,Vetter Pharma Sterile Fill & Finish,,VETTERPHA,146 Jeedimetla Industrial Estate,Zurich,8005,CH,DE,+62-465-6693507,regulatory@vetter.pharma.sterile.fil.com,,,,2021-11-06
0000000151,ZEXC,FMC BioPolymer Microcrystalline Cel,,FMCBIOPOL,275 Jeedimetla Industrial Estate,Hyderabad,500072,IN,EN,+98-481-1999340,regulatory@fmc.biopolymer.microcryst.com,,,,2019-02-10
0000000152,ZAPI,Granules India Active Pharmaceutica,Sterile Fill-Finish Unit,GRANULESI,92 Kendall Square,Biberach,88400,DE,DE,+69-687-7393228,regulatory@granules.india.active.pha.com,,,,2016-12-28
0000000153,ZCLD,Kuehne + Nagel PharmaChain Cold Sto,Cold-Chain Depôt,KUEHNE+N,275 Silicon Docks,Hyderabad,500078,IN,EN,+85-861-3535853,regulatory@kuehne.+.nagel.pharmachai.com,,,,2021-02-28
0000000154,ZEXC,Avantor Performance Materials J.T.B,,AVANTORPE,297 Pharma City Industrial Zone,Geneva,1202,CH,DE,+26-842-9346365,regulatory@avantor.performance.mater.com,,,,2020-12-22
0000000155,ZPKG,SGD Pharma Type I Molded Vials 155,Clinical Trial Packaging Hub,SGDPHARMA,118 Industriepark Höchst,Galway,H91 W2TV,IE,EN,+99-853-4360135,regulatory@sgd.pharma.type.i.molded..com,,,,2018-10-12
0000000156,ZEXC,Thermo Fisher Scientific Fisher Che,,THERMOFIS,243 Pharma City Industrial Zone,Philadelphia,19104,US,EN,+92-688-7366754,regulatory@thermo.fisher.scientific..com,,,,2017-01-18
0000000157,ZEXC,Croda Pharma High Purity Lipids 157,Clinical Trial Packaging Hub,CRODAPHAR,215 HITEC City Bio Park,San Diego,92121,US,EN,+72-171-7994008,regulatory@croda.pharma.high.purity..com,,,,2016-09-05
0000000158,ZCRO,Covance Central Laboratory Services,,COVANCECE,266 Kendall Square,Hyderabad,500078,IN,EN,+60-740-8474027,regulatory@covance.central.laborator.com,,,,2023-01-16
0000000159,ZPKG,Nipro PharmaPackaging Syringes 159,,NIPROPHAR,193 Genome Valley Phase 1,Basel,4058,CH,DE,+96-264-1961721,regulatory@nipro.pharmapackaging.syr.com,,,,2021-05-06
0000000160,ZMRO,Pall Medical Biopharmaceutical Filt,,PALLMEDIC,154 IDA Bollaram Road,Visakhapatnam,530017,IN,EN,+32-229-3317787,regulatory@pall.medical.biopharmaceu.com,,,,2020-01-21
0000000161,ZPKG,Amcor Flexibles Healthcare Packagin,,AMCORFLEX,198 IDA Bollaram Road,Cambridge,02139,US,EN,+42-991-3968757,regulatory@amcor.flexibles.healthcar.com,,,,2023-05-23
0000000162,ZPKG,Nipro PharmaPackaging Syringes 162,,NIPROPHAR,115 Science Park Road,Philadelphia,19104,US,EN,+23-245-8525676,regulatory@nipro.pharmapackaging.syr.com,,,,2019-07-01
0000000163,ZAPI,Hovione Pharmascience API Lisbon 16,,HOVIONEPH,202 Innovation Parkway,Biberach,88400,DE,DE,+67-633-1573139,regulatory@hovione.pharmascience.api.com,,,,2017-10-06
0000000164,ZEXC,Shin-Etsu Chemical Cellulose Excipi,,SHINETSU,247 Pharma City Industrial Zone,Hyderabad,500032,IN,EN,+45-248-7619253,regulatory@shin-etsu.chemical.cellul.com,,,,2017-03-29
0000000165,ZCLD,Kuehne + Nagel PharmaChain Cold Sto,,KUEHNE+N,226 Life Sciences Way,Geneva,1202,CH,DE,+18-256-1219722,regulatory@kuehne.+.nagel.pharmachai.com,,,,2021-02-09
0000000166,ZAPI,Hikal Fine Chemicals & Intermediate,,HIKALFINE,323 Discovery Boulevard,Princeton,08540,US,EN,+58-983-1384829,regulatory@hikal.fine.chemicals.and..com,,,,2020-12-29
0000000167,ZCLD,QuickSTAT Global Life Science Logis,,QUICKSTAT,189 Discovery Boulevard,Schaffhausen,8200,CH,DE,+27-264-8375212,regulatory@quickstat.global.life.sci.com,,,,2019-09-12
0000000168,ZCRO,Wuxi AppTec Laboratory Testing Divi,,WUXIAPPTE,11 IDA Bollaram Road,Hyderabad,500078,IN,EN,+45-474-1447540,regulatory@wuxi.apptec.laboratory.te.com,,,,2016-07-11
0000000169,ZCRO,Covance Central Laboratory Services,Clinical Trial Packaging Hub,COVANCECE,202 Biotechpark Freiburg,Boston,02210,US,EN,+69-146-1386763,regulatory@covance.central.laborator.com,,,,2023-05-12
0000000170,ZCLD,Envirotainer Temperature Controlled,,ENVIROTAIN,213 Kendall Square,Hyderabad,500032,IN,EN,+47-986-7072388,regulatory@envirotainer.temperature..com,,,,2023-11-08
0000000171,ZMRO,Sartorius Stedim Biotech Sterile Fi,,SARTORIUS,238 Technology Square,Hyderabad,500090,IN,EN,+78-882-2743851,regulatory@sartorius.stedim.biotech..com,,,,2022-11-02
0000000172,ZAPI,Dishman Carbogen Amcis APIs 172,,DISHMANCA,343 Novartis Campus Basel,Boston,02210,US,EN,+89-416-1337359,regulatory@dishman.carbogen.amcis.ap.com,,,,2019-11-26
0000000173,ZCRO,WuXi Biologics Contract Development,,WUXIBIOLO,195 Innovation Parkway,Basel,4058,CH,DE,+81-102-7995661,regulatory@wuxi.biologics.contract.d.com,,,,2020-06-17
0000000174,ZMRO,Spirax Sarco Pure Steam Generators ,Cold-Chain Depôt,SPIRAXSAR,156 Industriepark Höchst,Basel,4058,CH,DE,+91-229-7146197,regulatory@spirax.sarco.pure.steam.g.com,,,,2016-02-22
0000000175,ZAPI,Granules India Active Pharmaceutica,,GRANULESI,243 IDA Bollaram Road,Darmstadt,64293,DE,DE,+93-364-5647422,regulatory@granules.india.active.pha.com,,,,2022-12-21
0000000176,ZAPI,Siegfried Active Pharmaceutical Ing,Sterile Fill-Finish Unit,SIEGFRIED,126 Route de Crassier,San Diego,92121,US,EN,+24-603-8085363,regulatory@siegfried.active.pharmace.com,,,,2020-10-01
0000000177,ZPKG,Klöckner Pentaplast Pharma Blister ,Quality Control Testing Lab,KLÖCKNERP,267 IDA Bollaram Road,Zurich,8005,CH,DE,+41-247-4778272,regulatory@klöckner.pentaplast.pharm.com,,,,2020-12-02
0000000178,ZCRO,WuXi Biologics Contract Development,,WUXIBIOLO,227 Pharma City Industrial Zone,Cambridge,02139,US,EN,+76-876-5464069,regulatory@wuxi.biologics.contract.d.com,,,,2018-11-06
0000000179,ZCLD,Marken Clinical Cold Chain Logistic,,MARKENCLI,90 Silicon Docks,Boston,02210,US,EN,+91-270-6410219,regulatory@marken.clinical.cold.chai.com,,,,2023-10-25
0000000180,ZPKG,Aptar Pharma Metered Dose Inhalers ,,APTARPHAR,93 Genome Valley Phase 1,Monza,20900,IT,IT,+75-116-6072651,regulatory@aptar.pharma.metered.dose.com,,,,2021-09-27
0000000181,ZEXC,BASF Pharma Solutions Excipients 18,,BASFPHARM,193 Grand Canal Square,Biberach,88400,DE,DE,+97-372-5582632,regulatory@basf.pharma.solutions.exc.com,,,,2018-08-16
0000000182,ZCRO,Wuxi AppTec Laboratory Testing Divi,,WUXIAPPTE,162 Silicon Docks,Cambridge,02139,US,EN,+89-732-8022492,regulatory@wuxi.apptec.laboratory.te.com,,,,2020-10-23
0000000183,ZMRO,Endress+Hauser Sanitary Flowmeters ,,ENDRESS+HA,280 Route de Crassier,Ahmedabad,382213,IN,EN,+9-542-1675573,regulatory@endress+hauser.sanitary.f.com,,,,2023-03-09
0000000184,ZAPI,Divi's Laboratories Custom Synthesi,Quality Control Testing Lab,DIVISLAB,5 Technology Square,Visakhapatnam,530017,IN,EN,+86-395-9146716,regulatory@divis.laboratories.custom.com,,,,2019-03-07
0000000185,ZAPI,Siegfried Active Pharmaceutical Ing,,SIEGFRIED,116 Discovery Boulevard,Mumbai,400072,IN,EN,+66-315-8785590,regulatory@siegfried.active.pharmace.com,,,,2023-06-21
0000000186,ZEXC,FMC BioPolymer Microcrystalline Cel,,FMCBIOPOL,164 Discovery Boulevard,Hyderabad,500072,IN,EN,+44-764-9390836,regulatory@fmc.biopolymer.microcryst.com,,,,2016-09-06
0000000187,ZEXC,BASF Pharma Solutions Excipients 18,,BASFPHARM,330 Bio-Campus Drive,Schaffhausen,8200,CH,DE,+99-522-5101707,regulatory@basf.pharma.solutions.exc.com,,,,2022-12-31
0000000188,ZPKG,Amcor Flexibles Healthcare Packagin,,AMCORFLEX,259 Science Park Road,Cambridge,02139,US,EN,+32-319-7042352,regulatory@amcor.flexibles.healthcar.com,,,,2022-12-05
0000000189,ZCLD,Marken Clinical Cold Chain Logistic,,MARKENCLI,190 Bio-Campus Drive,Basel,4058,CH,DE,+95-181-2680578,regulatory@marken.clinical.cold.chai.com,,,,2021-05-18
0000000190,ZPKG,Gerresheimer Primary Packaging Glas,,GERRESHEIM,157 Jeedimetla Industrial Estate,Waterford,X91 C7K9,IE,EN,+50-848-3133792,regulatory@gerresheimer.primary.pack.com,IE5491628Y,,,2018-10-04
0000000191,ZPKG,Schott Pharma Borosilicate Glass Vi,,SCHOTTPHA,155 Pharma City Industrial Zone,Mumbai,400072,IN,EN,+8-514-5451109,regulatory@schott.pharma.borosilicat.com,36AAACD1824Z1Z9,,,2022-08-05
0000000192,ZAPI,Granules India Active Pharmaceutica,,GRANULESI,236 Pharma City Industrial Zone,Lausanne,1015,CH,DE,+74-224-4308685,regulatory@granules.india.active.pha.com,CHE-461.905.713,,,2016-08-13
0000000193,ZMRO,BWT Pharma Pure Water & WFI Systems,API Custom Synthesis Wing,BWTPHARMA,219 Silicon Docks,San Diego,92121,US,EN,+6-722-5904124,regulatory@bwt.pharma.pure.water.and.com,63-8620466,,,2016-12-13
0000000194,ZMRO,BWT Pharma Pure Water & WFI Systems,Sterile Fill-Finish Unit,BWTPHARMA,66 Jeedimetla Industrial Estate,Cork,T12 A26F,IE,EN,+37-668-1003403,regulatory@bwt.pharma.pure.water.and.com,IE2270308Q,,,2020-11-21
0000000195,ZEXC,Colorcon Film Coating & Formulation,Sterile Fill-Finish Unit,COLORCONF,255 Genome Valley Phase 1,Basel,,CH,DE,+81-521-4666679,regulatory@colorcon.film.coating.and.com,CHE-783.226.884,,,2016-07-25
0000000196,ZMRO,Spirax Sarco Pure Steam Generators ,,SPIRAXSAR,106 HITEC City Bio Park,Hyderabad,,IN,EN,+44-545-7849265,regulatory@spirax.sarco.pure.steam.g.com,36AAACD6802F1Z6,,,2022-03-10
0000000197,ZPKG,West Pharmaceutical Services Stoppe,Biologics Development Div,WESTPHARM,130 Biotechpark Freiburg,Boston,,US,EN,+96-627-2713853,regulatory@west.pharmaceutical.servi.com,54-2286380,,,2016-03-21
0000000198,ZEXC,Roquette Pharma Excipients & Polyol,,ROQUETTEP,9 Bio-Campus Drive,Bridgewater,,US,EN,+80-155-5566320,regulatory@roquette.pharma.excipient.com,16-8799585,,,2018-05-05
0000000199,ZEXC,Honeywell Research Chemicals & Solv,,HONEYWELL,204 Route de Crassier,Mannheim,,DE,DE,+50-506-8617727,regulatory@honeywell.research.chemic.com,DE722982631,,,2022-03-13
0000000200,ZCRO,Syneos Health Clinical Development ,,SYNEOSHEA,345 Genome Valley Phase 1,Philadelphia,,US,EN,+50-988-3503071,regulatory@syneos.health.clinical.de.com,53-5819124,,,2017-09-22
0000000201,ZMRO,Endress+Hauser Sanitary Flowmeters ,,ENDRESS+HA,243 Grand Canal Square,Schaffhausen,,CH,DE,+39-805-5045166,regulatory@endress+hauser.sanitary.f.com,CHE-391.991.115,,,2019-03-10
0000000202,ZCRO,IQVIA Clinical Research Solutions 2,Biologics Development Div,IQVIACLIN,291 Pashamylaram Industrial Area,Hyderabad,,IN,EN,+83-524-3149197,regulatory@iqvia.clinical.research.s.com,36AAACD8694H1Z7,,,2018-08-21
0000000203,ZCRO,Parexel International Clinical Serv,,PAREXELIN,119 Science Park Road,Hyderabad,,IN,EN,+32-671-5504163,regulatory@parexel.international.cli.com,36AAACD7250S1Z1,,,2018-12-06
0000000204,ZPKG,Gerresheimer Primary Packaging Glas,,GERRESHEIM,89 Pharma City Industrial Zone,Princeton,,US,EN,+82-891-8342558,regulatory@gerresheimer.primary.pack.com,84-5781151,,,2019-11-18
0000000205,ZPKG,Nipro PharmaPackaging Syringes 205,,NIPROPHAR,235 Industriepark Höchst,Geneva,,CH,DE,+9-906-7316699,regulatory@nipro.pharmapackaging.syr.com,CHE-518.994.592,,,2020-11-14
0000000206,ZPKG,West Pharmaceutical Services Stoppe,,WESTPHARM,184 Bio-Campus Drive,Hyderabad,,IN,EN,+87-761-7302829,regulatory@west.pharmaceutical.servi.com,36AAACD2143M1Z5,,,2024-01-13
0000000207,ZEXC,Roquette Pharma Excipients & Polyol,,ROQUETTEP,19 Discovery Boulevard,San Diego,,US,EN,+82-569-2869662,regulatory@roquette.pharma.excipient.com,35-9736880,,,2020-01-16
0000000208,ZEXC,Ashland Specialty Pharma Polymers 2,,ASHLANDSP,277 Bio-Campus Drive,Waterford,,IE,EN,+96-537-4859908,regulatory@ashland.specialty.pharma..com,IE3728578Z,,,2018-12-11
0000000209,ZCRO,Catalent Pharma Solutions Softgel &,Sterile Fill-Finish Unit,CATALENTP,193 HITEC City Bio Park,Ahmedabad,,IN,EN,+50-915-4500785,regulatory@catalent.pharma.solutions.com,36AAACD4929F1Z4,,,2017-10-13
0000000210,ZCRO,Wuxi AppTec Laboratory Testing Divi,,WUXIAPPTE,152 Discovery Boulevard,Boston,,US,EN,+28-249-5880476,regulatory@wuxi.apptec.laboratory.te.com,13-5089860,,,2016-03-13
0000000211,ZAPI,Cambrex Fine Chemicals & Custom API,Biologics Development Div,CAMBREXFI,184 Biotechpark Freiburg,Bengaluru,,IN,EN,+87-333-8649217,regulatory@cambrex.fine.chemicals.an.com,36AAACD1285W1Z9,,,2020-09-15
0000000212,ZPKG,Gerresheimer Primary Packaging Glas,,GERRESHEIM,119 Genome Valley Phase 1,Mumbai,,IN,EN,+58-668-8549369,regulatory@gerresheimer.primary.pack.com,36AAACD6968B1Z6,,,2023-10-20
0000000213,ZPKG,Klöckner Pentaplast Pharma Blister ,,KLÖCKNERP,11 Technology Square,Bengaluru,,IN,EN,+24-296-1027636,regulatory@klöckner.pentaplast.pharm.com,36AAACD4218S1Z7,,,2017-08-19
0000000214,ZPKG,Constantia Flexibles Coldform Foils,,CONSTANTIA,253 Biotechpark Freiburg,Hyderabad,,IN,EN,+30-973-2374711,regulatory@constantia.flexibles.cold.com,36AAACD6137C1Z3,,,2019-03-03
0000000215,ZPKG,Gerresheimer Primary Packaging Glas,,GERRESHEIM,4 Innovation Parkway,Frankfurt,,DE,DE,+42-763-1023318,regulatory@gerresheimer.primary.pack.com,DE419423529,,,2017-12-31
0000000216,ZCRO,Medpace Clinical Pharmacology Unit ,,MEDPACECL,2 Life Sciences Way,Cambridge,,US,EN,+40-861-6691966,regulatory@medpace.clinical.pharmaco.com,79-8544850,,,2019-05-27
0000000217,ZCRO,Icon Clinical Research Global 217,,ICONCLINI,322 Route de Crassier,Philadelphia,,US,EN,+52-753-9404748,regulatory@icon.clinical.research.gl.com,99-7589520,,,2019-07-28
0000000218,ZAPI,Neuland Laboratories Custom APIs 21,,NEULANDLA,64 Kendall Square,Hyderabad,,IN,EN,+68-322-5056773,regulatory@neuland.laboratories.cust.com,36AAACD9486Q1Z3,,,2022-08-20
0000000219,ZPKG,Constantia Flexibles Coldform Foils,,CONSTANTIA,155 Silicon Docks,Hyderabad,,IN,EN,+39-304-9978167,regulatory@constantia.flexibles.cold.com,36AAACD1866K1Z9,,,2017-08-30
0000000220,ZEXC,DFE Pharma Inhalation Lactose 220,Sterile Fill-Finish Unit,DFEPHARMA,194 Jeedimetla Industrial Estate,Rome,00187,IT,IT,+42-822-9810810,regulatory@dfe.pharma.inhalation.lac.com,IT69583642,,,2017-07-19
0000000221,ZCRO,WuXi Biologics Contract Development,,WUXIBIOLO,340 Discovery Boulevard,Philadelphia,19104,US,EN,+71-685-5986939,regulatory@wuxi.biologics.contract.d.com,28-3508507,,,2016-06-09
0000000222,ZPKG,SGD Pharma Type I Molded Vials 222,,SGDPHARMA,258 Genome Valley Phase 2,Durham,27709,US,EN,+52-976-3042159,regulatory@sgd.pharma.type.i.molded..com,33-8940532,,,2016-03-09
0000000223,ZAPI,Neuland Laboratories Custom APIs 22,,NEULANDLA,337 Jeedimetla Industrial Estate,Cambridge,02139,US,EN,+5-607-2327762,regulatory@neuland.laboratories.cust.com,67-1249430,,,2023-05-14
0000000224,ZCRO,PPD Clinical Research Services 224,,PPDCLINIC,180 Pashamylaram Industrial Area,London,WC1E 6BT,GB,EN,+11-915-3899854,regulatory@ppd.clinical.research.ser.com,GB180187902,,,2020-01-11
0000000225,ZAPI,,Cold-Chain Depôt,AARTIINDU,205 Genome Valley Phase 2,Durham,27709,US,EN,+7-551-3859361,regulatory@aarti.industries.specialt.com,16-7967326,,,2019-09-20
0000000226,ZCRO,,,SYNEOSHEA,168 HITEC City Bio Park,San Diego,92121,US,EN,+78-678-6890875,regulatory@syneos.health.clinical.de.com,70-7128347,,,2017-10-09
0000000227,ZCRO,,,WUXIAPPTE,320 Genome Valley Phase 1,Mumbai,400072,IN,EN,+76-662-4438496,regulatory@wuxi.apptec.laboratory.te.com,36AAACD6729S1Z6,,,2018-05-12
0000000228,ZAPI,,,POLPHARMA,227 Silicon Docks,Hyderabad,500078,IN,EN,+85-723-6687637,regulatory@polpharma.api.and.advance.com,36AAACD2026L1Z4,,,2016-12-15
0000000229,ZCLD,,,WORLDCOUR,258 Industriepark Höchst,Zurich,8005,CH,DE,+53-139-9424665,regulatory@world.courier.biopharma.c.com,CHE-716.462.229,,,2020-04-30
0000000230,ZPKG,,Clinical Trial Packaging Hub,DATWYLERP,27 HITEC City Bio Park,Schaffhausen,8200,CH,DE,+81-967-8484320,regulatory@datwyler.pharma.packaging.com,CHE-895.862.491,,,2022-10-16
0000000231,ZCRO,,API Custom Synthesis Wing,CHARLESRI,202 IDA Bollaram Road,Basel,4058,CH,DE,+65-180-2481073,regulatory@charles.river.laboratorie.com,CHE-946.887.671,,,2019-10-16
0000000232,ZEXC,,,MERCKKGAA,148 Life Sciences Way,Dublin,D02 XY45,IE,EN,+69-323-8576724,regulatory@merck.kgaa.milliporesigma.com,IE1028600U,,,2017-04-25
0000000233,ZEXC,,,FMCBIOPOL,41 Biotechpark Freiburg,Bengaluru,560100,IN,EN,+74-663-7106308,regulatory@fmc.biopolymer.microcryst.com,36AAACD7891O1Z1,,,2019-10-21
0000000234,ZCLD,,,MARKENCLI,279 Novartis Campus Basel,Geneva,1202,CH,DE,+55-903-3717490,regulatory@marken.clinical.cold.chai.com,CHE-139.932.723,,,2016-03-31
0000000235,ZPKG,Bilcare Research Pharma Blister Fil,,BILCARERE,330 Technology Square,Schaffhausen,8200,CH,DE,+59-978-6707067,regulatory@bilcare.research.pharma.b.com,CHE-541.636.961,,,2019-02-14
0000000236,ZPKG,Constantia Flexibles Coldform Foils,,CONSTANTIA,245 Pashamylaram Industrial Area,Strasbourg,67000,FR,FR,+35-522-4568226,regulatory@constantia.flexibles.cold.com,FR27227218,,,2023-10-31
0000000237,ZAPI,Evonik Health Care Biomaterials 237,API Custom Synthesis Wing,EVONIKHEA,20 Discovery Boulevard,Strasbourg,67000,FR,FR,+49-116-7651613,regulatory@evonik.health.care.biomat.com,FR17317802,,,2019-03-10
0000000238,ZEXC,Gattefosse Lipid Excipients Europe ,Cold-Chain Depôt,GATTEFOSSE,224 Science Park Road,Lausanne,1015,CH,DE,+36-592-6782047,regulatory@gattefosse.lipid.excipien.com,CHE-990.774.324,,,2016-02-27
0000000239,ZAPI,Lonza Biologics Custom Synthesis AG,,LONZABIOL,167 Biotechpark Freiburg,Leverkusen,51373,DE,DE,+13-529-8623903,regulatory@lonza.biologics.custom.sy.com,DE559314402,,,2020-07-12
0000000240,ZAPI,Hovione Pharmascience API Lisbon 24,,HOVIONEPH,258 Novartis Campus Basel,Visakhapatnam,530017,,EN,+57-546-9272048,regulatory@hovione.pharmascience.api.com,36AAACD3322S1Z6,,,2019-10-12
0000000241,ZAPI,Cambrex Fine Chemicals & Custom API,,CAMBREXFI,317 Technology Square,Mannheim,68305,,DE,+85-346-3451389,regulatory@cambrex.fine.chemicals.an.com,DE440730917,,,2018-01-23
0000000242,ZMRO,BWT Pharma Pure Water & WFI Systems,Cold-Chain Depôt,BWTPHARMA,258 Genome Valley Phase 2,Cambridge,02139,,EN,+99-855-5080833,regulatory@bwt.pharma.pure.water.and.com,48-9939394,,,2017-10-15
0000000243,ZCRO,Syneos Health Clinical Development ,,SYNEOSHEA,285 Genome Valley Phase 2,Basel,4058,,DE,+22-538-6589776,regulatory@syneos.health.clinical.de.com,CHE-988.456.294,,,2021-08-13
0000000244,ZCRO,IQVIA Clinical Research Solutions 2,,IQVIACLIN,229 Bio-Campus Drive,San Diego,92121,,EN,+28-856-7059324,regulatory@iqvia.clinical.research.s.com,14-4151744,,,2023-08-20
0000000245,ZCLD,DHL LifeConEx Validated Temperature,Biologics Development Div,DHLLIFECO,85 Technology Square,Visakhapatnam,530017,,EN,+62-599-7253604,regulatory@dhl.lifeconex.validated.t.com,36AAACD8689C1Z6,,,2019-04-18
0000000246,ZMRO,Pall Medical Biopharmaceutical Filt,,PALLMEDIC,130 Discovery Boulevard,Oxford,OX4 4GA,,EN,+86-253-9409223,regulatory@pall.medical.biopharmaceu.com,GB822625371,,,2017-04-19
0000000247,ZAPI,Hetero Drugs Bulk API Manufacturing,,HETERODRU,251 Grand Canal Square,Hyderabad,500090,,EN,+61-704-5692440,regulatory@hetero.drugs.bulk.api.man.com,36AAACD4977O1Z6,,,2019-09-15
0000000248,ZAPI,Dishman Carbogen Amcis APIs 248,Sterile Fill-Finish Unit,DISHMANCA,43 Life Sciences Way,Bengaluru,560100,,EN,+91-122-6689026,regulatory@dishman.carbogen.amcis.ap.com,36AAACD3907U1Z1,,,2024-03-03
0000000249,ZMRO,Spirax Sarco Pure Steam Generators ,,SPIRAXSAR,43 Genome Valley Phase 2,Mannheim,68305,,DE,+10-891-4562712,regulatory@spirax.sarco.pure.steam.g.com,DE280442746,,,2018-02-01
0000000250,ZMRO,Sartorius Stedim Biotech Sterile Fi,Quality Control Testing Lab,SARTORIUS,133 Industriepark Höchst,Cork,T12 A26F,IE,EN,+16-453-3441893,regulatory@sartorius.stedim.biotech..com,IE2368233U,,,2024-02-21
0000000251,ZCLD,DHL LifeConEx Validated Temperature,,DHLLIFECO,52 Technology Square,Ahmedabad,382213,IN,EN,+29-776-9669322,regulatory@dhl.lifeconex.validated.t.com,36AAACD5534W1Z2,,,2022-04-25
0000000252,ZMRO,Steris Life Sciences GMP Decontamin,,STERISLIF,327 Novartis Campus Basel,Schaffhausen,8200,CH,DE,+18-523-4532966,regulatory@steris.life.sciences.gmp..com,CHE-849.674.679,,,2020-07-28
0000000253,ZEXC,Croda Pharma High Purity Lipids 253,,CRODAPHAR,338 Industriepark Höchst,Darmstadt,64293,DE,DE,+62-685-8727515,regulatory@croda.pharma.high.purity..com,DE609508824,,,2019-06-05
0000000254,ZCLD,Kuehne + Nagel PharmaChain Cold Sto,,KUEHNE+N,298 Bio-Campus Drive,Ingelheim,55218,DE,DE,+76-670-8604947,regulatory@kuehne.+.nagel.pharmachai.com,DE634408251,,,2016-01-11
0000000255,ZMRO,Sartorius Stedim Biotech Sterile Fi,,,342 Science Park Road,Hyderabad,500090,IN,EN,+98-828-4712529,regulatory@sartorius.stedim.biotech..com,36AAACD1225X1Z3,,,2018-02-24
0000000256,ZAPI,Lonza Biologics Custom Synthesis AG,,,161 Grand Canal Square,Mumbai,400072,IN,EN,+60-941-4596494,regulatory@lonza.biologics.custom.sy.com,36AAACD1536M1Z6,,,2016-03-16
0000000257,ZPKG,Gerresheimer Primary Packaging Glas,,,126 Novartis Campus Basel,Hyderabad,500032,IN,EN,+86-760-8587841,regulatory@gerresheimer.primary.pack.com,36AAACD6890T1Z1,,,2019-04-29
0000000258,ZPKG,Amcor Flexibles Healthcare Packagin,,,155 Grand Canal Square,Darmstadt,64293,DE,DE,+55-506-2543563,regulatory@amcor.flexibles.healthcar.com,DE903878683,,,2016-03-01
0000000259,ZEXC,Gattefosse Lipid Excipients Europe ,Sterile Fill-Finish Unit,,217 Innovation Parkway,Boston,02210,US,EN,+13-302-7950486,regulatory@gattefosse.lipid.excipien.com,35-8662048,,,2017-10-09
0000000260,ZEXC,Ashland Specialty Pharma Polymers 2,Clinical Trial Packaging Hub,,275 Pashamylaram Industrial Area,Hyderabad,500032,IN,EN,+70-319-8237100,regulatory@ashland.specialty.pharma..com,36AAACD2615K1Z2,,,2016-05-10
0000000261,ZEXC,Roquette Pharma Excipients & Polyol,Cold-Chain Depôt,,73 Bio-Campus Drive,Hyderabad,500078,IN,EN,+1-828-7540887,regulatory@roquette.pharma.excipient.com,36AAACD6037Y1Z5,,,2016-08-05
0000000262,ZCLD,Ceva Biopharma Dedicated Logistics ,,,53 Genome Valley Phase 1,Mumbai,400072,IN,EN,+9-603-4222202,regulatory@ceva.biopharma.dedicated..com,36AAACD4509X1Z1,,,2017-05-12
0000000263,ZCLD,Kuehne + Nagel PharmaChain Cold Sto,,,124 IDA Bollaram Road,Hyderabad,500032,IN,EN,+89-298-4055942,regulatory@kuehne.+.nagel.pharmachai.com,36AAACD8604V1Z8,,,2018-09-26
0000000264,ZMRO,Spirax Sarco Pure Steam Generators ,,,154 Industriepark Höchst,Geneva,1202,CH,DE,+83-400-7695729,regulatory@spirax.sarco.pure.steam.g.com,CHE-776.597.272,,,2016-11-15
0000000265,ZCRO,Parexel International Clinical Serv,,,142 IDA Bollaram Road,Cambridge,02139,US,EN,+11-420-7122738,regulatory@parexel.international.cli.com,14-5745199,,,2016-11-16
0000000266,ZMRO,Steris Life Sciences GMP Decontamin,,,326 Novartis Campus Basel,Mumbai,400072,IN,EN,+29-992-3540128,regulatory@steris.life.sciences.gmp..com,36AAACD3866M1Z2,,,2022-05-31
0000000267,ZAPI,Polpharma API & Advanced Intermedia,,,43 Genome Valley Phase 1,Boston,02210,US,EN,+50-795-5213438,regulatory@polpharma.api.and.advance.com,24-8867548,,,2022-09-12
0000000268,ZMRO,BWT Pharma Pure Water & WFI Systems,API Custom Synthesis Wing,,262 Industriepark Höchst,Philadelphia,19104,US,EN,+63-569-6219382,regulatory@bwt.pharma.pure.water.and.com,56-4318499,,,2021-11-27
0000000269,ZMRO,Pall Medical Biopharmaceutical Filt,,,292 Bio-Campus Drive,Boston,02210,US,EN,+50-989-3888121,regulatory@pall.medical.biopharmaceu.com,41-3631389,,,2022-11-26
0000000270,ZPKG,Nipro PharmaPackaging Syringes 270,,,233 Silicon Docks,San Diego,92121,US,EN,+27-419-5974062,regulatory@nipro.pharmapackaging.syr.com,51-8408346,,,2016-01-22
0000000271,ZPKG,Schott Pharma Borosilicate Glass Vi,,,45 Science Park Road,Ahmedabad,382213,IN,EN,+91-232-6976903,regulatory@schott.pharma.borosilicat.com,36AAACD1261R1Z3,,,2022-01-17
0000000272,ZCRO,Covance Central Laboratory Services,,,255 Pharma City Industrial Zone,Hyderabad,500090,IN,EN,+65-159-1709965,regulatory@covance.central.laborator.com,36AAACD7710Q1Z4,,,2021-03-04
0000000273,ZEXC,Shin-Etsu Chemical Cellulose Excipi,,,161 Novartis Campus Basel,Lausanne,1015,CH,DE,+12-103-6358451,regulatory@shin-etsu.chemical.cellul.com,CHE-280.593.826,,,2017-01-15
0000000274,ZEXC,Colorcon Film Coating & Formulation,,,274 Pharma City Industrial Zone,Ahmedabad,382213,IN,EN,+45-447-2738791,regulatory@colorcon.film.coating.and.com,36AAACD5898L1Z2,,,2016-01-02
0000000275,ZCRO,Catalent Pharma Solutions Softgel &,Sterile Fill-Finish Unit,,67 Grand Canal Square,Mumbai,400072,IN,EN,+36-907-9599518,regulatory@catalent.pharma.solutions.com,36AAACD8499G1Z5,,,2018-12-26
0000000276,ZMRO,BWT Pharma Pure Water & WFI Systems,,,283 Technology Square,Princeton,08540,US,EN,+27-822-5540070,regulatory@bwt.pharma.pure.water.and.com,43-7235794,,,2016-02-27
0000000277,ZMRO,Sartorius Stedim Biotech Sterile Fi,,,21 Silicon Docks,Bengaluru,560100,IN,EN,+79-247-1998214,regulatory@sartorius.stedim.biotech..com,36AAACD6560A1Z6,,,2016-04-16
0000000278,ZPKG,Klöckner Pentaplast Pharma Blister ,Clinical Trial Packaging Hub,,119 Pashamylaram Industrial Area,Zurich,8005,CH,DE,+97-822-6870311,regulatory@klöckner.pentaplast.pharm.com,CHE-147.943.212,,,2017-03-24
0000000279,ZMRO,Getinge Sterile Processing Equipmen,Cold-Chain Depôt,,283 HITEC City Bio Park,San Diego,92121,US,EN,+57-828-3700489,regulatory@getinge.sterile.processin.com,59-8285369,,,2017-07-11
0000000280,ZCLD,Marken Clinical Cold Chain Logistic,,MARKENCLI,288 Biotechpark Freiburg,Geneva,1202,CH,DE,+94-914-9286643,regulatory@marken.clinical.cold.chai.com,CHE-140.128.367,,,2022-09-15
0000000281,ZCLD,Envirotainer Temperature Controlled,Clinical Trial Packaging Hub,ENVIROTAIN,132 Biotechpark Freiburg,Cork,T12 A26F,IE,EN,+45-495-8760219,regulatory@envirotainer.temperature..com,IE5262091P,,,2018-08-27
0000000282,ZCRO,IQVIA Clinical Research Solutions 2,Biologics Development Div,IQVIACLIN,216 Technology Square,Mumbai,400072,IN,EN,+64-697-7716132,regulatory@iqvia.clinical.research.s.com,36AAACD6706V1Z8,,,2018-03-25
0000000283,ZCLD,QuickSTAT Global Life Science Logis,,QUICKSTAT,158 Novartis Campus Basel,Visakhapatnam,530017,IN,EN,+72-238-1444234,regulatory@quickstat.global.life.sci.com,36AAACD8393R1Z2,,,2018-11-29
0000000284,ZPKG,West Pharmaceutical Services Stoppe,,WESTPHARM,193 IDA Bollaram Road,Durham,27709,US,EN,+95-406-4432441,regulatory@west.pharmaceutical.servi.com,68-7108388,,,2019-05-29
0000000285,,Granules India Active Pharmaceutica,Clinical Trial Packaging Hub,GRANULESI,88 Grand Canal Square,Waterford,X91 C7K9,IE,EN,+88-705-3148058,regulatory@granules.india.active.pha.com,IE5738450O,,,2017-06-24
0000000286,,Evonik Health Care Biomaterials 286,,EVONIKHEA,350 Genome Valley Phase 2,Philadelphia,19104,US,EN,+14-842-3600194,regulatory@evonik.health.care.biomat.com,87-7186397,,,2023-11-26
0000000287,,PPD Clinical Research Services 287,,PPDCLINIC,189 Jeedimetla Industrial Estate,Boston,02210,US,EN,+73-574-5472909,regulatory@ppd.clinical.research.ser.com,13-3954915,,,2016-07-28
0000000288,,Amcor Flexibles Healthcare Packagin,,AMCORFLEX,88 Pharma City Industrial Zone,Mumbai,400072,IN,EN,+25-286-2642338,regulatory@amcor.flexibles.healthcar.com,36AAACD4533Y1Z6,,,2019-11-15
0000000289,,Ceva Biopharma Dedicated Logistics ,,CEVABIOPH,150 Jeedimetla Industrial Estate,Oxford,OX4 4GA,GB,EN,+91-968-5876403,regulatory@ceva.biopharma.dedicated..com,GB637530755,,,2021-12-08
0000000290,,Dishman Carbogen Amcis APIs 290,,DISHMANCA,30 Pharma City Industrial Zone,Frankfurt,65926,DE,DE,+5-710-1896011,regulatory@dishman.carbogen.amcis.ap.com,DE887797642,,,2016-09-25
0000000291,,Nipro PharmaPackaging Syringes 291,,NIPROPHAR,142 Genome Valley Phase 1,Ahmedabad,382213,IN,EN,+91-398-4248385,regulatory@nipro.pharmapackaging.syr.com,36AAACD7939Y1Z4,,,2017-08-17
0000000292,,Amcor Flexibles Healthcare Packagin,,AMCORFLEX,304 Pharma City Industrial Zone,Ahmedabad,382213,IN,EN,+60-124-8918553,regulatory@amcor.flexibles.healthcar.com,36AAACD1263B1Z1,,,2016-08-31
0000000293,,Wuxi AppTec Laboratory Testing Divi,,WUXIAPPTE,171 HITEC City Bio Park,Princeton,08540,US,EN,+91-574-4166811,regulatory@wuxi.apptec.laboratory.te.com,47-1424277,,,2020-07-13
0000000294,,Polpharma API & Advanced Intermedia,,POLPHARMA,202 Jeedimetla Industrial Estate,Geneva,1202,CH,DE,+65-784-2472450,regulatory@polpharma.api.and.advance.com,CHE-445.947.213,,,2021-10-12
0000000295,,Schott Pharma Borosilicate Glass Vi,,SCHOTTPHA,3 Discovery Boulevard,Mumbai,400072,IN,EN,+89-522-5137441,regulatory@schott.pharma.borosilicat.com,36AAACD9656U1Z5,,,2018-12-13
0000000296,,QuickSTAT Global Life Science Logis,,QUICKSTAT,105 Novartis Campus Basel,Hyderabad,500078,IN,EN,+49-638-8453128,regulatory@quickstat.global.life.sci.com,36AAACD5822M1Z1,,,2022-01-23
0000000297,,Icon Clinical Research Global 297,,ICONCLINI,259 Kendall Square,Galway,H91 W2TV,IE,EN,+46-624-5653910,regulatory@icon.clinical.research.gl.com,IE1589923Q,,,2021-04-09
0000000298,,Nemera Injectable Drug Delivery Dev,Cold-Chain Depôt,NEMERAINJ,134 Jeedimetla Industrial Estate,Lausanne,1015,CH,DE,+35-282-9071732,regulatory@nemera.injectable.drug.de.com,CHE-533.355.432,,,2018-06-08
0000000299,,Covance Central Laboratory Services,API Custom Synthesis Wing,COVANCECE,163 Pharma City Industrial Zone,Bridgewater,08807,US,EN,+18-904-7105616,regulatory@covance.central.laborator.com,75-3763732,,,2019-05-02
0000000300,ZEXC,BASF Pharma Solutions Excipients 30,,BASFPHARM,328 Route de Crassier,Hyderabad,500078,IN,EN,+43-424-9650867,regulatory@basf.pharma.solutions.exc.com,36AAACD2828Y1Z8,,,2017-10-16
0000000301,ZEXC,Gattefosse Lipid Excipients Europe ,,GATTEFOSSE,340 Grand Canal Square,Biberach,88400,DE,DE,+32-873-2539586,regulatory@gattefosse.lipid.excipien.com,DE880424195,,,2016-04-29
0000000302,ZCRO,Wuxi AppTec Laboratory Testing Divi,Sterile Fill-Finish Unit,WUXIAPPTE,45 Bio-Campus Drive,Ingelheim,55218,DE,DE,+94-864-5032787,regulatory@wuxi.apptec.laboratory.te.com,DE473693123,,,2021-09-18
0000000303,ZEXC,Shin-Etsu Chemical Cellulose Excipi,,SHINETSU,270 Grand Canal Square,Bridgewater,08807,US,EN,+3-951-8498082,regulatory@shin-etsu.chemical.cellul.com,65-9974192,,,2019-04-14
0000000304,ZPKG,Klöckner Pentaplast Pharma Blister ,,KLÖCKNERP,292 Innovation Parkway,London,WC1E 6BT,GB,EN,+75-962-7157607,regulatory@klöckner.pentaplast.pharm.com,GB993541331,,,2018-05-04
0000000305,ZEXC,Thermo Fisher Scientific Fisher Che,Quality Control Testing Lab,THERMOFIS,127 Pashamylaram Industrial Area,Zurich,8005,IND,DE,+69-941-3317295,regulatory@thermo.fisher.scientific..com,CHE-360.851.196,,,2022-07-14
0000000306,ZCRO,Catalent Pharma Solutions Softgel &,Cold-Chain Depôt,CATALENTP,42 Technology Square,Biberach,88400,SWI,DE,+90-100-2100911,regulatory@catalent.pharma.solutions.com,DE450467016,,,2016-10-20
0000000307,ZCRO,Syneos Health Clinical Development ,Sterile Fill-Finish Unit,SYNEOSHEA,139 Grand Canal Square,Visakhapatnam,530017,UK,EN,+1-197-6350379,regulatory@syneos.health.clinical.de.com,36AAACD4252C1Z6,,,2016-11-10
0000000308,ZPKG,Stevanato Group Ompi Sterile Vials ,,STEVANATO,328 Route de Crassier,Visakhapatnam,530017,GER,EN,+34-251-3242219,regulatory@stevanato.group.ompi.ster.com,36AAACD3516B1Z1,,,2019-04-15
0000000309,ZAPI,Granules India Active Pharmaceutica,Cold-Chain Depôt,GRANULESI,193 Jeedimetla Industrial Estate,Geneva,1202,USA,DE,+36-170-5125033,regulatory@granules.india.active.pha.com,CHE-257.191.355,,,2022-10-27
0000000310,ZEXC,BASF Pharma Solutions Excipients 31,,BASFPHARM,17 Technology Square,Hyderabad,500078,XX,EN,+48-474-7513304,regulatory@basf.pharma.solutions.exc.com,36AAACD3392O1Z1,,,2018-01-13
0000000311,ZPKG,Nipro PharmaPackaging Syringes 311,,NIPROPHAR,58 Novartis Campus Basel,Geneva,1202,CH,DE,+87-527-1358592,regulatory@nipro.pharmapackaging.syr.com,CHE-692.493.178,,,2022-09-06
0000000312,ZEXC,Ashland Specialty Pharma Polymers 3,,ASHLANDSP,246 Genome Valley Phase 1,Cambridge,02139,US,EN,+89-112-8337793,regulatory@ashland.specialty.pharma..com,48-1290893,,,2019-01-22
0000000313,ZCLD,Kuehne + Nagel PharmaChain Cold Sto,,KUEHNE+N,125 Silicon Docks,Cork,T12 A26F,IE,EN,+44-203-3382542,regulatory@kuehne.+.nagel.pharmachai.com,IE2899789I,,,2019-01-26
0000000314,ZMRO,Getinge Sterile Processing Equipmen,Cold-Chain Depôt,GETINGEST,194 Discovery Boulevard,Hyderabad,500081,IN,EN,+17-216-1046089,regulatory@getinge.sterile.processin.com,36AAACD2069W1Z9,,,2020-09-15
0000000315,ZPKG,Bilcare Research Pharma Blister Fil,Quality Control Testing Lab,BILCARERE,163 Technology Square,Ahmedabad,5000,IN,EN,+66-465-5462011,regulatory@bilcare.research.pharma.b.com,36AAACD3628V1Z2,,,2023-12-25
0000000316,ZEXC,FMC BioPolymer Microcrystalline Cel,Biologics Development Div,FMCBIOPOL,202 Genome Valley Phase 2,Bengaluru,HYD500,IN,EN,+69-150-8015176,regulatory@fmc.biopolymer.microcryst.com,36AAACD3686O1Z6,,,2016-07-07
0000000317,ZAPI,Hikal Fine Chemicals & Intermediate,,HIKALFINE,124 Science Park Road,Bridgewater,CH-4058,CH,EN,+81-569-6629583,regulatory@hikal.fine.chemicals.and..com,75-3499364,,,2023-05-07
0000000318,ZMRO,Sartorius Stedim Biotech Sterile Fi,Quality Control Testing Lab,SARTORIUS,231 Industriepark Höchst,Mumbai,088,US,EN,+21-433-6017881,regulatory@sartorius.stedim.biotech..com,36AAACD8928B1Z9,,,2021-05-15
0000000319,ZEXC,DFE Pharma Inhalation Lactose 319,,DFEPHARMA,327 HITEC City Bio Park,Hyderabad,PRINCETON,US,EN,+67-752-5443390,regulatory@dfe.pharma.inhalation.lac.com,36AAACD5061G1Z4,,,2021-11-11
0000000320,ZAPI,Neuland Laboratories Custom APIs 32,Cold-Chain Depôt,NEULANDLA,88 Innovation Parkway,Hyderabad,PLZ65,DE,EN,+19-660-1216405,regulatory@neuland.laboratories.cust.com,36AAACD1069M1Z2,,,2016-03-17
0000000321,ZEXC,DFE Pharma Inhalation Lactose 321,Sterile Fill-Finish Unit,DFEPHARMA,317 Innovation Parkway,Hyderabad,DUBLIN2,IE,EN,+79-846-6884290,regulatory@dfe.pharma.inhalation.lac.com,36AAACD2912J1Z7,,,2021-09-05
0000000322,ZMRO,Getinge Sterile Processing Equipmen,,GETINGEST,233 Silicon Docks,Zurich,8005,CH,DE,+64-511-4447295,regulatory@getinge.sterile.processin.com,CHE-590.917.991,,,2020-04-25
0000000323,ZAPI,Siegfried Active Pharmaceutical Ing,Sterile Fill-Finish Unit,SIEGFRIED,2 Genome Valley Phase 2,Geneva,1202,CH,DE,+48-231-6783043,regulatory@siegfried.active.pharmace.com,CHE-821.774.240,,,2016-12-09
0000000324,ZEXC,DFE Pharma Inhalation Lactose 324,API Custom Synthesis Wing,DFEPHARMA,120 Genome Valley Phase 1,Dublin,D02 XY45,IE,EN,+13-676-4387409,regulatory@dfe.pharma.inhalation.lac.com,IE6772924L,,,2018-05-28
0000000325,ZCRO,Cambrex Fine Chemicals &amp; APIs,,PPDCLINIC,321 Discovery Boulevard,Waterford,X91 C7K9,IE,EN,+83-681-1580917,regulatory@ppd.clinical.research.ser.com,IE6577214E,,,2020-04-07
0000000326,ZEXC,Divis&#39;s Laboratories Custom,,DFEPHARMA,62 Innovation Parkway,Galway,H91 W2TV,IE,EN,+73-438-4188296,regulatory@dfe.pharma.inhalation.lac.com,IE5368672S,,,2019-07-31
0000000327,ZPKG,SCHOTT PHARMA BOROSILICATE VIALS,,NEMERAINJ,342 Novartis Campus Basel,Bengaluru,560100,IN,EN,+96-409-9458699,regulatory@nemera.injectable.drug.de.com,36AAACD7373A1Z5,,,2018-03-11
0000000328,ZMRO,Catalent Pharma Solutions   ,,BWTPHARMA,167 Genome Valley Phase 2,Hyderabad,500081,IN,EN,+48-294-9637297,regulatory@bwt.pharma.pure.water.and.com,36AAACD6088D1Z8,,,2019-05-01
0000000329,ZPKG,Lonza Biologics Custom Synthe&nbsp;is,,BILCARERE,58 Genome Valley Phase 2,Cambridge,02139,US,EN,+34-847-4457788,regulatory@bilcare.research.pharma.b.com,46-6865853,,,2016-02-27
0000000330,ZMRO,Steris Life Sciences GMP Decontamin,Clinical Trial Packaging Hub,STERISLIF,238 Jeedimetla Industrial Estate,Visakhapatnam,530017,IN,EN,+26-315-3192962,regulatory@steris.life.sciences.gmp..com,36AAACD4235D1Z6,,,2018-10-24
0000000331,ZCRO,Covance Central Laboratory Services,,COVANCECE,167 Pharma City Industrial Zone,Lausanne,1015,CH,DE,+12-586-6679752,regulatory@covance.central.laborator.com,CHE-160.970.782,,,2018-11-27
0000000332,ZCRO,SGS Health Science Bioanalytical Te,,SGSHEALTH,65 HITEC City Bio Park,Hyderabad,500078,IN,EN,+17-612-3417966,regulatory@sgs.health.science.bioana.com,36AAACD9494F1Z4,,,2019-08-18
0000000333,ZMRO,Getinge Sterile Processing Equipmen,,GETINGEST,29 Innovation Parkway,Galway,H91 W2TV,IE,EN,+12-504-3665370,regulatory@getinge.sterile.processin.com,IE3508656A,,,2024-02-15
0000000334,ZAPI,Hikal Fine Chemicals & Intermediate,,HIKALFINE,188 Genome Valley Phase 2,Darmstadt,64293,DE,DE,+14-558-7732366,regulatory@hikal.fine.chemicals.and..com,DE582215690,,,2018-06-21
0000000335,ZAPI,Aarti Industries Specialty Intermed,,AARTIINDU,248 Science Park Road,San Diego,92121,US,EN,CALL-HYDERABAD-LAB,regulatory@aarti.industries.specialt.com,23-8621495,,,2022-10-15
0000000336,ZCRO,Vetter Pharma Sterile Fill & Finish,,VETTERPHA,316 Bio-Campus Drive,Hyderabad,500078,IN,EN,000-0000000,regulatory@vetter.pharma.sterile.fil.com,36AAACD3965L1Z2,,,2022-04-27
0000000337,ZEXC,Ashland Specialty Pharma Polymers 3,,ASHLANDSP,3 Kendall Square,Zurich,8005,CH,DE,N/A,regulatory@ashland.specialty.pharma..com,CHE-170.343.489,,,2022-06-12
0000000338,ZPKG,Gerresheimer Primary Packaging Glas,,GERRESHEIM,261 Novartis Campus Basel,Hyderabad,500072,IN,EN,+55-339-5557079,regulatory@gerresheimer.primary.pack.com,36AAACD8372G1Z1,,,2017-12-23
0000000339,ZEXC,Shin-Etsu Chemical Cellulose Excipi,,SHINETSU,271 Silicon Docks,Boston,02210,US,EN,+69-351-3262177,regulatory@shin-etsu.chemical.cellul.com,24-4658655,,,2023-12-02
0000000340,ZPKG,Datwyler Pharma Packaging Rubber Pl,,DATWYLERP,330 Pharma City Industrial Zone,Ahmedabad,382213,IN,EN,+12-379-7465880,regulatory@datwyler.pharma.packaging.com,36AAACD8889W1Z8,,,2021-08-09
0000000341,ZAPI,Neuland Laboratories Custom APIs 34,,NEULANDLA,109 Grand Canal Square,Lausanne,1015,CH,DE,+7-876-3414747,regulatory@neuland.laboratories.cust.com,CHE-121.661.607,,,2016-01-06
0000000342,ZAPI,Hovione Pharmascience API Lisbon 34,,HOVIONEPH,312 Life Sciences Way,Darmstadt,64293,DE,DE,+51-125-3678259,regulatory@hovione.pharmascience.api.com,DE594959868,,,2021-01-22
0000000343,ZCRO,Eurofins BioPharma Testing Laborato,,EUROFINSB,276 Discovery Boulevard,Cambridge,02139,US,EN,+15-630-6378062,regulatory@eurofins.biopharma.testin.com,62-7843332,,,2023-06-08
0000000344,ZMRO,Endress+Hauser Sanitary Flowmeters ,,ENDRESS+HA,162 Industriepark Höchst,Princeton,08540,US,EN,+3-834-4200919,regulatory@endress+hauser.sanitary.f.com,65-9471752,,,2018-06-24
0000000345,ZCLD,DHL LifeConEx Validated Temperature,Biologics Development Div,DHLLIFECO,320 Pharma City Industrial Zone,Geneva,1202,CH,DE,+77-366-5675146,regulatory@dhl.lifeconex.validated.t.com,CHE-312.648.487,,,2016-07-05
0000000346,ZEXC,Thermo Fisher Scientific Fisher Che,Biologics Development Div,THERMOFIS,25 Innovation Parkway,Lausanne,1015,CH,DE,+54-950-2361143,regulatory@thermo.fisher.scientific..com,CHE-786.734.244,,,2021-07-17
0000000347,ZEXC,Croda Pharma High Purity Lipids 347,Clinical Trial Packaging Hub,CRODAPHAR,243 Pashamylaram Industrial Area,Hyderabad,500078,IN,EN,+93-764-6158028,regulatory@croda.pharma.high.purity..com,36AAACD2631Z1Z9,,,2018-11-15
0000000348,ZAPI,Neuland Laboratories Custom APIs 34,,NEULANDLA,225 IDA Bollaram Road,Hyderabad,500090,IN,EN,+47-454-2236352,regulatory@neuland.laboratories.cust.com,36AAACD3120Z1Z4,,,2018-10-20
0000000349,ZPKG,Gerresheimer Primary Packaging Glas,,GERRESHEIM,69 Pharma City Industrial Zone,Geneva,1202,CH,DE,+43-145-2380363,regulatory@gerresheimer.primary.pack.com,CHE-476.620.251,,,2017-07-19
0000000350,ZPKG,Nipro PharmaPackaging Syringes 350,Clinical Trial Packaging Hub,NIPROPHAR,50 Jeedimetla Industrial Estate,Darmstadt,64293,DE,DE,+31-506-4400282,regulatory@nipro.pharmapackaging.syr.com,DE433297760,,,2017-09-20
0000000351,ZPKG,Klöckner Pentaplast Pharma Blister ,Sterile Fill-Finish Unit,KLÖCKNERP,27 Discovery Boulevard,Lausanne,1015,CH,DE,+90-145-1000943,regulatory@klöckner.pentaplast.pharm.com,CHE-201.561.834,,,2019-11-10
0000000352,ZAPI,Aarti Industries Specialty Intermed,Sterile Fill-Finish Unit,AARTIINDU,72 Life Sciences Way,Milan,20121,IT,IT,+33-343-9626340,regulatory@aarti.industries.specialt.com,IT87792517,,,2020-04-22
0000000353,ZAPI,Evonik Health Care Biomaterials 353,,EVONIKHEA,271 Life Sciences Way,Geneva,1202,CH,DE,+38-922-6192748,regulatory@evonik.health.care.biomat.com,CHE-488.483.285,,,2021-06-20
0000000354,ZMRO,Syntegon Pharma Technology Packagin,,SYNTEGONP,167 Pashamylaram Industrial Area,Zurich,8005,CH,DE,+54-190-1131584,regulatory@syntegon.pharma.technolog.com,CHE-424.580.426,,,2021-05-27
0000000355,ZEXC,Merck KGaA MilliporeSigma Life Scie,,MERCKKGAA,97 Route de Crassier,Hyderabad,500081,IN,EN,+39-362-3802859,regulatory@merck.kgaa.milliporesigma.com,36AAACD3300F1Z2,,,2018-12-25
0000000356,ZEXC,Gattefosse Lipid Excipients Europe ,Quality Control Testing Lab,GATTEFOSSE,294 Technology Square,Ahmedabad,382213,IN,EN,+25-357-3483224,regulatory@gattefosse.lipid.excipien.com,36AAACD7477V1Z1,,,2020-12-18
0000000357,ZAPI,Bachem Peptide Synthesis Group 357,,BACHEMPEP,81 Grand Canal Square,Ahmedabad,382213,IN,EN,+88-367-7757668,regulatory@bachem.peptide.synthesis..com,36AAACD2152W1Z6,,,2019-01-30
0000000358,ZAPI,Dishman Carbogen Amcis APIs 358,,DISHMANCA,272 Science Park Road,Bridgewater,08807,US,EN,+3-628-7105960,regulatory@dishman.carbogen.amcis.ap.com,23-4047898,,,2023-09-05
0000000359,ZCRO,Vetter Pharma Sterile Fill & Finish,Clinical Trial Packaging Hub,VETTERPHA,196 Innovation Parkway,Basel,4058,CH,DE,+18-809-9354305,regulatory@vetter.pharma.sterile.fil.com,CHE-985.510.666,,,2020-10-02
0000000360,ZCRO,SGS Health Science Bioanalytical Te,,SGSHEALTH,231 Science Park Road,Ingelheim,55218,DE,DE,+54-961-5857326,regulatory@sgs.health.science.bioana.com,DE821650387,,,2022-12-18
0000000361,ZAPI,Siegfried Active Pharmaceutical Ing,API Custom Synthesis Wing,SIEGFRIED,106 Silicon Docks,Mumbai,400072,IN,EN,+27-319-8882825,regulatory@siegfried.active.pharmace.com,36AAACD2261X1Z7,,,2021-10-02
0000000362,ZAPI,Cambrex Fine Chemicals & Custom API,Biologics Development Div,CAMBREXFI,65 HITEC City Bio Park,Mannheim,68305,DE,DE,+73-419-8549092,regulatory@cambrex.fine.chemicals.an.com,DE813075288,,,2020-06-25
0000000363,ZPKG,SGD Pharma Type I Molded Vials 363,,SGDPHARMA,21 Pashamylaram Industrial Area,Cambridge,02139,US,EN,+20-533-7168137,regulatory@sgd.pharma.type.i.molded..com,88-8279186,,,2021-09-28
0000000364,ZAPI,Cambrex Fine Chemicals & Custom API,,CAMBREXFI,264 Pharma City Industrial Zone,Schaffhausen,8200,CH,DE,+23-639-8821106,regulatory@cambrex.fine.chemicals.an.com,CHE-436.809.431,,,2022-02-06
0000000365,ZAPI,Divi's Laboratories Custom Synthesi,,DIVISLAB,216 Bio-Campus Drive,Basel,4058,CH,DE,+23-183-6771046,regulatory@divis.laboratories.custom.com,CHE-131.410.940,,,2021-04-27
0000000366,ZMRO,BWT Pharma Pure Water & WFI Systems,,BWTPHARMA,208 Pashamylaram Industrial Area,Biberach,88400,DE,DE,+26-474-5427399,regulatory@bwt.pharma.pure.water.and.com,DE568454557,,,2021-11-27
0000000367,ZMRO,BWT Pharma Pure Water & WFI Systems,,BWTPHARMA,338 Biotechpark Freiburg,Hyderabad,500072,IN,EN,+4-272-3841278,regulatory@bwt.pharma.pure.water.and.com,36AAACD7422Q1Z5,,,2017-03-28
0000000368,ZCLD,QuickSTAT Global Life Science Logis,Sterile Fill-Finish Unit,QUICKSTAT,172 Genome Valley Phase 1,Hyderabad,500090,IN,EN,+99-557-3769401,regulatory@quickstat.global.life.sci.com,36AAACD8221L1Z3,,,2018-05-28
0000000369,ZCLD,QuickSTAT Global Life Science Logis,,QUICKSTAT,24 Silicon Docks,Hyderabad,500078,IN,EN,+67-132-8307121,regulatory@quickstat.global.life.sci.com,36AAACD1509A1Z1,,,2017-01-06
0000000370,ZPKG,Stevanato Group Ompi Sterile Vials ,Biologics Development Div,STEVANATO,209 HITEC City Bio Park,Lausanne,1015,CH,DE,+8-641-7639401,regulatory@stevanato.group.ompi.ster.com,CHE-264.129.145,,,2019-11-22
0000000371,ZCLD,Marken Clinical Cold Chain Logistic,,MARKENCLI,126 Kendall Square,Ahmedabad,382213,IN,EN,+46-290-6502656,regulatory@marken.clinical.cold.chai.com,36AAACD6869I1Z4,,,2022-12-20
0000000372,ZMRO,BWT Pharma Pure Water & WFI Systems,,BWTPHARMA,169 Grand Canal Square,Hyderabad,500090,IN,EN,+85-452-7146825,regulatory@bwt.pharma.pure.water.and.com,36AAACD2737O1Z8,,,2018-07-12
0000000373,ZMRO,Ecolab Life Sciences Cleanroom Disi,,ECOLABLIF,216 Grand Canal Square,San Diego,92121,US,EN,+56-585-9669637,regulatory@ecolab.life.sciences.clea.com,88-9227928,,,2020-10-31
0000000374,ZAPI,Biocon Biologics Recombinant Insuli,,BIOCONBIO,28 Science Park Road,Geneva,1202,CH,DE,+1-476-4614872,regulatory@biocon.biologics.recombin.com,CHE-397.825.238,,,2017-08-08
0000000375,ZCRO,WuXi Biologics Contract Development,Quality Control Testing Lab,WUXIBIOLO,147 Kendall Square,Hyderabad,500078,IN,EN,+92-601-7233170,regulatory@wuxi.biologics.contract.d.com,36AAACD3233X1Z2,,,2023-12-08
0000000376,ZCLD,Ceva Biopharma Dedicated Logistics ,,CEVABIOPH,116 Pashamylaram Industrial Area,San Diego,92121,US,EN,+22-344-1493823,regulatory@ceva.biopharma.dedicated..com,78-2184708,,,2019-03-25
0000000377,ZPKG,Gerresheimer Primary Packaging Glas,,GERRESHEIM,137 Innovation Parkway,Paris,75015,FR,FR,+95-393-3482882,regulatory@gerresheimer.primary.pack.com,FR29085629,,,2017-05-17
0000000378,ZCLD,Ceva Biopharma Dedicated Logistics ,Sterile Fill-Finish Unit,CEVABIOPH,177 IDA Bollaram Road,Dublin,D02 XY45,IE,EN,+76-995-4239754,regulatory@ceva.biopharma.dedicated..com,IE4322652L,,,2022-07-18
0000000379,ZAPI,Hetero Drugs Bulk API Manufacturing,,HETERODRU,156 Genome Valley Phase 2,Milan,20121,IT,IT,+25-903-5078667,regulatory@hetero.drugs.bulk.api.man.com,IT62012437,,,2020-11-30
0000000380,ZAPI,Dishman Carbogen Amcis APIs 380,,DISHMANCA,97 Silicon Docks,Hyderabad,500072,IN,EN,+20-385-7167354,regulatory@dishman.carbogen.amcis.ap.com,36AAACD6667E1Z7,,,2016-01-12
0000000381,ZCLD,World Courier Biopharma Cold-Chain ,,WORLDCOUR,193 HITEC City Bio Park,Hyderabad,500078,IN,EN,+3-570-9918594,regulatory@world.courier.biopharma.c.com,36AAACD7744R1Z5,,,2023-02-21
0000000382,ZCLD,Kuehne + Nagel PharmaChain Cold Sto,,KUEHNE+N,59 Novartis Campus Basel,Basel,4058,CH,DE,+93-879-2687606,regulatory@kuehne.+.nagel.pharmachai.com,CHE-725.116.468,,,2020-06-05
0000000383,ZPKG,Bilcare Research Pharma Blister Fil,,BILCARERE,220 Genome Valley Phase 1,Zurich,8005,CH,DE,+24-762-4698224,regulatory@bilcare.research.pharma.b.com,CHE-558.553.741,,,2017-09-04
0000000384,ZEXC,BASF Pharma Solutions Excipients 38,API Custom Synthesis Wing,BASFPHARM,149 Science Park Road,Durham,27709,US,EN,+14-170-6083960,regulatory@basf.pharma.solutions.exc.com,71-2799643,,,2017-07-24
0000000385,ZMRO,Syntegon Pharma Technology Packagin,Clinical Trial Packaging Hub,SYNTEGONP,60 Novartis Campus Basel,Basel,4058,CH,DE,+71-291-2151207,regulatory@syntegon.pharma.technolog.com,CHE-494.100.999,,,2017-03-11
0000000386,ZCRO,SGS Health Science Bioanalytical Te,,SGSHEALTH,179 Novartis Campus Basel,Leverkusen,51373,DE,DE,+8-183-8717899,regulatory@sgs.health.science.bioana.com,DE333860549,,,2021-03-18
0000000387,ZCRO,Parexel International Clinical Serv,,PAREXELIN,19 Novartis Campus Basel,Mumbai,400072,IN,EN,+31-348-6923623,regulatory@parexel.international.cli.com,36AAACD8840P1Z8,,,2017-03-17
0000000388,ZCRO,WuXi Biologics Contract Development,,WUXIBIOLO,251 Route de Crassier,Bridgewater,08807,US,EN,+97-938-3623416,regulatory@wuxi.biologics.contract.d.com,68-6879391,,,2017-05-31
0000000389,ZCLD,QuickSTAT Global Life Science Logis,Quality Control Testing Lab,QUICKSTAT,216 Grand Canal Square,Basel,4058,CH,DE,+89-266-6272480,regulatory@quickstat.global.life.sci.com,CHE-176.983.798,,,2019-12-29
0000000390,ZCRO,Covance Central Laboratory Services,Quality Control Testing Lab,COVANCECE,14 Pashamylaram Industrial Area,Basel,4058,CH,DE,+5-995-9279259,regulatory@covance.central.laborator.com,CHE-868.569.428,,,2016-05-12
0000000391,ZCLD,QuickSTAT Global Life Science Logis,,QUICKSTAT,19 Pharma City Industrial Zone,Geneva,1202,CH,DE,+60-447-7094375,regulatory@quickstat.global.life.sci.com,CHE-467.204.933,,,2016-05-24
0000000392,ZAPI,Aarti Industries Specialty Intermed,API Custom Synthesis Wing,AARTIINDU,210 Jeedimetla Industrial Estate,Boston,02210,US,EN,+21-354-5879937,regulatory@aarti.industries.specialt.com,17-4251111,,,2018-02-22
0000000393,ZCLD,World Courier Biopharma Cold-Chain ,,WORLDCOUR,97 Bio-Campus Drive,Ahmedabad,382213,IN,EN,+10-958-9346410,regulatory@world.courier.biopharma.c.com,36AAACD3069O1Z7,,,2020-10-29
0000000394,ZAPI,Lonza Biologics Custom Synthesis AG,Cold-Chain Depôt,LONZABIOL,18 Jeedimetla Industrial Estate,Bengaluru,560100,IN,EN,+86-858-3282980,regulatory@lonza.biologics.custom.sy.com,36AAACD7178R1Z8,,,2023-09-24
0000000395,ZCLD,World Courier Biopharma Cold-Chain ,,WORLDCOUR,185 IDA Bollaram Road,Mumbai,400072,IN,EN,+58-421-7656469,regulatory@world.courier.biopharma.c.com,36AAACD3379W1Z1,,,2017-09-12
0000000396,ZEXC,Ashland Specialty Pharma Polymers 3,,ASHLANDSP,6 Kendall Square,Hyderabad,500032,IN,EN,+69-804-1453591,regulatory@ashland.specialty.pharma..com,36AAACD5167N1Z1,,,2021-09-01
0000000397,ZCRO,SGS Health Science Bioanalytical Te,,SGSHEALTH,28 Genome Valley Phase 2,Bridgewater,08807,US,EN,+67-875-2671333,regulatory@sgs.health.science.bioana.com,93-8622234,,,2023-02-20
0000000398,ZMRO,Sartorius Stedim Biotech Sterile Fi,,SARTORIUS,160 HITEC City Bio Park,Strasbourg,67000,FR,FR,+35-495-2366868,regulatory@sartorius.stedim.biotech..com,FR11838997,,,2023-05-30
0000000399,ZPKG,Bilcare Research Pharma Blister Fil,Biologics Development Div,BILCARERE,118 Pharma City Industrial Zone,Geneva,1202,CH,DE,+38-673-8560624,regulatory@bilcare.research.pharma.b.com,CHE-281.584.823,,,2018-01-01
0000000400,ZPKG,Nemera Injectable Drug Delivery Dev,Sterile Fill-Finish Unit,NEMERAINJ,149 Innovation Parkway,San Diego,92121,US,EN,+74-902-4769753,regulatory@nemera.injectable.drug.de.com,74-4606708,,,2016-03-17
0000000401,ZCLD,Marken Clinical Cold Chain Logistic,,MARKENCLI,78 Science Park Road,Bridgewater,08807,US,EN,+13-335-9063783,regulatory@marken.clinical.cold.chai.com,43-2046086,,,2020-07-13
0000000402,ZEXC,Gattefosse Lipid Excipients Europe ,,GATTEFOSSE,187 Genome Valley Phase 2,Bengaluru,560100,IN,EN,+39-694-2701370,regulatory@gattefosse.lipid.excipien.com,36AAACD2106E1Z9,,,2021-06-13
0000000403,ZAPI,Hikal Fine Chemicals & Intermediate,,HIKALFINE,190 Pashamylaram Industrial Area,Hyderabad,500081,IN,EN,+89-761-8003119,regulatory@hikal.fine.chemicals.and..com,36AAACD7767C1Z1,,,2018-01-15
0000000404,ZEXC,Ashland Specialty Pharma Polymers 4,,ASHLANDSP,217 Biotechpark Freiburg,Princeton,08540,US,EN,+51-306-5589000,regulatory@ashland.specialty.pharma..com,63-7729924,,,2017-05-18
0000000405,ZPKG,Constantia Flexibles Coldform Foils,,CONSTANTIA,316 Discovery Boulevard,Hyderabad,500090,IN,EN,+84-488-6296457,regulatory@constantia.flexibles.cold.com,36AAACD7750M1Z3,,,2021-06-29
0000000406,ZAPI,Polpharma API & Advanced Intermedia,,POLPHARMA,288 Route de Crassier,Hyderabad,500072,IN,EN,+80-801-3479669,regulatory@polpharma.api.and.advance.com,36AAACD2770N1Z9,,,2023-04-08
0000000407,ZPKG,Datwyler Pharma Packaging Rubber Pl,,DATWYLERP,308 Biotechpark Freiburg,Hyderabad,500072,IN,EN,+9-724-8464320,regulatory@datwyler.pharma.packaging.com,36AAACD6428F1Z1,,,2023-07-05
0000000408,ZEXC,Colorcon Film Coating & Formulation,Quality Control Testing Lab,COLORCONF,16 Jeedimetla Industrial Estate,Schaffhausen,8200,CH,DE,+43-327-5359444,regulatory@colorcon.film.coating.and.com,CHE-436.361.127,,,2021-09-02
0000000409,ZAPI,Neuland Laboratories Custom APIs 40,,NEULANDLA,221 Route de Crassier,Philadelphia,19104,US,EN,+33-809-7404140,regulatory@neuland.laboratories.cust.com,58-4313667,,,2021-03-15
0000000410,ZEXC,Croda Pharma High Purity Lipids 410,,CRODAPHAR,243 Innovation Parkway,Biberach,88400,DE,DE,+58-418-7391569,regulatory@croda.pharma.high.purity..com,DE704830144,,,2020-11-29
0000000411,ZEXC,Shin-Etsu Chemical Cellulose Excipi,,SHINETSU,6 Pharma City Industrial Zone,Bridgewater,08807,US,EN,+12-619-6121408,regulatory@shin-etsu.chemical.cellul.com,57-7739291,,,2023-10-13
0000000412,ZCLD,World Courier Biopharma Cold-Chain ,Cold-Chain Depôt,WORLDCOUR,183 HITEC City Bio Park,Hyderabad,500072,IN,EN,+48-466-6788520,regulatory@world.courier.biopharma.c.com,36AAACD3151B1Z2,,,2018-12-09
0000000413,ZAPI,Granules India Active Pharmaceutica,,GRANULESI,240 Genome Valley Phase 2,Frankfurt,65926,DE,DE,+19-356-5553698,regulatory@granules.india.active.pha.com,DE898892085,,,2016-02-01
0000000414,ZAPI,Lonza Biologics Custom Synthesis AG,,LONZABIOL,224 Life Sciences Way,Hyderabad,500032,IN,EN,+84-139-4342961,regulatory@lonza.biologics.custom.sy.com,36AAACD1011M1Z4,,,2020-08-17
0000000415,ZMRO,Sartorius Stedim Biotech Sterile Fi,,SARTORIUS,190 Discovery Boulevard,Hyderabad,500078,IN,EN,+16-321-7418535,regulatory@sartorius.stedim.biotech..com,36AAACD1135H1Z6,,,2016-07-12
0000000416,ZCLD,DHL LifeConEx Validated Temperature,API Custom Synthesis Wing,DHLLIFECO,89 Technology Square,Darmstadt,64293,DE,DE,+32-252-6404332,regulatory@dhl.lifeconex.validated.t.com,DE764867876,,,2022-03-02
0000000417,ZMRO,BWT Pharma Pure Water & WFI Systems,,BWTPHARMA,268 Discovery Boulevard,Visakhapatnam,530017,IN,EN,+89-643-2421988,regulatory@bwt.pharma.pure.water.and.com,36AAACD4537A1Z5,,,2024-01-07
0000000418,ZCRO,Vetter Pharma Sterile Fill & Finish,,VETTERPHA,221 Biotechpark Freiburg,Basel,4058,CH,DE,+77-781-2876374,regulatory@vetter.pharma.sterile.fil.com,CHE-301.216.265,,,2021-08-26
0000000419,ZAPI,Hikal Fine Chemicals & Intermediate,,HIKALFINE,319 Kendall Square,Geneva,1202,CH,DE,+26-720-1489558,regulatory@hikal.fine.chemicals.and..com,CHE-588.399.614,,,2022-09-28
0000000420,ZCRO,SGS Health Science Bioanalytical Te,,SGSHEALTH,326 IDA Bollaram Road,Visakhapatnam,530017,IN,EN,+26-875-3400495,regulatory@sgs.health.science.bioana.com,36AAACD9917L1Z1,,,2020-01-23
0000000421,ZMRO,Merck Millipore BioMonitoring Testi,,MERCKMILL,83 IDA Bollaram Road,Hyderabad,500032,IN,EN,+55-397-6435441,regulatory@merck.millipore.biomonito.com,36AAACD9348G1Z2,,,2023-04-01
0000000422,ZEXC,Honeywell Research Chemicals & Solv,,HONEYWELL,39 Biotechpark Freiburg,Bridgewater,08807,US,EN,+11-501-5538774,regulatory@honeywell.research.chemic.com,85-2178392,,,2022-03-03
0000000423,ZAPI,Evonik Health Care Biomaterials 423,,EVONIKHEA,69 Genome Valley Phase 1,Mannheim,68305,DE,DE,+37-178-8822838,regulatory@evonik.health.care.biomat.com,DE308069116,,,2018-06-08
0000000424,ZAPI,Polpharma API & Advanced Intermedia,,POLPHARMA,232 Technology Square,Biberach,88400,DE,DE,+57-948-9027918,regulatory@polpharma.api.and.advance.com,DE121487170,,,2019-02-08
0000000425,ZEXC,Gattefosse Lipid Excipients Europe ,,GATTEFOSSE,272 Kendall Square,Hyderabad,500081,IN,EN,+22-203-3449739,regulatory@gattefosse.lipid.excipien.com,36AAACD6798B1Z1,,,2021-06-03
0000000426,ZMRO,BWT Pharma Pure Water & WFI Systems,Quality Control Testing Lab,BWTPHARMA,349 Life Sciences Way,Hyderabad,500032,IN,EN,+82-765-4469290,regulatory@bwt.pharma.pure.water.and.com,36AAACD9536Y1Z9,,,2018-01-10
0000000427,ZCRO,Icon Clinical Research Global 427,,ICONCLINI,128 HITEC City Bio Park,Cambridge,02139,US,EN,+77-864-4777876,regulatory@icon.clinical.research.gl.com,32-1293977,,,2016-03-22
0000000428,ZCRO,Eurofins BioPharma Testing Laborato,,EUROFINSB,259 Pharma City Industrial Zone,Dublin,D02 XY45,IE,EN,+39-814-3112183,regulatory@eurofins.biopharma.testin.com,IE2280369Z,,,2016-11-04
0000000429,ZCRO,Catalent Pharma Solutions Softgel &,,CATALENTP,238 Pharma City Industrial Zone,Lausanne,1015,CH,DE,+54-775-5949511,regulatory@catalent.pharma.solutions.com,CHE-787.461.389,,,2017-01-01
0000000430,ZPKG,Schott Pharma Borosilicate Glass Vi,Biologics Development Div,SCHOTTPHA,53 Discovery Boulevard,Hyderabad,500078,IN,EN,+73-558-9265332,regulatory@schott.pharma.borosilicat.com,36AAACD6264X1Z3,,,2022-08-09
0000000431,ZAPI,Granules India Active Pharmaceutica,,GRANULESI,162 Genome Valley Phase 2,Basel,4058,CH,DE,+21-821-8123550,regulatory@granules.india.active.pha.com,CHE-524.913.402,,,2018-08-29
0000000432,ZPKG,Bormioli Pharma Amber Glass Bottles,,BORMIOLIP,292 Genome Valley Phase 2,Mumbai,400072,IN,EN,+61-539-3893154,regulatory@bormioli.pharma.amber.gla.com,36AAACD6441C1Z4,,,2016-10-08
0000000433,ZPKG,Gerresheimer Primary Packaging Glas,,GERRESHEIM,44 HITEC City Bio Park,Schaffhausen,8200,CH,DE,+26-897-6849999,regulatory@gerresheimer.primary.pack.com,CHE-489.761.708,,,2024-02-23
0000000434,ZEXC,Gattefosse Lipid Excipients Europe ,Quality Control Testing Lab,GATTEFOSSE,13 Pashamylaram Industrial Area,Galway,H91 W2TV,IE,EN,+54-153-3258487,regulatory@gattefosse.lipid.excipien.com,IE3404054H,,,2018-02-03
0000000435,ZMRO,BWT Pharma Pure Water & WFI Systems,,BWTPHARMA,224 Industriepark Höchst,Geneva,1202,CH,DE,+22-533-3787740,regulatory@bwt.pharma.pure.water.and.com,CHE-841.119.507,,,2019-12-12
0000000436,ZCRO,SGS Health Science Bioanalytical Te,Quality Control Testing Lab,SGSHEALTH,24 Technology Square,Hyderabad,500078,IN,EN,+56-406-6051291,regulatory@sgs.health.science.bioana.com,36AAACD9978P1Z4,,,2016-09-28
0000000437,ZCLD,Envirotainer Temperature Controlled,,ENVIROTAIN,272 Genome Valley Phase 2,Zurich,8005,CH,DE,+91-221-1587552,regulatory@envirotainer.temperature..com,CHE-491.326.287,,,2018-10-18
0000000438,ZAPI,Hetero Drugs Bulk API Manufacturing,Sterile Fill-Finish Unit,HETERODRU,235 Jeedimetla Industrial Estate,Zurich,8005,CH,DE,+79-387-7830894,regulatory@hetero.drugs.bulk.api.man.com,CHE-893.432.145,,,2023-05-05
0000000439,ZCRO,WuXi Biologics Contract Development,,WUXIBIOLO,321 Technology Square,Bridgewater,08807,US,EN,+21-962-4188602,regulatory@wuxi.biologics.contract.d.com,29-7496420,,,2016-04-20
0000000440,ZCLD,Marken Clinical Cold Chain Logistic,,MARKENCLI,134 Genome Valley Phase 2,Macclesfield,SK10 2NA,GB,EN,+73-858-6355175,regulatory@marken.clinical.cold.chai.com,GB338496979,,,2022-09-07
0000000441,ZPKG,Aptar Pharma Metered Dose Inhalers ,,APTARPHAR,78 Silicon Docks,Basel,4058,CH,DE,+70-308-5785236,regulatory@aptar.pharma.metered.dose.com,CHE-503.650.611,,,2017-04-22
0000000442,ZCRO,Vetter Pharma Sterile Fill & Finish,,VETTERPHA,38 Genome Valley Phase 1,Macclesfield,SK10 2NA,GB,EN,+87-438-3719938,regulatory@vetter.pharma.sterile.fil.com,GB521631792,,,2023-11-22
0000000443,ZCLD,QuickSTAT Global Life Science Logis,API Custom Synthesis Wing,QUICKSTAT,312 Jeedimetla Industrial Estate,Frankfurt,65926,DE,DE,+3-904-9687249,regulatory@quickstat.global.life.sci.com,DE116459531,,,2024-03-16
0000000444,ZPKG,Aptar Pharma Metered Dose Inhalers ,,APTARPHAR,58 Route de Crassier,Bengaluru,560100,IN,EN,+52-836-8174587,regulatory@aptar.pharma.metered.dose.com,36AAACD2599O1Z3,,,2019-10-24
0000000445,ZMRO,Getinge Sterile Processing Equipmen,Cold-Chain Depôt,GETINGEST,146 Silicon Docks,Mumbai,400072,IN,EN,+19-996-6943850,regulatory@getinge.sterile.processin.com,36AAACD2194J1Z8,,,2017-01-21
0000000446,ZAPI,Hovione Pharmascience API Lisbon 44,,HOVIONEPH,60 Genome Valley Phase 2,Hyderabad,500072,IN,EN,+72-583-3959196,regulatory@hovione.pharmascience.api.com,36AAACD5276Q1Z3,,,2023-04-06
0000000447,ZAPI,Granules India Active Pharmaceutica,,GRANULESI,49 Novartis Campus Basel,Dublin,D02 XY45,IE,EN,+31-910-2901993,regulatory@granules.india.active.pha.com,IE3809777C,,,2018-06-01
0000000448,ZMRO,Sartorius Stedim Biotech Sterile Fi,,SARTORIUS,83 IDA Bollaram Road,Hyderabad,500081,IN,EN,+77-964-2531455,regulatory@sartorius.stedim.biotech..com,36AAACD9663H1Z9,,,2018-03-30
0000000449,ZCRO,Covance Central Laboratory Services,,COVANCECE,287 Grand Canal Square,Lausanne,1015,CH,DE,+64-610-2495186,regulatory@covance.central.laborator.com,CHE-261.743.556,,,2017-04-20
0000000450,ZEXC,Colorcon Film Coating & Formulation,Sterile Fill-Finish Unit,COLORCONF,128 Bio-Campus Drive,Boston,02210,US,EN,+71-946-5127856,regulatory@colorcon.film.coating.and.com,97-4578588,,,2017-03-22
0000000451,ZEXC,Thermo Fisher Scientific Fisher Che,Cold-Chain Depôt,THERMOFIS,153 Kendall Square,Hyderabad,500090,IN,EN,+44-706-2460356,regulatory@thermo.fisher.scientific..com,36AAACD5517O1Z9,,,2022-12-08
0000000452,ZMRO,Spirax Sarco Pure Steam Generators ,,SPIRAXSAR,135 Pashamylaram Industrial Area,Basel,4058,CH,DE,+14-414-3616931,regulatory@spirax.sarco.pure.steam.g.com,CHE-787.582.991,,,2023-06-04
0000000453,ZEXC,Honeywell Research Chemicals & Solv,Sterile Fill-Finish Unit,HONEYWELL,17 Technology Square,Basel,4058,CH,DE,+18-622-6132522,regulatory@honeywell.research.chemic.com,CHE-781.343.856,,,2019-06-08
0000000454,ZEXC,FMC BioPolymer Microcrystalline Cel,,FMCBIOPOL,51 IDA Bollaram Road,Zurich,8005,CH,DE,+90-475-3687758,regulatory@fmc.biopolymer.microcryst.com,CHE-748.671.914,,,2022-01-13
0000000455,ZAPI,Polpharma API & Advanced Intermedia,Biologics Development Div,POLPHARMA,99 Grand Canal Square,Mumbai,400072,IN,EN,+79-116-7192430,regulatory@polpharma.api.and.advance.com,36AAACD8873T1Z9,,,2023-01-28
0000000456,ZPKG,Bormioli Pharma Amber Glass Bottles,Cold-Chain Depôt,BORMIOLIP,30 Route de Crassier,Schaffhausen,8200,CH,DE,+95-906-2416772,regulatory@bormioli.pharma.amber.gla.com,CHE-218.147.862,,,2022-08-10
0000000457,ZMRO,Getinge Sterile Processing Equipmen,Quality Control Testing Lab,GETINGEST,71 Science Park Road,Schaffhausen,8200,CH,DE,+75-145-7942932,regulatory@getinge.sterile.processin.com,CHE-531.465.383,,,2016-04-15
0000000458,ZAPI,Bachem Peptide Synthesis Group 458,,BACHEMPEP,200 Life Sciences Way,Basel,4058,CH,DE,+30-718-5416835,regulatory@bachem.peptide.synthesis..com,CHE-585.477.453,,,2022-08-23
0000000459,ZAPI,Cambrex Fine Chemicals & Custom API,,CAMBREXFI,326 Silicon Docks,Bengaluru,560100,IN,EN,+6-347-2242633,regulatory@cambrex.fine.chemicals.an.com,36AAACD5710W1Z5,,,2016-09-22
0000000460,ZMRO,Steris Life Sciences GMP Decontamin,Biologics Development Div,STERISLIF,177 Kendall Square,Leverkusen,51373,DE,DE,+49-533-5372403,regulatory@steris.life.sciences.gmp..com,DE974080078,,,2018-09-22
0000000461,ZEXC,Shin-Etsu Chemical Cellulose Excipi,,SHINETSU,117 Technology Square,Philadelphia,19104,US,EN,+31-493-1242028,regulatory@shin-etsu.chemical.cellul.com,75-6603995,,,2020-09-26
0000000462,ZCRO,Vetter Pharma Sterile Fill & Finish,,VETTERPHA,16 Route de Crassier,Boston,02210,US,EN,+27-870-3730288,regulatory@vetter.pharma.sterile.fil.com,72-9391176,,,2016-09-29
0000000463,ZEXC,Gattefosse Lipid Excipients Europe ,,GATTEFOSSE,324 Route de Crassier,Zurich,8005,CH,DE,+46-120-8663349,regulatory@gattefosse.lipid.excipien.com,CHE-894.288.195,,,2017-07-10
0000000464,ZMRO,Getinge Sterile Processing Equipmen,API Custom Synthesis Wing,GETINGEST,241 Life Sciences Way,Cambridge,02139,US,EN,+98-311-8072243,regulatory@getinge.sterile.processin.com,60-7261792,,,2022-10-10
0000000465,ZCLD,Ceva Biopharma Dedicated Logistics ,,CEVABIOPH,136 Pharma City Industrial Zone,Hyderabad,500090,IN,EN,+89-467-1343451,regulatory@ceva.biopharma.dedicated..com,36AAACD9687M1Z2,,,2020-01-22
0000000466,ZAPI,Polpharma API & Advanced Intermedia,API Custom Synthesis Wing,POLPHARMA,143 Innovation Parkway,Hyderabad,500090,IN,EN,+55-593-5999810,regulatory@polpharma.api.and.advance.com,36AAACD4839C1Z2,,,2018-06-03
0000000467,ZEXC,BASF Pharma Solutions Excipients 46,Biologics Development Div,BASFPHARM,236 Grand Canal Square,Macclesfield,SK10 2NA,GB,EN,+26-879-4321860,regulatory@basf.pharma.solutions.exc.com,GB701181929,,,2023-03-26
0000000468,ZEXC,Honeywell Research Chemicals & Solv,,HONEYWELL,289 Pashamylaram Industrial Area,Zurich,8005,CH,DE,+48-730-2872997,regulatory@honeywell.research.chemic.com,CHE-257.130.603,,,2019-01-19
0000000469,ZAPI,Granules India Active Pharmaceutica,,GRANULESI,163 Novartis Campus Basel,Basel,4058,CH,DE,+90-248-1445207,regulatory@granules.india.active.pha.com,CHE-723.270.339,,,2019-07-16
0000000470,ZMRO,Endress+Hauser Sanitary Flowmeters ,,ENDRESS+HA,148 Novartis Campus Basel,Hyderabad,500081,IN,EN,+15-426-8426969,regulatory@endress+hauser.sanitary.f.com,36AAACD5033T1Z6,,,2019-12-20
0000000471,ZCRO,Charles River Laboratories Preclini,,CHARLESRI,13 Technology Square,Basel,4058,CH,DE,+79-637-9620294,regulatory@charles.river.laboratorie.com,CHE-684.254.774,,,2016-08-14
0000000472,ZCLD,Marken Clinical Cold Chain Logistic,,MARKENCLI,140 Route de Crassier,Bengaluru,560100,IN,EN,+20-430-1440469,regulatory@marken.clinical.cold.chai.com,36AAACD5834M1Z8,,,2017-03-25
0000000473,ZCLD,QuickSTAT Global Life Science Logis,,QUICKSTAT,161 Grand Canal Square,Philadelphia,19104,US,EN,+89-593-9173450,regulatory@quickstat.global.life.sci.com,29-8608925,,,2020-09-23
0000000474,ZAPI,Lonza Biologics Custom Synthesis AG,Biologics Development Div,LONZABIOL,93 Route de Crassier,Basel,4058,CH,DE,+3-863-6730177,regulatory@lonza.biologics.custom.sy.com,CHE-949.638.309,,,2020-02-22
0000000475,ZPKG,Aptar Pharma Metered Dose Inhalers ,,APTARPHAR,25 Genome Valley Phase 2,Philadelphia,19104,US,EN,+59-730-3279663,regulatory@aptar.pharma.metered.dose.com,94-7847352,,,2016-09-13
0000000476,ZAPI,Bachem Peptide Synthesis Group 476,,BACHEMPEP,127 Route de Crassier,Hyderabad,500072,IN,EN,+76-155-1411756,regulatory@bachem.peptide.synthesis..com,36AAACD9359D1Z5,,,2020-01-29
0000000477,ZEXC,Shin-Etsu Chemical Cellulose Excipi,Clinical Trial Packaging Hub,SHINETSU,226 Genome Valley Phase 1,Durham,27709,US,EN,+35-790-1789598,regulatory@shin-etsu.chemical.cellul.com,87-8673816,,,2019-11-01
0000000478,ZCRO,IQVIA Clinical Research Solutions 4,,IQVIACLIN,224 Discovery Boulevard,Basel,4058,CH,DE,+59-703-8199607,regulatory@iqvia.clinical.research.s.com,CHE-990.631.707,,,2020-01-06
0000000479,ZCRO,Wuxi AppTec Laboratory Testing Divi,Quality Control Testing Lab,WUXIAPPTE,155 Bio-Campus Drive,Bridgewater,08807,US,EN,+72-867-2750470,regulatory@wuxi.apptec.laboratory.te.com,84-6828591,,,2019-10-19
0000000480,ZPKG,Datwyler Pharma Packaging Rubber Pl,,DATWYLERP,246 Kendall Square,Zurich,8005,CH,DE,+48-179-6616295,regulatory@datwyler.pharma.packaging.com,CHE-202.550.566,,,2022-09-25
0000000481,ZCLD,QuickSTAT Global Life Science Logis,,QUICKSTAT,311 Innovation Parkway,Hyderabad,500032,IN,EN,+19-865-2473703,regulatory@quickstat.global.life.sci.com,36AAACD2485S1Z5,,,2022-06-27
0000000482,ZEXC,Avantor Performance Materials J.T.B,,AVANTORPE,55 Silicon Docks,London,WC1E 6BT,GB,EN,+70-353-9795248,regulatory@avantor.performance.mater.com,GB480784623,,,2018-01-03
0000000483,ZEXC,Ashland Specialty Pharma Polymers 4,Biologics Development Div,ASHLANDSP,246 Life Sciences Way,Basel,4058,CH,DE,+20-682-2347955,regulatory@ashland.specialty.pharma..com,CHE-788.797.668,,,2017-01-20
0000000484,ZAPI,Granules India Active Pharmaceutica,,GRANULESI,206 Jeedimetla Industrial Estate,London,WC1E 6BT,GB,EN,+41-695-7448152,regulatory@granules.india.active.pha.com,GB627331209,,,2016-01-25
0000000485,ZAPI,Neuland Laboratories Custom APIs 48,,NEULANDLA,155 Biotechpark Freiburg,Lausanne,1015,CH,DE,+29-931-8201470,regulatory@neuland.laboratories.cust.com,CHE-999.656.181,,,2019-10-09
0000000486,ZAPI,Hovione Pharmascience API Lisbon 48,,HOVIONEPH,267 Science Park Road,Philadelphia,19104,US,EN,+1-944-9222476,regulatory@hovione.pharmascience.api.com,37-7456826,,,2017-11-01
0000000487,ZEXC,Gattefosse Lipid Excipients Europe ,,GATTEFOSSE,128 Jeedimetla Industrial Estate,Mumbai,400072,IN,EN,+26-441-6485247,regulatory@gattefosse.lipid.excipien.com,36AAACD5620O1Z7,,,2023-01-02
0000000488,ZCLD,DHL LifeConEx Validated Temperature,,DHLLIFECO,28 Life Sciences Way,Mumbai,400072,IN,EN,+68-632-1124893,regulatory@dhl.lifeconex.validated.t.com,36AAACD8594V1Z4,,,2018-08-19
0000000489,ZMRO,Endress+Hauser Sanitary Flowmeters ,Clinical Trial Packaging Hub,ENDRESS+HA,78 Life Sciences Way,Lyon,69007,FR,FR,+47-586-5185364,regulatory@endress+hauser.sanitary.f.com,FR80457601,,,2022-08-21
0000000490,ZEXC,Honeywell Research Chemicals & Solv,,HONEYWELL,131 Novartis Campus Basel,Hyderabad,500032,IN,EN,+91-777-3674504,regulatory@honeywell.research.chemic.com,36AAACD8280W1Z2,,,2021-06-30
0000000491,ZEXC,BASF Pharma Solutions Excipients 49,Cold-Chain Depôt,BASFPHARM,176 IDA Bollaram Road,Bengaluru,560100,IN,EN,+98-707-3985634,regulatory@basf.pharma.solutions.exc.com,36AAACD9935I1Z8,,,2024-01-22
0000000492,ZMRO,Pall Medical Biopharmaceutical Filt,,PALLMEDIC,243 Pashamylaram Industrial Area,Ahmedabad,382213,IN,EN,+67-987-5452685,regulatory@pall.medical.biopharmaceu.com,36AAACD5365D1Z2,,,2016-10-15
0000000493,ZEXC,BASF Pharma Solutions Excipients 49,,BASFPHARM,292 Technology Square,Biberach,88400,DE,DE,+47-409-9175629,regulatory@basf.pharma.solutions.exc.com,DE266448112,,,2023-01-24
0000000494,ZAPI,Polpharma API & Advanced Intermedia,,POLPHARMA,189 Life Sciences Way,Lyon,69007,FR,FR,+38-376-5614385,regulatory@polpharma.api.and.advance.com,FR63724194,,,2019-10-31
0000000495,ZEXC,Thermo Fisher Scientific Fisher Che,,THERMOFIS,67 Science Park Road,Ingelheim,55218,DE,DE,+92-897-4497037,regulatory@thermo.fisher.scientific..com,DE960693136,,,2019-03-07
0000000496,ZAPI,Divi's Laboratories Custom Synthesi,,DIVISLAB,71 Grand Canal Square,Hyderabad,500072,IN,EN,+2-647-4015252,regulatory@divis.laboratories.custom.com,36AAACD4923S1Z2,,,2018-04-21
0000000497,ZAPI,Hetero Drugs Bulk API Manufacturing,API Custom Synthesis Wing,HETERODRU,254 Genome Valley Phase 1,Mumbai,400072,IN,EN,+91-814-8080084,regulatory@hetero.drugs.bulk.api.man.com,36AAACD6629S1Z5,,,2022-07-02
0000000498,ZAPI,Hikal Fine Chemicals & Intermediate,,HIKALFINE,17 Technology Square,Princeton,08540,US,EN,+22-718-5789749,regulatory@hikal.fine.chemicals.and..com,32-8207589,,,2016-07-25
0000000499,ZAPI,Granules India Active Pharmaceutica,Sterile Fill-Finish Unit,GRANULESI,67 Science Park Road,Hyderabad,500032,IN,EN,+3-763-2729544,regulatory@granules.india.active.pha.com,36AAACD8761D1Z3,,,2020-02-02
0000000500,ZMRO,Syntegon Pharma Technology Packagin,Biologics Development Div,SYNTEGONP,92 Genome Valley Phase 1,Hyderabad,500072,IN,EN,+98-393-2917922,regulatory@syntegon.pharma.technolog.com,36AAACD9010A1Z9,,,2023-03-24
0000000501,ZCLD,World Courier Biopharma Cold-Chain ,,WORLDCOUR,326 Kendall Square,London,WC1E 6BT,GB,EN,+52-773-5550470,regulatory@world.courier.biopharma.c.com,GB208899752,,,2019-05-25
0000000502,ZAPI,Aarti Industries Specialty Intermed,,AARTIINDU,339 Bio-Campus Drive,Hyderabad,500081,IN,EN,+14-979-5086571,regulatory@aarti.industries.specialt.com,36AAACD2176C1Z4,,,2018-08-07
0000000503,ZEXC,Meggle Pharma Excipients & Binders ,,MEGGLEPHA,348 Industriepark Höchst,Zurich,8005,CH,DE,+63-465-5014296,regulatory@meggle.pharma.excipients..com,CHE-666.191.132,,,2017-07-09
0000000504,ZMRO,Steris Life Sciences GMP Decontamin,,STERISLIF,36 Grand Canal Square,Schaffhausen,8200,CH,DE,+84-408-8884587,regulatory@steris.life.sciences.gmp..com,CHE-629.481.122,,,2023-03-01
0000000505,ZPKG,Gerresheimer Primary Packaging Glas,,GERRESHEIM,77 Pharma City Industrial Zone,Paris,75015,FR,FR,+89-435-7774608,regulatory@gerresheimer.primary.pack.com,FR90375108,,,2016-08-21
0000000506,ZPKG,Datwyler Pharma Packaging Rubber Pl,,DATWYLERP,297 Silicon Docks,Bengaluru,560100,IN,EN,+76-363-8797435,regulatory@datwyler.pharma.packaging.com,36AAACD1455Q1Z1,,,2018-07-09
0000000507,ZMRO,BWT Pharma Pure Water & WFI Systems,,BWTPHARMA,154 Novartis Campus Basel,Bridgewater,08807,US,EN,+53-126-9578625,regulatory@bwt.pharma.pure.water.and.com,60-5012131,,,2018-06-20
0000000508,ZAPI,Polpharma API & Advanced Intermedia,Cold-Chain Depôt,POLPHARMA,156 Silicon Docks,Geneva,1202,CH,DE,+37-176-9198868,regulatory@polpharma.api.and.advance.com,CHE-456.769.850,,,2018-05-27
0000000509,ZPKG,Schott Pharma Borosilicate Glass Vi,Biologics Development Div,SCHOTTPHA,343 Genome Valley Phase 2,Basel,4058,CH,DE,+6-819-6482402,regulatory@schott.pharma.borosilicat.com,CHE-542.273.866,,,2021-01-18
0000000510,ZAPI,Neuland Laboratories Custom APIs 51,,NEULANDLA,134 Life Sciences Way,Schaffhausen,8200,CH,DE,+84-356-6830100,regulatory@neuland.laboratories.cust.com,CHE-252.971.329,,,2017-10-10
0000000511,ZCRO,Eurofins BioPharma Testing Laborato,Sterile Fill-Finish Unit,EUROFINSB,323 Pharma City Industrial Zone,Philadelphia,19104,US,EN,+63-435-8134069,regulatory@eurofins.biopharma.testin.com,69-4719628,,,2020-06-25
0000000512,ZMRO,Spirax Sarco Pure Steam Generators ,,SPIRAXSAR,276 Life Sciences Way,Ahmedabad,382213,IN,EN,+35-774-2046035,regulatory@spirax.sarco.pure.steam.g.com,36AAACD9102B1Z8,,,2017-07-25
0000000513,ZCLD,Marken Clinical Cold Chain Logistic,,MARKENCLI,56 IDA Bollaram Road,Boston,02210,US,EN,+49-563-9168521,regulatory@marken.clinical.cold.chai.com,50-1535019,,,2018-02-27
0000000514,ZEXC,Croda Pharma High Purity Lipids 514,,CRODAPHAR,157 IDA Bollaram Road,Hyderabad,500081,IN,EN,+47-300-9727304,regulatory@croda.pharma.high.purity..com,36AAACD1583I1Z2,,,2016-12-19
0000000515,ZEXC,FMC BioPolymer Microcrystalline Cel,,FMCBIOPOL,163 Grand Canal Square,Zurich,8005,CH,DE,+32-760-7326043,regulatory@fmc.biopolymer.microcryst.com,CHE-769.208.501,,,2017-12-22
0000000516,ZEXC,Ashland Specialty Pharma Polymers 5,Sterile Fill-Finish Unit,ASHLANDSP,26 Industriepark Höchst,Durham,27709,US,EN,+87-185-5051873,regulatory@ashland.specialty.pharma..com,43-8992734,,,2016-12-04
0000000517,ZAPI,Cambrex Fine Chemicals & Custom API,Sterile Fill-Finish Unit,CAMBREXFI,339 Technology Square,Mumbai,400072,IN,EN,+6-171-7315615,regulatory@cambrex.fine.chemicals.an.com,36AAACD6056Z1Z4,,,2018-11-12
0000000518,ZCRO,WuXi Biologics Contract Development,Sterile Fill-Finish Unit,WUXIBIOLO,198 Grand Canal Square,Darmstadt,64293,DE,DE,+18-685-9901083,regulatory@wuxi.biologics.contract.d.com,DE983220323,,,2021-12-15
0000000519,ZCLD,Envirotainer Temperature Controlled,,ENVIROTAIN,5 Jeedimetla Industrial Estate,Frankfurt,65926,DE,DE,+1-402-4585100,regulatory@envirotainer.temperature..com,DE241477057,,,2017-04-29
0000000520,ZCLD,Envirotainer Temperature Controlled,,ENVIROTAIN,73 Silicon Docks,Lausanne,1015,CH,DE,+17-487-5600042,regulatory@envirotainer.temperature..com,CHE-729.233.663,,,2021-11-06
0000000521,ZMRO,Steris Life Sciences GMP Decontamin,,STERISLIF,198 Technology Square,Mumbai,400072,IN,EN,+92-560-1580113,regulatory@steris.life.sciences.gmp..com,36AAACD7413N1Z4,,,2016-09-08
0000000522,ZMRO,Spirax Sarco Pure Steam Generators ,Sterile Fill-Finish Unit,SPIRAXSAR,148 Pharma City Industrial Zone,Boston,02210,US,EN,+40-527-7230061,regulatory@spirax.sarco.pure.steam.g.com,31-9894558,,,2018-06-14
0000000523,ZCLD,QuickSTAT Global Life Science Logis,,QUICKSTAT,236 Pashamylaram Industrial Area,Leverkusen,51373,DE,DE,+34-424-4999826,regulatory@quickstat.global.life.sci.com,DE613643404,,,2018-08-31
0000000524,ZCLD,Marken Clinical Cold Chain Logistic,API Custom Synthesis Wing,MARKENCLI,2 Biotechpark Freiburg,Basel,4058,CH,DE,+25-539-9394232,regulatory@marken.clinical.cold.chai.com,CHE-386.793.116,,,2021-02-24
0000000525,ZEXC,BASF Pharma Solutions Excipients 52,,BASFPHARM,215 Discovery Boulevard,Ahmedabad,382213,IN,EN,+7-993-2825917,regulatory@basf.pharma.solutions.exc.com,36AAACD9001T1Z5,,,2018-01-01
0000000526,ZCLD,Ceva Biopharma Dedicated Logistics ,,CEVABIOPH,50 Technology Square,Hyderabad,500032,IN,EN,+82-432-8579393,regulatory@ceva.biopharma.dedicated..com,36AAACD7295Z1Z7,,,2024-03-05
0000000527,ZMRO,Getinge Sterile Processing Equipmen,Biologics Development Div,GETINGEST,95 Pharma City Industrial Zone,Basel,4058,CH,DE,+67-609-7981668,regulatory@getinge.sterile.processin.com,CHE-900.689.477,,,2022-10-01
0000000528,ZCLD,Kuehne + Nagel PharmaChain Cold Sto,,KUEHNE+N,26 Jeedimetla Industrial Estate,Basel,4058,CH,DE,+71-118-5118330,regulatory@kuehne.+.nagel.pharmachai.com,CHE-996.146.422,,,2020-11-18
0000000529,ZCRO,Covance Central Laboratory Services,,COVANCECE,237 Discovery Boulevard,Hyderabad,500090,IN,EN,+73-158-2491206,regulatory@covance.central.laborator.com,36AAACD2987U1Z3,,,2022-08-24
0000000530,ZMRO,BWT Pharma Pure Water & WFI Systems,,BWTPHARMA,290 IDA Bollaram Road,Strasbourg,67000,FR,FR,+44-859-5427933,regulatory@bwt.pharma.pure.water.and.com,FR63366968,,,2016-09-09
0000000531,ZAPI,Evonik Health Care Biomaterials 531,,EVONIKHEA,45 Discovery Boulevard,Bengaluru,560100,IN,EN,+11-470-6264025,regulatory@evonik.health.care.biomat.com,36AAACD8440A1Z4,,,2023-02-08
0000000532,ZCRO,Covance Central Laboratory Services,,COVANCECE,132 Kendall Square,Hyderabad,500032,IN,EN,+8-238-9243970,regulatory@covance.central.laborator.com,36AAACD7339X1Z9,,,2022-01-22
0000000533,ZEXC,Roquette Pharma Excipients & Polyol,,ROQUETTEP,202 Jeedimetla Industrial Estate,Hyderabad,500090,IN,EN,+85-629-5941822,regulatory@roquette.pharma.excipient.com,36AAACD4389F1Z6,,,2022-12-25
0000000534,ZMRO,Sartorius Stedim Biotech Sterile Fi,,SARTORIUS,256 Biotechpark Freiburg,Schaffhausen,8200,CH,DE,+34-803-7567198,regulatory@sartorius.stedim.biotech..com,CHE-204.664.432,,,2016-03-28
0000000535,ZEXC,Croda Pharma High Purity Lipids 535,,CRODAPHAR,108 Genome Valley Phase 2,Macclesfield,SK10 2NA,GB,EN,+81-537-7312026,regulatory@croda.pharma.high.purity..com,GB708924448,,,2017-06-02
0000000536,ZPKG,Schott Pharma Borosilicate Glass Vi,,SCHOTTPHA,80 Innovation Parkway,Galway,H91 W2TV,IE,EN,+90-350-5566221,regulatory@schott.pharma.borosilicat.com,IE3202955R,,,2022-02-12
0000000537,ZCRO,WuXi Biologics Contract Development,Quality Control Testing Lab,WUXIBIOLO,144 Grand Canal Square,Ingelheim,55218,DE,DE,+52-349-7945368,regulatory@wuxi.biologics.contract.d.com,DE962526059,,,2020-03-12
0000000538,ZAPI,Lonza Biologics Custom Synthesis AG,,LONZABIOL,166 Science Park Road,Darmstadt,64293,DE,DE,+43-744-8141538,regulatory@lonza.biologics.custom.sy.com,DE152198323,,,2024-02-02
0000000539,ZAPI,Dishman Carbogen Amcis APIs 539,,DISHMANCA,49 HITEC City Bio Park,Hyderabad,500072,IN,EN,+67-566-5222135,regulatory@dishman.carbogen.amcis.ap.com,36AAACD4893K1Z3,,,2017-10-25
0000000540,ZPKG,Bilcare Research Pharma Blister Fil,,BILCARERE,204 Kendall Square,London,WC1E 6BT,GB,EN,+62-167-5228300,regulatory@bilcare.research.pharma.b.com,GB740520497,,,2020-10-28
0000000541,ZCLD,Ceva Biopharma Dedicated Logistics ,,CEVABIOPH,210 Genome Valley Phase 2,Visakhapatnam,530017,IN,EN,+35-792-7193387,regulatory@ceva.biopharma.dedicated..com,36AAACD4766T1Z8,,,2019-05-24
0000000542,ZPKG,SGD Pharma Type I Molded Vials 542,,SGDPHARMA,249 Discovery Boulevard,Cork,T12 A26F,IE,EN,+47-473-4793743,regulatory@sgd.pharma.type.i.molded..com,IE8535914I,,,2019-12-21
0000000543,ZMRO,Spirax Sarco Pure Steam Generators ,,SPIRAXSAR,174 Technology Square,Lausanne,1015,CH,DE,+84-260-9584746,regulatory@spirax.sarco.pure.steam.g.com,CHE-130.726.400,,,2018-02-17
0000000544,ZEXC,Colorcon Film Coating & Formulation,Clinical Trial Packaging Hub,COLORCONF,302 Jeedimetla Industrial Estate,Hyderabad,500081,IN,EN,+68-895-6537064,regulatory@colorcon.film.coating.and.com,36AAACD9139F1Z2,,,2019-10-18
0000000545,ZMRO,Merck Millipore BioMonitoring Testi,Quality Control Testing Lab,MERCKMILL,31 Novartis Campus Basel,Biberach,88400,DE,DE,+52-706-5480397,regulatory@merck.millipore.biomonito.com,DE585191999,,,2021-12-03
0000000546,ZEXC,Thermo Fisher Scientific Fisher Che,,THERMOFIS,292 Genome Valley Phase 2,Biberach,88400,DE,DE,+71-313-5672611,regulatory@thermo.fisher.scientific..com,DE762356724,,,2017-09-19
0000000547,ZAPI,Bachem Peptide Synthesis Group 547,,BACHEMPEP,145 Bio-Campus Drive,Philadelphia,19104,US,EN,+58-826-6598913,regulatory@bachem.peptide.synthesis..com,84-9276557,,,2017-01-25
0000000548,ZCRO,PPD Clinical Research Services 548,,PPDCLINIC,268 Technology Square,Schaffhausen,8200,CH,DE,+56-602-2822473,regulatory@ppd.clinical.research.ser.com,CHE-477.128.970,,,2019-12-30
0000000549,ZPKG,West Pharmaceutical Services Stoppe,Cold-Chain Depôt,WESTPHARM,102 Genome Valley Phase 2,Boston,02210,US,EN,+33-864-4785141,regulatory@west.pharmaceutical.servi.com,34-6932288,,,2017-01-13
0000000550,ZCLD,Ceva Biopharma Dedicated Logistics ,,CEVABIOPH,286 Industriepark Höchst,Mumbai,400072,IN,EN,+76-884-1534322,regulatory@ceva.biopharma.dedicated..com,36AAACD1966Z1Z9,,,2016-09-02
0000000551,ZEXC,DFE Pharma Inhalation Lactose 551,,DFEPHARMA,132 Discovery Boulevard,Visakhapatnam,530017,IN,EN,+34-906-2355802,regulatory@dfe.pharma.inhalation.lac.com,36AAACD1553P1Z3,,,2016-09-26
0000000552,ZCLD,Marken Clinical Cold Chain Logistic,,MARKENCLI,24 Genome Valley Phase 2,Hyderabad,500078,IN,EN,+30-663-5684136,regulatory@marken.clinical.cold.chai.com,36AAACD1913Z1Z5,,,2016-11-03
0000000553,ZAPI,Neuland Laboratories Custom APIs 55,API Custom Synthesis Wing,NEULANDLA,89 Technology Square,Boston,02210,US,EN,+88-257-1292032,regulatory@neuland.laboratories.cust.com,18-3175591,,,2017-07-28
0000000554,ZCRO,IQVIA Clinical Research Solutions 5,Sterile Fill-Finish Unit,IQVIACLIN,292 Kendall Square,Hyderabad,500032,IN,EN,+37-153-3727968,regulatory@iqvia.clinical.research.s.com,36AAACD3086T1Z1,,,2023-01-17
0000000555,ZAPI,Divi's Laboratories Custom Synthesi,API Custom Synthesis Wing,DIVISLAB,320 Technology Square,Zurich,8005,CH,DE,+89-313-6906602,regulatory@divis.laboratories.custom.com,CHE-296.905.836,,,2019-10-30
0000000556,ZMRO,Spirax Sarco Pure Steam Generators ,,SPIRAXSAR,179 Pharma City Industrial Zone,Zurich,8005,CH,DE,+18-266-2453793,regulatory@spirax.sarco.pure.steam.g.com,CHE-550.802.824,,,2018-05-11
0000000557,ZEXC,Colorcon Film Coating & Formulation,Cold-Chain Depôt,COLORCONF,285 HITEC City Bio Park,Hyderabad,500072,IN,EN,+43-661-9549392,regulatory@colorcon.film.coating.and.com,36AAACD4778D1Z7,,,2021-07-13
0000000558,ZEXC,Croda Pharma High Purity Lipids 558,,CRODAPHAR,208 Industriepark Höchst,Geneva,1202,CH,DE,+94-718-3098399,regulatory@croda.pharma.high.purity..com,CHE-534.161.446,,,2018-02-06
0000000559,ZMRO,Merck Millipore BioMonitoring Testi,,MERCKMILL,328 Silicon Docks,Ahmedabad,382213,IN,EN,+18-484-4225642,regulatory@merck.millipore.biomonito.com,36AAACD1058T1Z2,,,2022-06-30
0000000560,ZEXC,FMC BioPolymer Microcrystalline Cel,Quality Control Testing Lab,FMCBIOPOL,213 Life Sciences Way,Strasbourg,67000,FR,FR,+75-962-5784820,regulatory@fmc.biopolymer.microcryst.com,FR93312124,,,2018-01-10
0000000561,ZAPI,Evonik Health Care Biomaterials 561,,EVONIKHEA,57 Pharma City Industrial Zone,Mumbai,400072,IN,EN,+93-927-4343367,regulatory@evonik.health.care.biomat.com,36AAACD6646N1Z9,,,2023-04-21
0000000562,ZAPI,Divi's Laboratories Custom Synthesi,,DIVISLAB,46 Pharma City Industrial Zone,Zurich,8005,CH,DE,+52-668-1575681,regulatory@divis.laboratories.custom.com,CHE-878.578.760,,,2020-08-22
0000000563,ZCRO,WuXi Biologics Contract Development,,WUXIBIOLO,160 Pharma City Industrial Zone,Boston,02210,US,EN,+25-125-6729802,regulatory@wuxi.biologics.contract.d.com,43-5383204,,,2016-09-21
0000000564,ZAPI,Cambrex Fine Chemicals & Custom API,,CAMBREXFI,169 Technology Square,Hyderabad,500072,IN,EN,+15-871-3520059,regulatory@cambrex.fine.chemicals.an.com,36AAACD6763V1Z5,,,2019-02-17
0000000565,ZEXC,FMC BioPolymer Microcrystalline Cel,,FMCBIOPOL,47 Route de Crassier,Cambridge,02139,US,EN,+73-794-3620502,regulatory@fmc.biopolymer.microcryst.com,19-2289816,,,2017-09-25
0000000566,ZPKG,Amcor Flexibles Healthcare Packagin,Clinical Trial Packaging Hub,AMCORFLEX,69 Genome Valley Phase 1,Geneva,1202,CH,DE,+81-294-8613966,regulatory@amcor.flexibles.healthcar.com,CHE-923.983.602,,,2019-03-12
0000000567,ZPKG,Nemera Injectable Drug Delivery Dev,,NEMERAINJ,203 Biotechpark Freiburg,Mumbai,400072,IN,EN,+65-866-4827291,regulatory@nemera.injectable.drug.de.com,36AAACD7988R1Z7,,,2016-04-14
0000000568,ZPKG,Nipro PharmaPackaging Syringes 568,,NIPROPHAR,256 Science Park Road,Cork,T12 A26F,IE,EN,+31-247-1272583,regulatory@nipro.pharmapackaging.syr.com,IE1486428V,,,2022-08-29
0000000569,ZCRO,PPD Clinical Research Services 569,,PPDCLINIC,304 Pharma City Industrial Zone,Lausanne,1015,CH,DE,+11-325-3041738,regulatory@ppd.clinical.research.ser.com,CHE-558.752.433,,,2018-07-03
0000000570,ZAPI,Biocon Biologics Recombinant Insuli,,BIOCONBIO,17 Discovery Boulevard,Hyderabad,500072,IN,EN,+39-987-4401943,regulatory@biocon.biologics.recombin.com,36AAACD6865J1Z7,,,2023-04-16
0000000571,ZCRO,PPD Clinical Research Services 571,,PPDCLINIC,2 Genome Valley Phase 1,Philadelphia,19104,US,EN,+66-764-9905817,regulatory@ppd.clinical.research.ser.com,18-2770236,,,2019-06-02
0000000572,ZCLD,QuickSTAT Global Life Science Logis,,QUICKSTAT,307 Biotechpark Freiburg,London,WC1E 6BT,GB,EN,+98-862-2005231,regulatory@quickstat.global.life.sci.com,GB352046211,,,2019-01-27
0000000573,ZMRO,Getinge Sterile Processing Equipmen,,GETINGEST,272 HITEC City Bio Park,Ahmedabad,382213,IN,EN,+48-388-8585204,regulatory@getinge.sterile.processin.com,36AAACD3366M1Z2,,,2020-11-24
0000000574,ZCRO,SGS Health Science Bioanalytical Te,,SGSHEALTH,246 Life Sciences Way,Schaffhausen,8200,CH,DE,+13-411-3994947,regulatory@sgs.health.science.bioana.com,CHE-779.423.641,,,2021-07-29
0000000575,ZMRO,Ecolab Life Sciences Cleanroom Disi,,ECOLABLIF,236 Pharma City Industrial Zone,Boston,02210,US,EN,+60-583-6704387,regulatory@ecolab.life.sciences.clea.com,39-3990997,,,2017-11-02
0000000576,ZCRO,Medpace Clinical Pharmacology Unit ,,MEDPACECL,254 Bio-Campus Drive,Basel,4058,CH,DE,+4-558-1209642,regulatory@medpace.clinical.pharmaco.com,CHE-480.187.926,,,2020-07-13
0000000577,ZCRO,Eurofins BioPharma Testing Laborato,Biologics Development Div,EUROFINSB,130 Silicon Docks,Visakhapatnam,530017,IN,EN,+77-275-5500293,regulatory@eurofins.biopharma.testin.com,36AAACD5832Q1Z6,,,2018-05-09
0000000578,ZCRO,Wuxi AppTec Laboratory Testing Divi,API Custom Synthesis Wing,WUXIAPPTE,88 Pashamylaram Industrial Area,Cambridge,02139,US,EN,+74-347-3806045,regulatory@wuxi.apptec.laboratory.te.com,24-7029609,,,2018-08-12
0000000579,ZAPI,Evonik Health Care Biomaterials 579,,EVONIKHEA,78 Genome Valley Phase 1,Lyon,69007,FR,FR,+46-546-7669624,regulatory@evonik.health.care.biomat.com,FR65676669,,,2020-11-01
0000000580,ZAPI,Evonik Health Care Biomaterials 580,,EVONIKHEA,166 Discovery Boulevard,Geneva,1202,CH,DE,+95-285-5235636,regulatory@evonik.health.care.biomat.com,CHE-260.255.204,,,2020-03-08
0000000581,ZEXC,Croda Pharma High Purity Lipids 581,,CRODAPHAR,139 Novartis Campus Basel,Zurich,8005,CH,DE,+42-981-3571002,regulatory@croda.pharma.high.purity..com,CHE-814.262.967,,,2018-10-26
0000000582,ZCRO,PPD Clinical Research Services 582,,PPDCLINIC,224 Kendall Square,Darmstadt,64293,DE,DE,+57-967-1134491,regulatory@ppd.clinical.research.ser.com,DE182787789,,,2020-06-25
0000000583,ZCRO,SGS Health Science Bioanalytical Te,,SGSHEALTH,268 Pashamylaram Industrial Area,Lausanne,1015,CH,DE,+85-909-1345503,regulatory@sgs.health.science.bioana.com,CHE-818.580.253,,,2019-08-01
0000000584,ZCLD,Cryoport Systems Liquid Nitrogen Co,,CRYOPORTS,30 Technology Square,San Diego,92121,US,EN,+55-117-4764080,regulatory@cryoport.systems.liquid.n.com,34-1354345,,,2016-02-18
0000000585,ZMRO,Endress+Hauser Sanitary Flowmeters ,API Custom Synthesis Wing,ENDRESS+HA,200 Genome Valley Phase 2,Leverkusen,51373,DE,DE,+33-143-1941916,regulatory@endress+hauser.sanitary.f.com,DE512380893,,,2022-02-28
0000000586,ZCRO,Syneos Health Clinical Development ,,SYNEOSHEA,255 Pharma City Industrial Zone,Darmstadt,64293,DE,DE,+74-770-6030289,regulatory@syneos.health.clinical.de.com,DE701507858,,,2024-02-14
0000000587,ZCLD,Marken Clinical Cold Chain Logistic,,MARKENCLI,88 IDA Bollaram Road,Visakhapatnam,530017,IN,EN,+84-974-8780783,regulatory@marken.clinical.cold.chai.com,36AAACD2842Z1Z2,,,2021-02-07
0000000588,ZEXC,Merck KGaA MilliporeSigma Life Scie,,MERCKKGAA,72 Life Sciences Way,London,WC1E 6BT,GB,EN,+78-756-1667294,regulatory@merck.kgaa.milliporesigma.com,GB417352162,,,2016-04-26
0000000589,ZEXC,Thermo Fisher Scientific Fisher Che,,THERMOFIS,331 Biotechpark Freiburg,Geneva,1202,CH,DE,+96-503-3789484,regulatory@thermo.fisher.scientific..com,CHE-129.884.944,,,2020-09-12
0000000590,ZAPI,Cambrex Fine Chemicals & Custom API,,CAMBREXFI,88 Discovery Boulevard,Hyderabad,500072,IN,EN,+51-969-7215998,regulatory@cambrex.fine.chemicals.an.com,36AAACD2158W1Z3,,,2022-10-11
0000000591,ZCRO,Medpace Clinical Pharmacology Unit ,,MEDPACECL,312 IDA Bollaram Road,Bengaluru,560100,IN,EN,+36-603-7083589,regulatory@medpace.clinical.pharmaco.com,36AAACD6365M1Z8,,,2018-05-17
0000000592,ZPKG,Constantia Flexibles Coldform Foils,,CONSTANTIA,88 Novartis Campus Basel,Zurich,8005,CH,DE,+82-840-8404782,regulatory@constantia.flexibles.cold.com,CHE-548.545.462,,,2020-12-31
0000000593,ZCLD,World Courier Biopharma Cold-Chain ,,WORLDCOUR,264 Pashamylaram Industrial Area,Visakhapatnam,530017,IN,EN,+75-545-6000565,regulatory@world.courier.biopharma.c.com,36AAACD2403R1Z2,,,2018-04-01
0000000594,ZMRO,Endress+Hauser Sanitary Flowmeters ,,ENDRESS+HA,34 Kendall Square,Mumbai,400072,IN,EN,+84-294-7819040,regulatory@endress+hauser.sanitary.f.com,36AAACD6183F1Z3,,,2023-11-13
0000000595,ZEXC,BASF Pharma Solutions Excipients 59,,BASFPHARM,241 Jeedimetla Industrial Estate,San Diego,92121,US,EN,+43-435-7826323,regulatory@basf.pharma.solutions.exc.com,14-2131313,,,2019-09-13
0000000596,ZAPI,Evonik Health Care Biomaterials 596,,EVONIKHEA,185 Novartis Campus Basel,Hyderabad,500032,IN,EN,+83-221-8317277,regulatory@evonik.health.care.biomat.com,36AAACD2598W1Z2,,,2019-08-18
0000000597,ZEXC,BASF Pharma Solutions Excipients 59,Quality Control Testing Lab,BASFPHARM,323 Discovery Boulevard,Waterford,X91 C7K9,IE,EN,+77-139-5840444,regulatory@basf.pharma.solutions.exc.com,IE4237799J,,,2022-10-04
0000000598,ZPKG,Constantia Flexibles Coldform Foils,,CONSTANTIA,326 Grand Canal Square,San Diego,92121,US,EN,+58-285-8616644,regulatory@constantia.flexibles.cold.com,84-5080504,,,2021-03-01
0000000599,ZCRO,Catalent Pharma Solutions Softgel &,,CATALENTP,97 Biotechpark Freiburg,Hyderabad,500032,IN,EN,+16-798-3771553,regulatory@catalent.pharma.solutions.com,36AAACD6451M1Z4,,,2020-01-07
0000000600,ZCLD,DHL LifeConEx Validated Temperature,,DHLLIFECO,303 Industriepark Höchst,Galway,H91 W2TV,IE,EN,+89-873-2993011,regulatory@dhl.lifeconex.validated.t.com,IE9514257N,,,2018-10-25
0000000601,ZMRO,Sartorius Stedim Biotech Sterile Fi,,SARTORIUS,69 Kendall Square,Hyderabad,500090,IN,EN,+43-992-6443986,regulatory@sartorius.stedim.biotech..com,36AAACD4560H1Z2,,,2023-06-04
0000000602,ZEXC,Honeywell Research Chemicals & Solv,Clinical Trial Packaging Hub,HONEYWELL,50 Biotechpark Freiburg,Biberach,88400,DE,DE,+9-687-4762151,regulatory@honeywell.research.chemic.com,DE372007859,,,2017-07-21
0000000603,ZAPI,Dishman Carbogen Amcis APIs 603,Quality Control Testing Lab,DISHMANCA,189 Genome Valley Phase 1,Basel,4058,CH,DE,+51-447-5955931,regulatory@dishman.carbogen.amcis.ap.com,CHE-582.194.291,,,2018-08-29
0000000604,ZCRO,SGS Health Science Bioanalytical Te,,SGSHEALTH,330 Pashamylaram Industrial Area,Durham,27709,US,EN,+54-882-5304782,regulatory@sgs.health.science.bioana.com,23-4979237,,,2019-07-11
0000000605,ZPKG,Nemera Injectable Drug Delivery Dev,,NEMERAINJ,204 IDA Bollaram Road,Visakhapatnam,530017,IN,EN,+72-447-7384847,regulatory@nemera.injectable.drug.de.com,36AAACD8616F1Z2,,,2019-04-25
0000000606,ZPKG,SGD Pharma Type I Molded Vials 606,,SGDPHARMA,128 Discovery Boulevard,Paris,75015,FR,FR,+10-186-5036315,regulatory@sgd.pharma.type.i.molded..com,FR77570506,,,2021-04-13
0000000607,ZCRO,SGS Health Science Bioanalytical Te,,SGSHEALTH,80 Silicon Docks,Ingelheim,55218,DE,DE,+88-848-1278585,regulatory@sgs.health.science.bioana.com,DE886320358,,,2023-09-21
0000000608,ZCRO,SGS Health Science Bioanalytical Te,,SGSHEALTH,162 Pashamylaram Industrial Area,Boston,02210,US,EN,+5-337-5625560,regulatory@sgs.health.science.bioana.com,22-1392106,,,2021-05-08
0000000609,ZCLD,Ceva Biopharma Dedicated Logistics ,,CEVABIOPH,110 Kendall Square,Zurich,8005,CH,DE,+93-844-4004344,regulatory@ceva.biopharma.dedicated..com,CHE-138.246.372,,,2018-08-27
0000000610,ZMRO,Ecolab Life Sciences Cleanroom Disi,,ECOLABLIF,210 Jeedimetla Industrial Estate,Geneva,1202,CH,DE,+10-520-7131036,regulatory@ecolab.life.sciences.clea.com,CHE-714.629.230,,,2019-01-10
0000000611,ZMRO,Pall Medical Biopharmaceutical Filt,Cold-Chain Depôt,PALLMEDIC,77 Science Park Road,Zurich,8005,CH,DE,+94-944-4019254,regulatory@pall.medical.biopharmaceu.com,CHE-418.593.833,,,2021-07-21
0000000612,ZMRO,Ecolab Life Sciences Cleanroom Disi,,ECOLABLIF,53 Discovery Boulevard,Galway,H91 W2TV,IE,EN,+14-668-9440363,regulatory@ecolab.life.sciences.clea.com,IE6590566V,,,2021-07-26
0000000613,ZPKG,Amcor Flexibles Healthcare Packagin,,AMCORFLEX,7 Innovation Parkway,Hyderabad,500078,IN,EN,+49-858-3233323,regulatory@amcor.flexibles.healthcar.com,36AAACD4040E1Z6,,,2019-08-28
0000000614,ZAPI,Evonik Health Care Biomaterials 614,,EVONIKHEA,241 Science Park Road,Cork,T12 A26F,IE,EN,+1-547-6542423,regulatory@evonik.health.care.biomat.com,IE4421271X,,,2020-04-15
0000000615,ZEXC,Gattefosse Lipid Excipients Europe ,,GATTEFOSSE,132 Discovery Boulevard,Schaffhausen,8200,CH,DE,+98-258-9921859,regulatory@gattefosse.lipid.excipien.com,CHE-397.193.166,,,2020-10-19
0000000616,ZPKG,Bormioli Pharma Amber Glass Bottles,Cold-Chain Depôt,BORMIOLIP,161 HITEC City Bio Park,Basel,4058,CH,DE,+73-754-3119488,regulatory@bormioli.pharma.amber.gla.com,CHE-743.632.684,,,2019-11-02
0000000617,ZPKG,Datwyler Pharma Packaging Rubber Pl,,DATWYLERP,116 Pashamylaram Industrial Area,Dublin,D02 XY45,IE,EN,+46-815-1331127,regulatory@datwyler.pharma.packaging.com,IE6428592S,,,2021-10-01
0000000618,ZAPI,Hikal Fine Chemicals & Intermediate,,HIKALFINE,152 Science Park Road,Hyderabad,500072,IN,EN,+48-956-9634497,regulatory@hikal.fine.chemicals.and..com,36AAACD9814V1Z3,,,2022-07-30
0000000619,ZCRO,IQVIA Clinical Research Solutions 6,,IQVIACLIN,32 Route de Crassier,Biberach,88400,DE,DE,+48-914-3837107,regulatory@iqvia.clinical.research.s.com,DE785212580,,,2018-09-08
0000000620,ZAPI,Granules India Active Pharmaceutica,,GRANULESI,248 Science Park Road,Hyderabad,500090,IN,EN,+20-317-8583277,regulatory@granules.india.active.pha.com,36AAACD4592S1Z8,,,2022-10-17
0000000621,ZCRO,Wuxi AppTec Laboratory Testing Divi,,WUXIAPPTE,320 Industriepark Höchst,Visakhapatnam,530017,IN,EN,+65-652-8255079,regulatory@wuxi.apptec.laboratory.te.com,36AAACD9757X1Z2,,,2021-05-27
0000000622,ZAPI,Neuland Laboratories Custom APIs 62,,NEULANDLA,122 Grand Canal Square,Schaffhausen,8200,CH,DE,+75-883-7671271,regulatory@neuland.laboratories.cust.com,CHE-370.891.104,,,2017-07-10
0000000623,ZCRO,Icon Clinical Research Global 623,,ICONCLINI,33 Jeedimetla Industrial Estate,Mumbai,400072,IN,EN,+59-445-5363691,regulatory@icon.clinical.research.gl.com,36AAACD9470P1Z1,,,2022-05-04
0000000624,ZCRO,Icon Clinical Research Global 624,,ICONCLINI,6 Silicon Docks,Visakhapatnam,530017,IN,EN,+79-927-7231631,regulatory@icon.clinical.research.gl.com,36AAACD6298W1Z2,,,2018-06-25
0000000625,ZPKG,Constantia Flexibles Coldform Foils,,CONSTANTIA,335 Genome Valley Phase 1,Hyderabad,500072,IN,EN,+34-981-5641652,regulatory@constantia.flexibles.cold.com,36AAACD5901S1Z2,,,2020-03-28
0000000626,ZCRO,Medpace Clinical Pharmacology Unit ,,MEDPACECL,235 Discovery Boulevard,Basel,4058,CH,DE,+42-269-7583408,regulatory@medpace.clinical.pharmaco.com,CHE-400.370.216,,,2020-02-01
0000000627,ZMRO,Sartorius Stedim Biotech Sterile Fi,,SARTORIUS,282 Grand Canal Square,Durham,27709,US,EN,+57-453-7507977,regulatory@sartorius.stedim.biotech..com,12-7530916,,,2017-02-16
0000000628,ZEXC,Ashland Specialty Pharma Polymers 6,,ASHLANDSP,87 Science Park Road,Frankfurt,65926,DE,DE,+11-294-5410310,regulatory@ashland.specialty.pharma..com,DE831565558,,,2022-07-10
0000000629,ZAPI,Hetero Drugs Bulk API Manufacturing,Cold-Chain Depôt,HETERODRU,283 Novartis Campus Basel,Bengaluru,560100,IN,EN,+93-396-6433032,regulatory@hetero.drugs.bulk.api.man.com,36AAACD5199Z1Z2,,,2016-12-03
0000000630,ZMRO,Steris Life Sciences GMP Decontamin,,STERISLIF,49 Genome Valley Phase 2,Hyderabad,500072,IN,EN,+41-756-6471182,regulatory@steris.life.sciences.gmp..com,36AAACD4622G1Z7,,,2019-05-20
0000000631,ZPKG,Amcor Flexibles Healthcare Packagin,,AMCORFLEX,52 HITEC City Bio Park,Hyderabad,500090,IN,EN,+4-474-7591917,regulatory@amcor.flexibles.healthcar.com,36AAACD6956M1Z4,,,2022-12-04
0000000632,ZCRO,Charles River Laboratories Preclini,,CHARLESRI,201 Jeedimetla Industrial Estate,Hyderabad,500090,IN,EN,+99-473-5215680,regulatory@charles.river.laboratorie.com,36AAACD6436S1Z4,,,2023-05-15
0000000633,ZAPI,Cambrex Fine Chemicals & Custom API,API Custom Synthesis Wing,CAMBREXFI,71 Bio-Campus Drive,Ahmedabad,382213,IN,EN,+81-993-6028685,regulatory@cambrex.fine.chemicals.an.com,36AAACD1233I1Z5,,,2017-08-23
0000000634,ZPKG,Schott Pharma Borosilicate Glass Vi,,SCHOTTPHA,160 Science Park Road,Zurich,8005,CH,DE,+60-967-4434490,regulatory@schott.pharma.borosilicat.com,CHE-675.225.234,,,2022-01-29
0000000635,ZAPI,Bachem Peptide Synthesis Group 635,,BACHEMPEP,218 Pharma City Industrial Zone,Basel,4058,CH,DE,+89-547-7842009,regulatory@bachem.peptide.synthesis..com,CHE-557.468.555,,,2016-03-20
0000000636,ZMRO,Getinge Sterile Processing Equipmen,Sterile Fill-Finish Unit,GETINGEST,291 Bio-Campus Drive,Geneva,1202,CH,DE,+80-381-7138132,regulatory@getinge.sterile.processin.com,CHE-896.342.505,,,2022-11-22
0000000637,ZMRO,Spirax Sarco Pure Steam Generators ,,SPIRAXSAR,66 HITEC City Bio Park,Hyderabad,500081,IN,EN,+93-307-7186979,regulatory@spirax.sarco.pure.steam.g.com,36AAACD3382C1Z8,,,2018-12-10
0000000638,ZAPI,Granules India Active Pharmaceutica,,GRANULESI,303 Jeedimetla Industrial Estate,Darmstadt,64293,DE,DE,+89-995-9174034,regulatory@granules.india.active.pha.com,DE305952694,,,2019-01-25
0000000639,ZMRO,Endress+Hauser Sanitary Flowmeters ,Quality Control Testing Lab,ENDRESS+HA,287 Biotechpark Freiburg,Hyderabad,500032,IN,EN,+72-504-8141563,regulatory@endress+hauser.sanitary.f.com,36AAACD4171T1Z4,,,2018-06-16
0000000640,ZAPI,Biocon Biologics Recombinant Insuli,,BIOCONBIO,123 Novartis Campus Basel,Hyderabad,500072,IN,EN,+26-953-2811627,regulatory@biocon.biologics.recombin.com,36AAACD5852V1Z8,,,2022-09-27
0000000641,ZPKG,Nemera Injectable Drug Delivery Dev,,NEMERAINJ,307 Science Park Road,Schaffhausen,8200,CH,DE,+19-910-5056779,regulatory@nemera.injectable.drug.de.com,CHE-839.480.518,,,2023-04-06
0000000642,ZMRO,Ecolab Life Sciences Cleanroom Disi,,ECOLABLIF,288 Genome Valley Phase 1,Leverkusen,51373,DE,DE,+39-235-3795790,regulatory@ecolab.life.sciences.clea.com,DE138410396,,,2016-05-05
0000000643,ZEXC,Ashland Specialty Pharma Polymers 6,Cold-Chain Depôt,ASHLANDSP,214 HITEC City Bio Park,Schaffhausen,8200,CH,DE,+59-424-6383585,regulatory@ashland.specialty.pharma..com,CHE-127.512.666,,,2016-04-12
0000000644,ZEXC,Avantor Performance Materials J.T.B,,AVANTORPE,145 Kendall Square,Ahmedabad,382213,IN,EN,+57-252-6436548,regulatory@avantor.performance.mater.com,36AAACD6588B1Z5,,,2019-01-18
0000000645,ZPKG,Klöckner Pentaplast Pharma Blister ,Clinical Trial Packaging Hub,KLÖCKNERP,114 HITEC City Bio Park,Cambridge,CB2 0AA,GB,EN,+72-168-1612817,regulatory@klöckner.pentaplast.pharm.com,GB363254823,,,2022-07-10
0000000646,ZAPI,Hetero Drugs Bulk API Manufacturing,,HETERODRU,202 Discovery Boulevard,Cambridge,CB2 0AA,GB,EN,+50-878-8016990,regulatory@hetero.drugs.bulk.api.man.com,GB239660003,,,2017-02-05
0000000647,ZPKG,Datwyler Pharma Packaging Rubber Pl,,DATWYLERP,19 Jeedimetla Industrial Estate,Mumbai,400072,IN,EN,+79-161-1671905,regulatory@datwyler.pharma.packaging.com,36AAACD3663H1Z3,,,2021-09-16
0000000648,ZCRO,Icon Clinical Research Global 648,,ICONCLINI,189 Route de Crassier,Lyon,69007,FR,FR,+69-553-7739767,regulatory@icon.clinical.research.gl.com,FR36751488,,,2023-05-27
0000000649,ZCRO,Parexel International Clinical Serv,Sterile Fill-Finish Unit,PAREXELIN,158 Bio-Campus Drive,Lausanne,1015,CH,DE,+92-289-9909089,regulatory@parexel.international.cli.com,CHE-469.357.455,,,2022-05-15
0000000650,ZCLD,Envirotainer Temperature Controlled,,ENVIROTAIN,160 Silicon Docks,Darmstadt,64293,DE,DE,+44-141-8494844,regulatory@envirotainer.temperature..com,DE488351260,,,2018-02-01
0000000651,ZEXC,Avantor Performance Materials J.T.B,Sterile Fill-Finish Unit,AVANTORPE,87 IDA Bollaram Road,Hyderabad,500078,IN,EN,+45-666-6584575,regulatory@avantor.performance.mater.com,36AAACD2136V1Z5,,,2019-01-02
0000000652,ZAPI,Aarti Industries Specialty Intermed,,AARTIINDU,5 IDA Bollaram Road,Paris,75015,FR,FR,+34-170-4153493,regulatory@aarti.industries.specialt.com,FR34586948,,,2016-09-24
0000000653,ZCRO,Syneos Health Clinical Development ,,SYNEOSHEA,76 Silicon Docks,Lausanne,1015,CH,DE,+32-940-2845849,regulatory@syneos.health.clinical.de.com,CHE-643.548.476,,,2018-07-24
0000000654,ZEXC,Meggle Pharma Excipients & Binders ,,MEGGLEPHA,122 Jeedimetla Industrial Estate,Hyderabad,500078,IN,EN,+3-942-3527110,regulatory@meggle.pharma.excipients..com,36AAACD8876M1Z1,,,2023-01-15
0000000655,ZMRO,Ecolab Life Sciences Cleanroom Disi,Clinical Trial Packaging Hub,ECOLABLIF,334 Innovation Parkway,Biberach,88400,DE,DE,+93-561-7857021,regulatory@ecolab.life.sciences.clea.com,DE462419771,,,2017-07-18
0000000656,ZCRO,SGS Health Science Bioanalytical Te,Clinical Trial Packaging Hub,SGSHEALTH,168 Genome Valley Phase 1,Mumbai,400072,IN,EN,+62-586-4256159,regulatory@sgs.health.science.bioana.com,36AAACD3593K1Z4,,,2019-04-07
0000000657,ZPKG,SGD Pharma Type I Molded Vials 657,,SGDPHARMA,212 Novartis Campus Basel,Princeton,08540,US,EN,+24-963-8497080,regulatory@sgd.pharma.type.i.molded..com,12-1303553,,,2017-02-19
0000000658,ZAPI,Aarti Industries Specialty Intermed,,AARTIINDU,129 Novartis Campus Basel,Hyderabad,500081,IN,EN,+55-121-4305245,regulatory@aarti.industries.specialt.com,36AAACD2637Z1Z4,,,2018-07-23
0000000659,ZCRO,IQVIA Clinical Research Solutions 6,,IQVIACLIN,89 Life Sciences Way,Durham,27709,US,EN,+48-568-1223628,regulatory@iqvia.clinical.research.s.com,19-3509328,,,2016-05-05
0000000660,ZMRO,Spirax Sarco Pure Steam Generators ,,SPIRAXSAR,85 Jeedimetla Industrial Estate,San Diego,92121,US,EN,+4-348-2586216,regulatory@spirax.sarco.pure.steam.g.com,48-7333017,,,2017-10-13
0000000661,ZCLD,Marken Clinical Cold Chain Logistic,Quality Control Testing Lab,MARKENCLI,232 Genome Valley Phase 2,Leverkusen,51373,DE,DE,+90-750-5532399,regulatory@marken.clinical.cold.chai.com,DE934574439,,,2017-07-30
0000000662,ZMRO,Steris Life Sciences GMP Decontamin,,STERISLIF,204 Pharma City Industrial Zone,Hyderabad,500032,IN,EN,+47-566-2375904,regulatory@steris.life.sciences.gmp..com,36AAACD8485N1Z4,,,2020-08-18
0000000663,ZPKG,SGD Pharma Type I Molded Vials 663,,SGDPHARMA,69 Silicon Docks,San Diego,92121,US,EN,+62-604-4735405,regulatory@sgd.pharma.type.i.molded..com,61-1908495,,,2023-03-15
0000000664,ZMRO,Merck Millipore BioMonitoring Testi,API Custom Synthesis Wing,MERCKMILL,13 Life Sciences Way,Geneva,1202,CH,DE,+42-632-6170861,regulatory@merck.millipore.biomonito.com,CHE-480.140.187,,,2020-10-20
0000000665,ZCLD,Kuehne + Nagel PharmaChain Cold Sto,,KUEHNE+N,177 Innovation Parkway,Boston,02210,US,EN,+67-945-8111848,regulatory@kuehne.+.nagel.pharmachai.com,59-7012179,,,2017-11-14
0000000666,ZCRO,Charles River Laboratories Preclini,,CHARLESRI,313 Bio-Campus Drive,Hyderabad,500032,IN,EN,+27-338-5762535,regulatory@charles.river.laboratorie.com,36AAACD3047A1Z9,,,2020-12-02
0000000667,ZPKG,Nipro PharmaPackaging Syringes 667,,NIPROPHAR,115 Pharma City Industrial Zone,Cambridge,02139,US,EN,+66-415-5221232,regulatory@nipro.pharmapackaging.syr.com,25-9795790,,,2023-03-06
0000000668,ZEXC,FMC BioPolymer Microcrystalline Cel,,FMCBIOPOL,310 Grand Canal Square,Hyderabad,500078,IN,EN,+97-541-5312643,regulatory@fmc.biopolymer.microcryst.com,36AAACD9284O1Z9,,,2023-10-12
0000000669,ZCRO,Medpace Clinical Pharmacology Unit ,Cold-Chain Depôt,MEDPACECL,314 Genome Valley Phase 1,Philadelphia,19104,US,EN,+70-922-5349914,regulatory@medpace.clinical.pharmaco.com,56-8365063,,,2019-03-20
0000000670,ZAPI,Cambrex Fine Chemicals & Custom API,,CAMBREXFI,298 Silicon Docks,Durham,27709,US,EN,+30-787-4080403,regulatory@cambrex.fine.chemicals.an.com,57-3401779,,,2017-05-03
0000000671,ZPKG,Bormioli Pharma Amber Glass Bottles,,BORMIOLIP,203 Biotechpark Freiburg,Mumbai,400072,IN,EN,+24-216-6297614,regulatory@bormioli.pharma.amber.gla.com,36AAACD5921R1Z1,,,2020-03-02
0000000672,ZMRO,Syntegon Pharma Technology Packagin,,SYNTEGONP,213 Kendall Square,Schaffhausen,8200,CH,DE,+7-731-8185386,regulatory@syntegon.pharma.technolog.com,CHE-342.203.697,,,2020-05-31
0000000673,ZPKG,Nipro PharmaPackaging Syringes 673,,NIPROPHAR,138 HITEC City Bio Park,Leverkusen,51373,DE,DE,+98-947-9052533,regulatory@nipro.pharmapackaging.syr.com,DE879839337,,,2018-12-20
0000000674,ZAPI,Lonza Biologics Custom Synthesis AG,,LONZABIOL,263 Discovery Boulevard,Mannheim,68305,DE,DE,+41-298-7192695,regulatory@lonza.biologics.custom.sy.com,DE563352220,,,2022-08-31
0000000675,ZMRO,BWT Pharma Pure Water & WFI Systems,,BWTPHARMA,75 Pashamylaram Industrial Area,Basel,4058,CH,DE,+15-670-7756886,regulatory@bwt.pharma.pure.water.and.com,CHE-698.387.792,,,2016-11-28
0000000676,ZAPI,Dishman Carbogen Amcis APIs 676,,DISHMANCA,324 IDA Bollaram Road,Hyderabad,500081,IN,EN,+53-157-4746074,regulatory@dishman.carbogen.amcis.ap.com,36AAACD9501B1Z8,,,2018-12-24
0000000677,ZCRO,Covance Central Laboratory Services,,COVANCECE,306 Innovation Parkway,Zurich,8005,CH,DE,+56-962-5288835,regulatory@covance.central.laborator.com,CHE-293.170.671,,,2020-01-07
0000000678,ZMRO,Sartorius Stedim Biotech Sterile Fi,,SARTORIUS,72 Pharma City Industrial Zone,Bengaluru,560100,IN,EN,+13-162-3280557,regulatory@sartorius.stedim.biotech..com,36AAACD5318R1Z7,,,2022-12-21
0000000679,ZCRO,Syneos Health Clinical Development ,Quality Control Testing Lab,SYNEOSHEA,57 Technology Square,Bengaluru,560100,IN,EN,+71-521-9732156,regulatory@syneos.health.clinical.de.com,36AAACD9391Z1Z7,,,2023-07-15
0000000680,ZEXC,FMC BioPolymer Microcrystalline Cel,,FMCBIOPOL,226 Route de Crassier,Hyderabad,500078,IN,EN,+65-178-2709174,regulatory@fmc.biopolymer.microcryst.com,36AAACD7299C1Z7,,,2020-06-25
0000000681,ZCRO,WuXi Biologics Contract Development,,WUXIBIOLO,128 Jeedimetla Industrial Estate,Geneva,1202,CH,DE,+58-504-9603908,regulatory@wuxi.biologics.contract.d.com,CHE-682.381.956,,,2018-09-09
0000000682,ZAPI,Hetero Drugs Bulk API Manufacturing,,HETERODRU,343 Biotechpark Freiburg,Visakhapatnam,530017,IN,EN,+70-820-5787167,regulatory@hetero.drugs.bulk.api.man.com,36AAACD6682G1Z6,,,2016-05-09
0000000683,ZCRO,IQVIA Clinical Research Solutions 6,,IQVIACLIN,342 Genome Valley Phase 2,Hyderabad,500081,IN,EN,+37-929-9808129,regulatory@iqvia.clinical.research.s.com,36AAACD5931Z1Z8,,,2018-01-17
0000000684,ZEXC,Meggle Pharma Excipients & Binders ,,MEGGLEPHA,247 Novartis Campus Basel,Basel,4058,CH,DE,+77-105-9654669,regulatory@meggle.pharma.excipients..com,CHE-638.335.559,,,2021-03-27
0000000685,ZCLD,QuickSTAT Global Life Science Logis,Biologics Development Div,QUICKSTAT,271 IDA Bollaram Road,Lausanne,1015,CH,DE,+44-543-6173131,regulatory@quickstat.global.life.sci.com,CHE-297.287.729,,,2018-12-13
0000000686,ZPKG,SGD Pharma Type I Molded Vials 686,Sterile Fill-Finish Unit,SGDPHARMA,107 Silicon Docks,San Diego,92121,US,EN,+29-289-1308630,regulatory@sgd.pharma.type.i.molded..com,29-1864305,,,2022-02-04
0000000687,ZEXC,Gattefosse Lipid Excipients Europe ,,GATTEFOSSE,341 Industriepark Höchst,Cambridge,02139,US,EN,+99-456-8411714,regulatory@gattefosse.lipid.excipien.com,72-7862758,,,2021-01-29
0000000688,ZCLD,Ceva Biopharma Dedicated Logistics ,API Custom Synthesis Wing,CEVABIOPH,239 Grand Canal Square,Oxford,OX4 4GA,GB,EN,+71-105-7961440,regulatory@ceva.biopharma.dedicated..com,GB885389090,,,2018-01-30
0000000689,ZAPI,Neuland Laboratories Custom APIs 68,,NEULANDLA,249 Silicon Docks,Cambridge,02139,US,EN,+76-679-5891227,regulatory@neuland.laboratories.cust.com,20-8963798,,,2022-10-25
0000000690,ZCRO,Eurofins BioPharma Testing Laborato,,EUROFINSB,82 Science Park Road,Ahmedabad,382213,IN,EN,+80-211-1399267,regulatory@eurofins.biopharma.testin.com,36AAACD5377S1Z1,,,2023-06-03
0000000691,ZCRO,Charles River Laboratories Preclini,,CHARLESRI,304 Genome Valley Phase 2,Zurich,8005,CH,DE,+92-530-6139118,regulatory@charles.river.laboratorie.com,CHE-507.963.348,,,2016-01-23
0000000692,ZEXC,DFE Pharma Inhalation Lactose 692,API Custom Synthesis Wing,DFEPHARMA,16 Life Sciences Way,Cambridge,02139,US,EN,+63-721-5178521,regulatory@dfe.pharma.inhalation.lac.com,73-2980669,,,2019-05-04
0000000693,ZMRO,Pall Medical Biopharmaceutical Filt,,PALLMEDIC,288 Genome Valley Phase 2,Mumbai,400072,IN,EN,+70-959-5252945,regulatory@pall.medical.biopharmaceu.com,36AAACD2115M1Z9,,,2022-01-12
0000000694,ZAPI,Hetero Drugs Bulk API Manufacturing,,HETERODRU,272 Route de Crassier,Geneva,1202,CH,DE,+98-571-6325988,regulatory@hetero.drugs.bulk.api.man.com,CHE-752.410.423,,,2023-10-06
0000000695,ZCRO,Catalent Pharma Solutions Softgel &,,CATALENTP,83 Genome Valley Phase 1,Geneva,1202,CH,DE,+9-564-7099134,regulatory@catalent.pharma.solutions.com,CHE-790.853.656,,,2017-12-15
0000000696,ZCRO,Covance Central Laboratory Services,,COVANCECE,25 Route de Crassier,Mannheim,68305,DE,DE,+29-639-3110424,regulatory@covance.central.laborator.com,DE589894616,,,2020-10-31
0000000697,ZCRO,Icon Clinical Research Global 697,Sterile Fill-Finish Unit,ICONCLINI,285 Route de Crassier,Hyderabad,500090,IN,EN,+19-116-3796825,regulatory@icon.clinical.research.gl.com,36AAACD6718X1Z2,,,2018-03-08
0000000698,ZMRO,Endress+Hauser Sanitary Flowmeters ,,ENDRESS+HA,254 Pashamylaram Industrial Area,Basel,4058,CH,DE,+45-510-9890724,regulatory@endress+hauser.sanitary.f.com,CHE-971.966.223,,,2017-11-03
0000000699,ZAPI,Dishman Carbogen Amcis APIs 699,,DISHMANCA,34 Genome Valley Phase 1,Mumbai,400072,IN,EN,+18-407-5361505,regulatory@dishman.carbogen.amcis.ap.com,36AAACD7530N1Z7,,,2024-02-17
0000000700,ZEXC,Honeywell Research Chemicals & Solv,Sterile Fill-Finish Unit,HONEYWELL,138 Kendall Square,Hyderabad,500072,IN,EN,+2-163-9887552,regulatory@honeywell.research.chemic.com,36AAACD2653U1Z5,,,2022-04-21
0000000701,ZPKG,Schott Pharma Borosilicate Glass Vi,,SCHOTTPHA,31 HITEC City Bio Park,Hyderabad,500078,IN,EN,+38-983-3385345,regulatory@schott.pharma.borosilicat.com,36AAACD5977D1Z1,,,2018-08-28
0000000702,ZAPI,Granules India Active Pharmaceutica,Sterile Fill-Finish Unit,GRANULESI,306 Pashamylaram Industrial Area,Bridgewater,08807,US,EN,+38-612-5164488,regulatory@granules.india.active.pha.com,84-9146605,,,2022-12-05
0000000703,ZAPI,Biocon Biologics Recombinant Insuli,,BIOCONBIO,240 Industriepark Höchst,Boston,02210,US,EN,+55-248-6991731,regulatory@biocon.biologics.recombin.com,36-7772419,,,2018-08-09
0000000704,ZEXC,Colorcon Film Coating & Formulation,,COLORCONF,87 Discovery Boulevard,Mannheim,68305,DE,DE,+2-688-4640363,regulatory@colorcon.film.coating.and.com,DE521999468,,,2023-09-27
0000000705,ZAPI,Biocon Biologics Recombinant Insuli,API Custom Synthesis Wing,BIOCONBIO,43 Science Park Road,Princeton,08540,US,EN,+37-484-5581789,regulatory@biocon.biologics.recombin.com,34-3269231,,,2016-04-21
0000000706,ZPKG,Gerresheimer Primary Packaging Glas,,GERRESHEIM,167 Genome Valley Phase 2,Schaffhausen,8200,CH,DE,+9-160-1813010,regulatory@gerresheimer.primary.pack.com,CHE-643.130.264,,,2024-01-25
0000000707,ZEXC,Ashland Specialty Pharma Polymers 7,,ASHLANDSP,319 HITEC City Bio Park,Hyderabad,500090,IN,EN,+31-241-4574475,regulatory@ashland.specialty.pharma..com,36AAACD2231E1Z6,,,2017-04-30
0000000708,ZPKG,Nemera Injectable Drug Delivery Dev,,NEMERAINJ,332 IDA Bollaram Road,Mannheim,68305,DE,DE,+51-731-8274280,regulatory@nemera.injectable.drug.de.com,DE946889081,,,2022-08-24
0000000709,ZCLD,Marken Clinical Cold Chain Logistic,,MARKENCLI,75 IDA Bollaram Road,Cambridge,CB2 0AA,GB,EN,+54-876-5429512,regulatory@marken.clinical.cold.chai.com,GB715215585,,,2022-09-09
0000000710,ZCRO,SGS Health Science Bioanalytical Te,,SGSHEALTH,219 Pharma City Industrial Zone,Hyderabad,500081,IN,EN,+31-426-1189109,regulatory@sgs.health.science.bioana.com,36AAACD5562P1Z8,,,2023-11-06
0000000711,ZEXC,Avantor Performance Materials J.T.B,,AVANTORPE,267 HITEC City Bio Park,Hyderabad,500090,IN,EN,+35-969-8507807,regulatory@avantor.performance.mater.com,36AAACD8536M1Z8,,,2023-07-22
0000000712,ZAPI,Divi's Laboratories Custom Synthesi,API Custom Synthesis Wing,DIVISLAB,203 Technology Square,Geneva,1202,CH,DE,+28-538-2897641,regulatory@divis.laboratories.custom.com,CHE-471.498.124,,,2017-09-20
0000000713,ZMRO,BWT Pharma Pure Water & WFI Systems,,BWTPHARMA,254 IDA Bollaram Road,Macclesfield,SK10 2NA,GB,EN,+69-554-8340418,regulatory@bwt.pharma.pure.water.and.com,GB232457293,,,2020-06-12
0000000714,ZAPI,Hovione Pharmascience API Lisbon 71,,HOVIONEPH,169 IDA Bollaram Road,Zurich,8005,CH,DE,+67-453-6611908,regulatory@hovione.pharmascience.api.com,CHE-935.470.322,,,2018-07-05
0000000715,ZEXC,Honeywell Research Chemicals & Solv,,HONEYWELL,148 Kendall Square,Macclesfield,SK10 2NA,GB,EN,+29-176-2465009,regulatory@honeywell.research.chemic.com,GB778560168,,,2021-02-03
0000000716,ZPKG,Schott Pharma Borosilicate Glass Vi,,SCHOTTPHA,259 Novartis Campus Basel,Princeton,08540,US,EN,+52-102-8252815,regulatory@schott.pharma.borosilicat.com,95-6897981,,,2019-04-18
0000000717,ZEXC,Thermo Fisher Scientific Fisher Che,,THERMOFIS,82 Jeedimetla Industrial Estate,Bengaluru,560100,IN,EN,+29-812-5312316,regulatory@thermo.fisher.scientific..com,36AAACD4652S1Z2,,,2016-03-02
0000000718,ZMRO,Spirax Sarco Pure Steam Generators ,,SPIRAXSAR,254 Technology Square,Dublin,D02 XY45,IE,EN,+66-843-5115288,regulatory@spirax.sarco.pure.steam.g.com,IE6775073V,,,2023-06-01
0000000719,ZAPI,Hetero Drugs Bulk API Manufacturing,,HETERODRU,48 Grand Canal Square,Lausanne,1015,CH,DE,+20-956-4662970,regulatory@hetero.drugs.bulk.api.man.com,CHE-598.112.645,,,2020-02-27
0000000720,ZPKG,Bilcare Research Pharma Blister Fil,,BILCARERE,283 Kendall Square,Hyderabad,500078,IN,EN,+9-569-5871748,regulatory@bilcare.research.pharma.b.com,36AAACD8739W1Z3,,,2019-07-08
0000000721,ZEXC,BASF Pharma Solutions Excipients 72,,BASFPHARM,75 Technology Square,Hyderabad,500090,IN,EN,+99-672-2157201,regulatory@basf.pharma.solutions.exc.com,36AAACD9804T1Z8,,,2017-06-08
0000000722,ZCRO,WuXi Biologics Contract Development,,WUXIBIOLO,256 Genome Valley Phase 1,Visakhapatnam,530017,IN,EN,+12-123-8137389,regulatory@wuxi.biologics.contract.d.com,36AAACD2663S1Z1,,,2022-05-30
0000000723,ZAPI,Polpharma API & Advanced Intermedia,,POLPHARMA,47 Kendall Square,Biberach,88400,DE,DE,+30-117-6351004,regulatory@polpharma.api.and.advance.com,DE921836021,,,2023-09-19
0000000724,ZEXC,Avantor Performance Materials J.T.B,API Custom Synthesis Wing,AVANTORPE,174 Bio-Campus Drive,Zurich,8005,CH,DE,+1-962-3042774,regulatory@avantor.performance.mater.com,CHE-847.618.286,,,2020-11-19
0000000725,ZCRO,WuXi Biologics Contract Development,Sterile Fill-Finish Unit,WUXIBIOLO,108 Novartis Campus Basel,Basel,4058,CH,DE,+59-859-4204825,regulatory@wuxi.biologics.contract.d.com,CHE-534.197.558,,,2016-04-26
0000000726,ZAPI,Biocon Biologics Recombinant Insuli,Quality Control Testing Lab,BIOCONBIO,11 Genome Valley Phase 1,Zurich,8005,CH,DE,+70-158-5278333,regulatory@biocon.biologics.recombin.com,CHE-839.113.684,,,2019-05-29
0000000727,ZAPI,Hetero Drugs Bulk API Manufacturing,,HETERODRU,211 IDA Bollaram Road,Geneva,1202,CH,DE,+89-408-3617184,regulatory@hetero.drugs.bulk.api.man.com,CHE-937.916.262,,,2021-06-07
0000000728,ZEXC,Merck KGaA MilliporeSigma Life Scie,API Custom Synthesis Wing,MERCKKGAA,208 Life Sciences Way,Leverkusen,51373,DE,DE,+36-102-8077118,regulatory@merck.kgaa.milliporesigma.com,DE924307561,,,2017-06-02
0000000729,ZPKG,Aptar Pharma Metered Dose Inhalers ,,APTARPHAR,129 Kendall Square,Hyderabad,500081,IN,EN,+46-820-2573794,regulatory@aptar.pharma.metered.dose.com,36AAACD7326J1Z6,,,2016-06-26
0000000730,ZEXC,Gattefosse Lipid Excipients Europe ,Quality Control Testing Lab,GATTEFOSSE,18 Route de Crassier,Bengaluru,560100,IN,EN,+90-960-5897902,regulatory@gattefosse.lipid.excipien.com,36AAACD7262V1Z8,,,2021-08-30
0000000731,ZPKG,Stevanato Group Ompi Sterile Vials ,,STEVANATO,13 Route de Crassier,Bengaluru,560100,IN,EN,+7-988-7101979,regulatory@stevanato.group.ompi.ster.com,36AAACD6403L1Z5,,,2022-04-06
0000000732,ZPKG,Amcor Flexibles Healthcare Packagin,Sterile Fill-Finish Unit,AMCORFLEX,259 Kendall Square,Bengaluru,560100,IN,EN,+48-949-7877472,regulatory@amcor.flexibles.healthcar.com,36AAACD1928M1Z5,,,2020-03-20
0000000733,ZCLD,QuickSTAT Global Life Science Logis,,QUICKSTAT,308 Kendall Square,Princeton,08540,US,EN,+26-613-2065682,regulatory@quickstat.global.life.sci.com,59-4911890,,,2022-12-01
0000000734,ZCLD,Ceva Biopharma Dedicated Logistics ,,CEVABIOPH,281 Pharma City Industrial Zone,Hyderabad,500081,IN,EN,+71-791-9407970,regulatory@ceva.biopharma.dedicated..com,36AAACD5764H1Z7,,,2021-12-30
0000000735,ZPKG,Schott Pharma Borosilicate Glass Vi,,SCHOTTPHA,344 Kendall Square,Zurich,8005,CH,DE,+38-454-4516974,regulatory@schott.pharma.borosilicat.com,CHE-777.565.230,,,2022-06-01
0000000736,ZMRO,Endress+Hauser Sanitary Flowmeters ,,ENDRESS+HA,45 Discovery Boulevard,Zurich,8005,CH,DE,+22-996-3538328,regulatory@endress+hauser.sanitary.f.com,CHE-428.414.596,,,2024-02-29
0000000737,ZAPI,Granules India Active Pharmaceutica,,GRANULESI,82 Bio-Campus Drive,Waterford,X91 C7K9,IE,EN,+98-297-3404963,regulatory@granules.india.active.pha.com,IE1055386D,,,2019-06-29
0000000738,ZEXC,Roquette Pharma Excipients & Polyol,,ROQUETTEP,156 Jeedimetla Industrial Estate,Hyderabad,500032,IN,EN,+1-579-1707113,regulatory@roquette.pharma.excipient.com,36AAACD2016X1Z2,,,2022-01-20
0000000739,ZEXC,Colorcon Film Coating & Formulation,Biologics Development Div,COLORCONF,214 Kendall Square,Hyderabad,500032,IN,EN,+68-518-5312431,regulatory@colorcon.film.coating.and.com,36AAACD2122G1Z5,,,2018-08-12
0000000740,ZPKG,Bilcare Research Pharma Blister Fil,,BILCARERE,335 Bio-Campus Drive,Hyderabad,500081,IN,EN,+97-403-3891134,regulatory@bilcare.research.pharma.b.com,36AAACD4739T1Z5,,,2023-11-07
0000000741,ZPKG,SGD Pharma Type I Molded Vials 741,,SGDPHARMA,233 Innovation Parkway,Dublin,D02 XY45,IE,EN,+36-898-5819255,regulatory@sgd.pharma.type.i.molded..com,IE6109199Y,,,2020-12-30
0000000742,ZCLD,Marken Clinical Cold Chain Logistic,,MARKENCLI,340 Life Sciences Way,San Diego,92121,US,EN,+76-783-5537897,regulatory@marken.clinical.cold.chai.com,15-2743693,,,2022-09-21
0000000743,ZAPI,Biocon Biologics Recombinant Insuli,Cold-Chain Depôt,BIOCONBIO,143 Genome Valley Phase 1,Schaffhausen,8200,CH,DE,+61-284-8692885,regulatory@biocon.biologics.recombin.com,CHE-790.722.826,,,2017-06-07
0000000744,ZCRO,Covance Central Laboratory Services,,COVANCECE,279 Kendall Square,Mannheim,68305,DE,DE,+38-697-3527239,regulatory@covance.central.laborator.com,DE680189647,,,2016-02-02
0000000745,ZMRO,Steris Life Sciences GMP Decontamin,,STERISLIF,150 Life Sciences Way,Lausanne,1015,CH,DE,+93-402-7731017,regulatory@steris.life.sciences.gmp..com,CHE-552.961.179,,,2022-07-30
0000000746,ZCLD,Marken Clinical Cold Chain Logistic,Biologics Development Div,MARKENCLI,246 Genome Valley Phase 2,Biberach,88400,DE,DE,+8-599-5044393,regulatory@marken.clinical.cold.chai.com,DE242386690,,,2022-08-07
0000000747,ZCRO,Vetter Pharma Sterile Fill & Finish,,VETTERPHA,282 Genome Valley Phase 2,Schaffhausen,8200,CH,DE,+97-612-6704887,regulatory@vetter.pharma.sterile.fil.com,CHE-716.965.485,,,2019-02-28
0000000748,ZPKG,Bormioli Pharma Amber Glass Bottles,,BORMIOLIP,228 Biotechpark Freiburg,Hyderabad,500081,IN,EN,+26-453-4274274,regulatory@bormioli.pharma.amber.gla.com,36AAACD2132N1Z4,,,2023-04-29
0000000749,ZPKG,Aptar Pharma Metered Dose Inhalers ,,APTARPHAR,101 Jeedimetla Industrial Estate,Bengaluru,560100,IN,EN,+31-815-9859255,regulatory@aptar.pharma.metered.dose.com,36AAACD4416W1Z3,,,2017-12-23
0000000750,ZEXC,BASF Pharma Solutions Excipients 75,Sterile Fill-Finish Unit,BASFPHARM,290 Silicon Docks,Monza,20900,IT,IT,+32-762-6544504,regulatory@basf.pharma.solutions.exc.com,IT34233946,,,2018-08-01
0000000751,ZMRO,Ecolab Life Sciences Cleanroom Disi,,ECOLABLIF,221 Technology Square,Zurich,8005,CH,DE,+8-147-8531424,regulatory@ecolab.life.sciences.clea.com,CHE-670.640.672,,,2018-12-03
0000000752,ZMRO,Endress+Hauser Sanitary Flowmeters ,Biologics Development Div,ENDRESS+HA,211 Kendall Square,Hyderabad,500072,IN,EN,+12-361-8492508,regulatory@endress+hauser.sanitary.f.com,36AAACD6561A1Z2,,,2016-12-30
0000000753,ZPKG,Nipro PharmaPackaging Syringes 753,,NIPROPHAR,304 Novartis Campus Basel,Hyderabad,500090,IN,EN,+93-170-7009839,regulatory@nipro.pharmapackaging.syr.com,36AAACD9961F1Z7,,,2023-07-31
0000000754,ZCRO,Charles River Laboratories Preclini,Biologics Development Div,CHARLESRI,187 Pharma City Industrial Zone,Hyderabad,500081,IN,EN,+79-172-7818645,regulatory@charles.river.laboratorie.com,36AAACD7494F1Z6,,,2023-10-14
0000000755,ZPKG,Klöckner Pentaplast Pharma Blister ,,KLÖCKNERP,183 Route de Crassier,Geneva,1202,CH,DE,+87-961-3419746,regulatory@klöckner.pentaplast.pharm.com,CHE-342.520.715,,,2023-08-14
0000000756,ZCRO,Charles River Laboratories Preclini,,CHARLESRI,22 Pharma City Industrial Zone,Cambridge,CB2 0AA,GB,EN,+62-110-5848777,regulatory@charles.river.laboratorie.com,GB332335698,,,2016-07-16
0000000757,ZPKG,Klöckner Pentaplast Pharma Blister ,,KLÖCKNERP,214 Technology Square,Princeton,08540,US,EN,+25-566-6851936,regulatory@klöckner.pentaplast.pharm.com,89-8671097,,,2023-01-07
0000000758,ZMRO,Endress+Hauser Sanitary Flowmeters ,,ENDRESS+HA,231 Jeedimetla Industrial Estate,Durham,27709,US,EN,+1-187-9908192,regulatory@endress+hauser.sanitary.f.com,60-4225942,,,2023-07-10
0000000759,ZPKG,Constantia Flexibles Coldform Foils,Quality Control Testing Lab,CONSTANTIA,332 Jeedimetla Industrial Estate,Schaffhausen,8200,CH,DE,+87-900-7850845,regulatory@constantia.flexibles.cold.com,CHE-769.410.903,,,2019-10-12
0000000760,ZMRO,Syntegon Pharma Technology Packagin,,SYNTEGONP,12 Grand Canal Square,Strasbourg,67000,FR,FR,+49-902-3146950,regulatory@syntegon.pharma.technolog.com,FR12138231,,,2017-01-21
0000000761,ZEXC,DFE Pharma Inhalation Lactose 761,,DFEPHARMA,97 Technology Square,Oxford,OX4 4GA,GB,EN,+4-413-8835294,regulatory@dfe.pharma.inhalation.lac.com,GB144155759,,,2017-12-05
0000000762,ZCLD,QuickSTAT Global Life Science Logis,,QUICKSTAT,22 Route de Crassier,Schaffhausen,8200,CH,DE,+35-473-9317137,regulatory@quickstat.global.life.sci.com,CHE-261.590.563,,,2018-09-14
0000000763,ZEXC,Croda Pharma High Purity Lipids 763,,CRODAPHAR,152 Biotechpark Freiburg,Bridgewater,08807,US,EN,+46-679-5463001,regulatory@croda.pharma.high.purity..com,56-1252135,,,2020-06-08
0000000764,ZCRO,SGS Health Science Bioanalytical Te,,SGSHEALTH,215 Silicon Docks,Lausanne,1015,CH,DE,+27-665-8424392,regulatory@sgs.health.science.bioana.com,CHE-193.687.217,,,2019-12-21
0000000765,ZCRO,Wuxi AppTec Laboratory Testing Divi,,WUXIAPPTE,233 Pharma City Industrial Zone,Geneva,1202,CH,DE,+54-319-3520853,regulatory@wuxi.apptec.laboratory.te.com,CHE-440.216.496,,,2022-08-24
0000000766,ZMRO,Pall Medical Biopharmaceutical Filt,,PALLMEDIC,56 Pashamylaram Industrial Area,Durham,27709,US,EN,+67-130-9066560,regulatory@pall.medical.biopharmaceu.com,61-2251087,,,2017-06-22
0000000767,ZEXC,Croda Pharma High Purity Lipids 767,,CRODAPHAR,246 Route de Crassier,Ahmedabad,382213,IN,EN,+30-629-4142722,regulatory@croda.pharma.high.purity..com,36AAACD9139A1Z5,,,2017-03-28
0000000768,ZAPI,Divi's Laboratories Custom Synthesi,,DIVISLAB,309 Route de Crassier,Ingelheim,55218,DE,DE,+69-725-9532074,regulatory@divis.laboratories.custom.com,DE959428867,,,2016-05-31
0000000769,ZEXC,Colorcon Film Coating & Formulation,,COLORCONF,107 Silicon Docks,Cambridge,02139,US,EN,+42-763-3534988,regulatory@colorcon.film.coating.and.com,18-2317329,,,2024-02-03
0000000770,ZAPI,Bachem Peptide Synthesis Group 770,Quality Control Testing Lab,BACHEMPEP,259 Pharma City Industrial Zone,Bridgewater,08807,US,EN,+77-368-4539486,regulatory@bachem.peptide.synthesis..com,12-7471147,,,2018-11-17
0000000771,ZCRO,Charles River Laboratories Preclini,Cold-Chain Depôt,CHARLESRI,57 Genome Valley Phase 2,Hyderabad,500090,IN,EN,+87-208-8817733,regulatory@charles.river.laboratorie.com,36AAACD7291T1Z6,,,2022-05-31
0000000772,ZPKG,Constantia Flexibles Coldform Foils,,CONSTANTIA,305 Grand Canal Square,Geneva,1202,CH,DE,+14-800-5419759,regulatory@constantia.flexibles.cold.com,CHE-405.866.752,,,2018-10-17
0000000773,ZAPI,Dishman Carbogen Amcis APIs 773,,DISHMANCA,177 Pharma City Industrial Zone,Hyderabad,500090,IN,EN,+85-403-3871529,regulatory@dishman.carbogen.amcis.ap.com,36AAACD4268T1Z3,,,2017-10-12
0000000774,ZPKG,Bormioli Pharma Amber Glass Bottles,Quality Control Testing Lab,BORMIOLIP,85 Route de Crassier,Bengaluru,560100,IN,EN,+53-716-3717263,regulatory@bormioli.pharma.amber.gla.com,36AAACD9046P1Z8,,,2019-08-07
0000000775,ZPKG,Datwyler Pharma Packaging Rubber Pl,API Custom Synthesis Wing,DATWYLERP,124 Novartis Campus Basel,Hyderabad,500090,IN,EN,+26-428-3506039,regulatory@datwyler.pharma.packaging.com,36AAACD4265F1Z6,,,2023-05-06
0000000776,ZMRO,Endress+Hauser Sanitary Flowmeters ,,ENDRESS+HA,103 Science Park Road,Darmstadt,64293,DE,DE,+18-824-3331606,regulatory@endress+hauser.sanitary.f.com,DE445277452,,,2016-11-29
0000000777,ZCLD,Envirotainer Temperature Controlled,,ENVIROTAIN,167 Pharma City Industrial Zone,Visakhapatnam,530017,IN,EN,+75-656-3897236,regulatory@envirotainer.temperature..com,36AAACD7696Z1Z5,,,2016-04-12
0000000778,ZPKG,West Pharmaceutical Services Stoppe,,WESTPHARM,10 Biotechpark Freiburg,Lausanne,1015,CH,DE,+2-679-9723252,regulatory@west.pharmaceutical.servi.com,CHE-906.186.728,,,2018-05-06
0000000779,ZAPI,Dishman Carbogen Amcis APIs 779,Biologics Development Div,DISHMANCA,164 Kendall Square,Paris,75015,FR,FR,+97-689-3664771,regulatory@dishman.carbogen.amcis.ap.com,FR50705813,,,2023-08-13
0000000780,ZCLD,QuickSTAT Global Life Science Logis,,QUICKSTAT,66 Genome Valley Phase 2,Hyderabad,500032,IN,EN,+87-678-7866794,regulatory@quickstat.global.life.sci.com,36AAACD2535Q1Z4,,,2023-05-12
0000000781,ZMRO,Spirax Sarco Pure Steam Generators ,,SPIRAXSAR,32 Science Park Road,Darmstadt,64293,DE,DE,+94-971-5714662,regulatory@spirax.sarco.pure.steam.g.com,DE762818160,,,2017-01-05
0000000782,ZEXC,Meggle Pharma Excipients & Binders ,,MEGGLEPHA,278 Industriepark Höchst,Basel,4058,CH,DE,+57-485-2600073,regulatory@meggle.pharma.excipients..com,CHE-410.773.574,,,2016-04-20
0000000783,ZEXC,FMC BioPolymer Microcrystalline Cel,,FMCBIOPOL,349 Discovery Boulevard,Hyderabad,500072,IN,EN,+63-142-5733273,regulatory@fmc.biopolymer.microcryst.com,36AAACD4501K1Z2,,,2019-10-05
0000000784,ZCRO,IQVIA Clinical Research Solutions 7,API Custom Synthesis Wing,IQVIACLIN,196 Genome Valley Phase 2,Rome,00187,IT,IT,+70-660-9661745,regulatory@iqvia.clinical.research.s.com,IT62897826,,,2019-10-12
0000000785,ZCRO,WuXi Biologics Contract Development,,WUXIBIOLO,227 Technology Square,Basel,4058,CH,DE,+42-475-9308893,regulatory@wuxi.biologics.contract.d.com,CHE-103.161.621,,,2022-03-11
0000000786,ZAPI,Hovione Pharmascience API Lisbon 78,Clinical Trial Packaging Hub,HOVIONEPH,298 Jeedimetla Industrial Estate,Hyderabad,500072,IN,EN,+93-999-5715040,regulatory@hovione.pharmascience.api.com,36AAACD2096V1Z9,,,2018-09-23
0000000787,ZEXC,Colorcon Film Coating & Formulation,API Custom Synthesis Wing,COLORCONF,58 Innovation Parkway,Oxford,OX4 4GA,GB,EN,+10-627-3409788,regulatory@colorcon.film.coating.and.com,GB605369703,,,2019-02-10
0000000788,ZPKG,West Pharmaceutical Services Stoppe,,WESTPHARM,74 Science Park Road,Mumbai,400072,IN,EN,+27-199-8180712,regulatory@west.pharmaceutical.servi.com,36AAACD4820Q1Z8,,,2017-02-11
0000000789,ZEXC,Colorcon Film Coating & Formulation,,COLORCONF,95 Biotechpark Freiburg,Milan,20121,IT,IT,+41-783-8520128,regulatory@colorcon.film.coating.and.com,IT26397827,,,2021-02-03
0000000790,ZCRO,Wuxi AppTec Laboratory Testing Divi,,WUXIAPPTE,323 Life Sciences Way,Hyderabad,500072,IN,EN,+48-914-4564789,regulatory@wuxi.apptec.laboratory.te.com,36AAACD9133I1Z5,,,2019-05-15
0000000791,ZPKG,Stevanato Group Ompi Sterile Vials ,,STEVANATO,155 Grand Canal Square,Galway,H91 W2TV,IE,EN,+24-387-7981114,regulatory@stevanato.group.ompi.ster.com,IE5528074Y,,,2017-06-17
0000000792,ZCLD,Cryoport Systems Liquid Nitrogen Co,,CRYOPORTS,275 Industriepark Höchst,Cork,T12 A26F,IE,EN,+7-520-3444689,regulatory@cryoport.systems.liquid.n.com,IE4318782M,,,2024-01-28
0000000793,ZAPI,Aarti Industries Specialty Intermed,,AARTIINDU,266 Route de Crassier,Hyderabad,500081,IN,EN,+36-312-9266946,regulatory@aarti.industries.specialt.com,36AAACD3220T1Z5,,,2020-02-27
0000000794,ZCLD,Ceva Biopharma Dedicated Logistics ,,CEVABIOPH,63 Bio-Campus Drive,Paris,75015,FR,FR,+5-523-1840724,regulatory@ceva.biopharma.dedicated..com,FR61557264,,,2021-10-07
0000000795,ZCRO,Covance Central Laboratory Services,,COVANCECE,14 Life Sciences Way,Hyderabad,500072,IN,EN,+25-425-5282553,regulatory@covance.central.laborator.com,36AAACD2682S1Z2,,,2020-05-18
0000000796,ZPKG,Amcor Flexibles Healthcare Packagin,,AMCORFLEX,318 Technology Square,Schaffhausen,8200,CH,DE,+50-149-1821183,regulatory@amcor.flexibles.healthcar.com,CHE-990.963.743,,,2022-05-10
0000000797,ZPKG,Klöckner Pentaplast Pharma Blister ,,KLÖCKNERP,134 Pashamylaram Industrial Area,Hyderabad,500078,IN,EN,+15-304-5831983,regulatory@klöckner.pentaplast.pharm.com,36AAACD7761R1Z2,,,2019-03-15
0000000798,ZPKG,Nemera Injectable Drug Delivery Dev,,NEMERAINJ,120 Silicon Docks,Darmstadt,64293,DE,DE,+23-105-4198930,regulatory@nemera.injectable.drug.de.com,DE793740018,,,2018-07-15
0000000799,ZPKG,Stevanato Group Ompi Sterile Vials ,,STEVANATO,207 Industriepark Höchst,Basel,4058,CH,DE,+61-344-8867055,regulatory@stevanato.group.ompi.ster.com,CHE-486.452.734,,,2019-06-05
0000000800,ZCRO,IQVIA Clinical Research Solutions 8,,IQVIACLIN,320 Discovery Boulevard,Strasbourg,67000,FR,FR,+6-726-8270526,regulatory@iqvia.clinical.research.s.com,FR95891405,,,2021-09-24
0000000801,ZCRO,Icon Clinical Research Global 801,,ICONCLINI,304 IDA Bollaram Road,Mannheim,68305,DE,DE,+20-154-9626742,regulatory@icon.clinical.research.gl.com,DE604435574,,,2023-06-13
0000000802,ZAPI,Lonza Biologics Custom Synthesis AG,Biologics Development Div,LONZABIOL,202 Jeedimetla Industrial Estate,Basel,4058,CH,DE,+42-610-4009084,regulatory@lonza.biologics.custom.sy.com,CHE-366.143.656,,,2017-12-01
0000000803,ZCLD,Envirotainer Temperature Controlled,,ENVIROTAIN,247 Pashamylaram Industrial Area,San Diego,92121,US,EN,+91-970-1807926,regulatory@envirotainer.temperature..com,70-5100035,,,2023-12-10
0000000804,ZPKG,SGD Pharma Type I Molded Vials 804,,SGDPHARMA,298 Silicon Docks,Lyon,69007,FR,FR,+57-351-8423777,regulatory@sgd.pharma.type.i.molded..com,FR69239048,,,2016-09-11
0000000805,ZEXC,Gattefosse Lipid Excipients Europe ,,GATTEFOSSE,222 Technology Square,Ahmedabad,382213,IN,EN,+91-627-4110141,regulatory@gattefosse.lipid.excipien.com,36AAACD6786E1Z8,,,2023-08-10
0000000806,ZPKG,Nemera Injectable Drug Delivery Dev,Quality Control Testing Lab,NEMERAINJ,226 IDA Bollaram Road,Bridgewater,08807,US,EN,+84-235-9930318,regulatory@nemera.injectable.drug.de.com,39-7864612,,,2017-01-25
0000000807,ZEXC,Gattefosse Lipid Excipients Europe ,Quality Control Testing Lab,GATTEFOSSE,44 Route de Crassier,San Diego,92121,US,EN,+88-298-7276349,regulatory@gattefosse.lipid.excipien.com,82-9855720,,,2019-06-03
0000000808,ZCRO,Vetter Pharma Sterile Fill & Finish,Quality Control Testing Lab,VETTERPHA,238 Silicon Docks,Hyderabad,500090,IN,EN,+31-775-5164710,regulatory@vetter.pharma.sterile.fil.com,36AAACD3849D1Z1,,,2023-12-05
0000000809,ZCRO,Medpace Clinical Pharmacology Unit ,,MEDPACECL,153 Route de Crassier,Visakhapatnam,530017,IN,EN,+98-805-1953854,regulatory@medpace.clinical.pharmaco.com,36AAACD1459Z1Z4,,,2017-03-26
0000000810,ZCLD,QuickSTAT Global Life Science Logis,,QUICKSTAT,330 Science Park Road,Cambridge,02139,US,EN,+25-391-6536021,regulatory@quickstat.global.life.sci.com,40-4556270,,,2017-03-21
0000000811,ZCRO,WuXi Biologics Contract Development,,WUXIBIOLO,72 Innovation Parkway,Basel,4058,CH,DE,+27-896-8018560,regulatory@wuxi.biologics.contract.d.com,CHE-100.475.120,,,2019-06-17
0000000812,ZEXC,Meggle Pharma Excipients & Binders ,,MEGGLEPHA,216 Innovation Parkway,Ingelheim,55218,DE,DE,+36-926-2934150,regulatory@meggle.pharma.excipients..com,DE932421007,,,2017-07-05
0000000813,ZEXC,DFE Pharma Inhalation Lactose 813,,DFEPHARMA,29 Discovery Boulevard,Visakhapatnam,530017,IN,EN,+64-831-1926757,regulatory@dfe.pharma.inhalation.lac.com,36AAACD1343U1Z6,,,2017-10-05
0000000814,ZMRO,BWT Pharma Pure Water & WFI Systems,,BWTPHARMA,46 Biotechpark Freiburg,Zurich,8005,CH,DE,+27-652-8055632,regulatory@bwt.pharma.pure.water.and.com,CHE-369.468.886,,,2018-03-23
0000000815,ZAPI,Neuland Laboratories Custom APIs 81,,NEULANDLA,70 Science Park Road,Mumbai,400072,IN,EN,+39-735-4851141,regulatory@neuland.laboratories.cust.com,36AAACD7647K1Z8,,,2022-11-10
0000000816,ZCLD,QuickSTAT Global Life Science Logis,,QUICKSTAT,304 Technology Square,Leverkusen,51373,DE,DE,+55-411-3626452,regulatory@quickstat.global.life.sci.com,DE328455931,,,2023-12-19
0000000817,ZPKG,Amcor Flexibles Healthcare Packagin,,AMCORFLEX,191 Bio-Campus Drive,Lausanne,1015,CH,DE,+4-446-6551032,regulatory@amcor.flexibles.healthcar.com,CHE-262.441.972,,,2017-11-15
0000000818,ZCLD,Cryoport Systems Liquid Nitrogen Co,,CRYOPORTS,176 Biotechpark Freiburg,Paris,75015,FR,FR,+95-567-6685989,regulatory@cryoport.systems.liquid.n.com,FR95406986,,,2020-04-04
0000000819,ZEXC,FMC BioPolymer Microcrystalline Cel,,FMCBIOPOL,329 Route de Crassier,Visakhapatnam,530017,IN,EN,+64-428-2216965,regulatory@fmc.biopolymer.microcryst.com,36AAACD5147Y1Z4,,,2016-02-03
0000000820,ZAPI,Lonza Biologics Custom Synthesis AG,,LONZABIOL,159 Technology Square,Biberach,88400,DE,DE,+86-167-3571660,regulatory@lonza.biologics.custom.sy.com,DE246916106,,,2019-05-15
0000000821,ZMRO,Getinge Sterile Processing Equipmen,,GETINGEST,130 Grand Canal Square,Mumbai,400072,IN,EN,+37-669-8730731,regulatory@getinge.sterile.processin.com,36AAACD3477I1Z9,,,2021-01-22
0000000822,ZEXC,Shin-Etsu Chemical Cellulose Excipi,,SHINETSU,247 Grand Canal Square,Ingelheim,55218,DE,DE,+10-337-6346880,regulatory@shin-etsu.chemical.cellul.com,DE451116187,,,2023-05-18
0000000823,ZEXC,Colorcon Film Coating & Formulation,,COLORCONF,227 Science Park Road,Zurich,8005,CH,DE,+71-985-2037248,regulatory@colorcon.film.coating.and.com,CHE-310.522.725,,,2016-07-13
0000000824,ZEXC,Avantor Performance Materials J.T.B,,AVANTORPE,85 Technology Square,Zurich,8005,CH,DE,+52-134-4286505,regulatory@avantor.performance.mater.com,CHE-790.477.680,,,2018-03-30
0000000825,ZEXC,Gattefosse Lipid Excipients Europe ,Clinical Trial Packaging Hub,GATTEFOSSE,47 Genome Valley Phase 2,Cork,T12 A26F,IE,EN,+12-311-2412781,regulatory@gattefosse.lipid.excipien.com,IE5182168B,,,2016-09-17
0000000826,ZMRO,BWT Pharma Pure Water & WFI Systems,,BWTPHARMA,54 Genome Valley Phase 2,Hyderabad,500090,IN,EN,+55-665-7591993,regulatory@bwt.pharma.pure.water.and.com,36AAACD4099B1Z2,,,2019-04-21
0000000827,ZMRO,Sartorius Stedim Biotech Sterile Fi,,SARTORIUS,103 Innovation Parkway,Visakhapatnam,530017,IN,EN,+71-865-7188285,regulatory@sartorius.stedim.biotech..com,36AAACD7853E1Z2,,,2020-09-16
0000000828,ZMRO,Merck Millipore BioMonitoring Testi,,MERCKMILL,205 Pharma City Industrial Zone,Hyderabad,500081,IN,EN,+3-977-1881354,regulatory@merck.millipore.biomonito.com,36AAACD7130V1Z1,,,2023-03-13
0000000829,ZCRO,Wuxi AppTec Laboratory Testing Divi,,WUXIAPPTE,99 Innovation Parkway,Visakhapatnam,530017,IN,EN,+51-183-9082209,regulatory@wuxi.apptec.laboratory.te.com,36AAACD7231J1Z1,,,2022-03-02
0000000830,ZEXC,Avantor Performance Materials J.T.B,,AVANTORPE,273 Genome Valley Phase 1,Hyderabad,500072,IN,EN,+73-309-9833350,regulatory@avantor.performance.mater.com,36AAACD1840U1Z3,,,2021-04-19
0000000831,ZPKG,Nemera Injectable Drug Delivery Dev,,NEMERAINJ,73 Novartis Campus Basel,Frankfurt,65926,DE,DE,+86-911-3392865,regulatory@nemera.injectable.drug.de.com,DE909037066,,,2022-11-26
0000000832,ZPKG,Stevanato Group Ompi Sterile Vials ,,STEVANATO,333 Grand Canal Square,Schaffhausen,8200,CH,DE,+74-971-4112704,regulatory@stevanato.group.ompi.ster.com,CHE-574.668.600,,,2017-12-14
0000000833,ZCRO,Icon Clinical Research Global 833,Cold-Chain Depôt,ICONCLINI,5 Jeedimetla Industrial Estate,Bridgewater,08807,US,EN,+43-648-9576685,regulatory@icon.clinical.research.gl.com,76-8722665,,,2023-11-15
0000000834,ZEXC,Meggle Pharma Excipients & Binders ,,MEGGLEPHA,202 HITEC City Bio Park,Hyderabad,500090,IN,EN,+99-423-6624382,regulatory@meggle.pharma.excipients..com,36AAACD3385Y1Z8,,,2018-02-22
0000000835,ZEXC,Honeywell Research Chemicals & Solv,Quality Control Testing Lab,HONEYWELL,335 Technology Square,Mumbai,400072,IN,EN,+93-631-9952167,regulatory@honeywell.research.chemic.com,36AAACD4138K1Z7,,,2016-12-20
0000000836,ZMRO,Sartorius Stedim Biotech Sterile Fi,,SARTORIUS,178 Genome Valley Phase 1,Strasbourg,67000,FR,FR,+56-918-9019701,regulatory@sartorius.stedim.biotech..com,FR47669627,,,2021-08-09
0000000837,ZAPI,Hetero Drugs Bulk API Manufacturing,,HETERODRU,5 IDA Bollaram Road,Cambridge,02139,US,EN,+14-461-7093973,regulatory@hetero.drugs.bulk.api.man.com,78-6108571,,,2021-03-20
0000000838,ZAPI,Evonik Health Care Biomaterials 838,,EVONIKHEA,25 Kendall Square,Hyderabad,500072,IN,EN,+92-923-8626224,regulatory@evonik.health.care.biomat.com,36AAACD9343F1Z8,,,2018-06-13
0000000839,ZEXC,Honeywell Research Chemicals & Solv,,HONEYWELL,333 Silicon Docks,Ahmedabad,382213,IN,EN,+99-105-7236550,regulatory@honeywell.research.chemic.com,36AAACD4804B1Z3,,,2018-10-25
0000000840,ZPKG,Klöckner Pentaplast Pharma Blister ,Biologics Development Div,KLÖCKNERP,34 Industriepark Höchst,Hyderabad,500072,IN,EN,+97-288-7952015,regulatory@klöckner.pentaplast.pharm.com,36AAACD7530C1Z2,,,2016-06-30
0000000841,ZCRO,PPD Clinical Research Services 841,API Custom Synthesis Wing,PPDCLINIC,89 Pharma City Industrial Zone,Hyderabad,500078,IN,EN,+91-802-9887381,regulatory@ppd.clinical.research.ser.com,36AAACD7797B1Z7,,,2020-04-06
0000000842,ZMRO,Merck Millipore BioMonitoring Testi,,MERCKMILL,230 Genome Valley Phase 2,Ahmedabad,382213,IN,EN,+85-501-5867366,regulatory@merck.millipore.biomonito.com,36AAACD1614Z1Z1,,,2019-04-07
0000000843,ZMRO,Syntegon Pharma Technology Packagin,Clinical Trial Packaging Hub,SYNTEGONP,282 HITEC City Bio Park,Hyderabad,500078,IN,EN,+88-452-3478661,regulatory@syntegon.pharma.technolog.com,36AAACD7816N1Z8,,,2016-03-08
0000000844,ZEXC,Roquette Pharma Excipients & Polyol,,ROQUETTEP,231 Kendall Square,Leverkusen,51373,DE,DE,+21-682-3070192,regulatory@roquette.pharma.excipient.com,DE284042536,,,2021-08-01
0000000845,ZEXC,Croda Pharma High Purity Lipids 845,Quality Control Testing Lab,CRODAPHAR,255 Biotechpark Freiburg,Visakhapatnam,530017,IN,EN,+79-744-1860784,regulatory@croda.pharma.high.purity..com,36AAACD6147X1Z3,,,2021-04-05
0000000846,ZEXC,FMC BioPolymer Microcrystalline Cel,,FMCBIOPOL,217 Novartis Campus Basel,Mumbai,400072,IN,EN,+76-892-1179394,regulatory@fmc.biopolymer.microcryst.com,36AAACD5689F1Z8,,,2016-08-20
0000000847,ZEXC,DFE Pharma Inhalation Lactose 847,,DFEPHARMA,86 Industriepark Höchst,Frankfurt,65926,DE,DE,+62-730-8172744,regulatory@dfe.pharma.inhalation.lac.com,DE257063673,,,2022-05-25
0000000848,ZPKG,SGD Pharma Type I Molded Vials 848,Quality Control Testing Lab,SGDPHARMA,123 Innovation Parkway,Visakhapatnam,530017,IN,EN,+93-333-5442533,regulatory@sgd.pharma.type.i.molded..com,36AAACD6273H1Z3,,,2022-10-18
0000000849,ZCRO,IQVIA Clinical Research Solutions 8,,IQVIACLIN,334 Science Park Road,Basel,4058,CH,DE,+12-712-4377317,regulatory@iqvia.clinical.research.s.com,CHE-611.889.736,,,2016-08-10
0000000850,ZEXC,Croda Pharma High Purity Lipids 850,Clinical Trial Packaging Hub,CRODAPHAR,261 Industriepark Höchst,Hyderabad,500078,IN,EN,+66-351-2005058,regulatory@croda.pharma.high.purity..com,36AAACD1563T1Z9,,,2017-07-06
0000000851,ZCLD,World Courier Biopharma Cold-Chain ,,WORLDCOUR,40 Silicon Docks,Lausanne,1015,CH,DE,+78-798-7759126,regulatory@world.courier.biopharma.c.com,CHE-456.249.630,,,2021-12-22
0000000852,ZCRO,Eurofins BioPharma Testing Laborato,,EUROFINSB,252 Pashamylaram Industrial Area,Macclesfield,SK10 2NA,GB,EN,+51-970-9041957,regulatory@eurofins.biopharma.testin.com,GB198585146,,,2023-01-11
0000000853,ZEXC,Shin-Etsu Chemical Cellulose Excipi,Quality Control Testing Lab,SHINETSU,148 Innovation Parkway,Geneva,1202,CH,DE,+7-525-2847938,regulatory@shin-etsu.chemical.cellul.com,CHE-391.152.739,,,2016-11-11
0000000854,ZPKG,Klöckner Pentaplast Pharma Blister ,Clinical Trial Packaging Hub,KLÖCKNERP,201 Route de Crassier,Bridgewater,08807,US,EN,+6-324-6717342,regulatory@klöckner.pentaplast.pharm.com,87-2885913,,,2023-01-26
0000000855,ZAPI,Divi's Laboratories Custom Synthesi,,DIVISLAB,59 Industriepark Höchst,Mannheim,68305,DE,DE,+65-444-6648627,regulatory@divis.laboratories.custom.com,DE198868729,,,2024-01-26
0000000856,ZEXC,Merck KGaA MilliporeSigma Life Scie,,MERCKKGAA,284 Jeedimetla Industrial Estate,Bridgewater,08807,US,EN,+38-254-2008879,regulatory@merck.kgaa.milliporesigma.com,36-8807630,,,2017-12-19
0000000857,ZAPI,Evonik Health Care Biomaterials 857,Cold-Chain Depôt,EVONIKHEA,20 Jeedimetla Industrial Estate,Hyderabad,500072,IN,EN,+64-339-7344248,regulatory@evonik.health.care.biomat.com,36AAACD7577S1Z9,,,2018-06-15
0000000858,ZCRO,Charles River Laboratories Preclini,,CHARLESRI,154 Innovation Parkway,Schaffhausen,8200,CH,DE,+4-938-2602521,regulatory@charles.river.laboratorie.com,CHE-103.175.349,,,2020-08-14
0000000859,ZMRO,Steris Life Sciences GMP Decontamin,,STERISLIF,235 Grand Canal Square,Hyderabad,500072,IN,EN,+51-405-8094043,regulatory@steris.life.sciences.gmp..com,36AAACD3536Z1Z4,,,2016-11-08
0000000860,ZPKG,Schott Pharma Borosilicate Glass Vi,,SCHOTTPHA,114 Genome Valley Phase 1,Frankfurt,65926,DE,DE,+23-294-7943986,regulatory@schott.pharma.borosilicat.com,DE174490750,,,2021-08-14
0000000861,ZEXC,Honeywell Research Chemicals & Solv,,HONEYWELL,249 Kendall Square,Geneva,1202,CH,DE,+92-405-3981811,regulatory@honeywell.research.chemic.com,CHE-806.348.835,,,2019-10-26
0000000862,ZEXC,FMC BioPolymer Microcrystalline Cel,,FMCBIOPOL,313 Jeedimetla Industrial Estate,Darmstadt,64293,DE,DE,+95-387-9504068,regulatory@fmc.biopolymer.microcryst.com,DE510701591,,,2019-06-26
0000000863,ZCLD,Ceva Biopharma Dedicated Logistics ,,CEVABIOPH,299 Innovation Parkway,Galway,H91 W2TV,IE,EN,+74-932-8942406,regulatory@ceva.biopharma.dedicated..com,IE6245508V,,,2020-09-03
0000000864,ZPKG,Nipro PharmaPackaging Syringes 864,,NIPROPHAR,253 Science Park Road,Biberach,88400,DE,DE,+45-152-9285379,regulatory@nipro.pharmapackaging.syr.com,DE333898552,,,2022-03-26
0000000865,ZCLD,Envirotainer Temperature Controlled,,ENVIROTAIN,95 Genome Valley Phase 2,Hyderabad,500081,IN,EN,+58-489-6264641,regulatory@envirotainer.temperature..com,36AAACD2475S1Z7,,,2019-01-11
0000000866,ZEXC,Thermo Fisher Scientific Fisher Che,,THERMOFIS,253 Discovery Boulevard,Boston,02210,US,EN,+49-120-2075050,regulatory@thermo.fisher.scientific..com,31-5313600,,,2023-03-10
0000000867,ZMRO,BWT Pharma Pure Water & WFI Systems,,BWTPHARMA,82 Silicon Docks,Hyderabad,500081,IN,EN,+40-714-6469492,regulatory@bwt.pharma.pure.water.and.com,36AAACD7070N1Z3,,,2017-05-06
0000000868,ZMRO,Steris Life Sciences GMP Decontamin,,STERISLIF,214 HITEC City Bio Park,Geneva,1202,CH,DE,+46-363-2473616,regulatory@steris.life.sciences.gmp..com,CHE-874.173.470,,,2023-09-09
0000000869,ZMRO,Spirax Sarco Pure Steam Generators ,,SPIRAXSAR,338 Innovation Parkway,Bengaluru,560100,IN,EN,+18-592-8096784,regulatory@spirax.sarco.pure.steam.g.com,36AAACD2081M1Z9,,,2017-12-20
0000000870,ZEXC,FMC BioPolymer Microcrystalline Cel,,FMCBIOPOL,202 Science Park Road,Visakhapatnam,530017,IN,EN,+91-804-8374359,regulatory@fmc.biopolymer.microcryst.com,36AAACD2735L1Z5,,,2021-05-15
0000000871,ZPKG,Bormioli Pharma Amber Glass Bottles,,BORMIOLIP,94 Route de Crassier,Basel,4058,CH,DE,+99-535-6632490,regulatory@bormioli.pharma.amber.gla.com,CHE-675.685.649,,,2019-12-13
0000000872,ZAPI,Hetero Drugs Bulk API Manufacturing,,HETERODRU,100 Discovery Boulevard,Waterford,X91 C7K9,IE,EN,+43-211-6698333,regulatory@hetero.drugs.bulk.api.man.com,IE5625039A,,,2017-06-10
0000000873,ZCRO,Vetter Pharma Sterile Fill & Finish,,VETTERPHA,62 Silicon Docks,Zurich,8005,CH,DE,+85-921-1159009,regulatory@vetter.pharma.sterile.fil.com,CHE-798.420.606,,,2020-02-12
0000000874,ZPKG,Nipro PharmaPackaging Syringes 874,,NIPROPHAR,197 Grand Canal Square,Hyderabad,500072,IN,EN,+18-269-7864234,regulatory@nipro.pharmapackaging.syr.com,36AAACD9125H1Z3,,,2021-11-21
0000000875,ZCLD,Kuehne + Nagel PharmaChain Cold Sto,,KUEHNE+N,276 Silicon Docks,Visakhapatnam,530017,IN,EN,+14-982-2707402,regulatory@kuehne.+.nagel.pharmachai.com,36AAACD2822O1Z5,,,2018-06-28
0000000876,ZAPI,Cambrex Fine Chemicals & Custom API,,CAMBREXFI,167 Pharma City Industrial Zone,Frankfurt,65926,DE,DE,+90-818-1183098,regulatory@cambrex.fine.chemicals.an.com,DE536619046,,,2016-07-19
0000000877,ZCRO,PPD Clinical Research Services 877,Sterile Fill-Finish Unit,PPDCLINIC,212 Kendall Square,Cambridge,CB2 0AA,GB,EN,+15-798-9305780,regulatory@ppd.clinical.research.ser.com,GB231033238,,,2017-04-19
0000000878,ZCLD,QuickSTAT Global Life Science Logis,,QUICKSTAT,320 IDA Bollaram Road,Durham,27709,US,EN,+93-567-9910493,regulatory@quickstat.global.life.sci.com,30-7718406,,,2019-02-05
0000000879,ZCRO,Covance Central Laboratory Services,Clinical Trial Packaging Hub,COVANCECE,99 Life Sciences Way,Princeton,08540,US,EN,+15-797-1180696,regulatory@covance.central.laborator.com,46-4019887,,,2019-11-11
0000000880,ZEXC,Thermo Fisher Scientific Fisher Che,,THERMOFIS,218 Biotechpark Freiburg,Geneva,1202,CH,DE,+72-716-3623713,regulatory@thermo.fisher.scientific..com,CHE-344.118.682,,,2017-09-01
0000000881,ZEXC,Shin-Etsu Chemical Cellulose Excipi,,SHINETSU,144 Industriepark Höchst,Zurich,8005,CH,DE,+25-771-9267476,regulatory@shin-etsu.chemical.cellul.com,CHE-463.489.941,,,2020-05-09
0000000882,ZPKG,Gerresheimer Primary Packaging Glas,,GERRESHEIM,27 Life Sciences Way,Philadelphia,19104,US,EN,+95-320-8758428,regulatory@gerresheimer.primary.pack.com,87-2888649,,,2017-06-18
0000000883,ZAPI,Neuland Laboratories Custom APIs 88,Biologics Development Div,NEULANDLA,329 Life Sciences Way,Milan,20121,IT,IT,+67-836-3417941,regulatory@neuland.laboratories.cust.com,IT54687772,,,2023-03-01
0000000884,ZMRO,Endress+Hauser Sanitary Flowmeters ,,ENDRESS+HA,205 Pharma City Industrial Zone,Bengaluru,560100,IN,EN,+70-455-7779185,regulatory@endress+hauser.sanitary.f.com,36AAACD4441V1Z2,,,2017-06-30
0000000885,ZMRO,Pall Medical Biopharmaceutical Filt,,PALLMEDIC,236 Novartis Campus Basel,Lausanne,1015,CH,DE,+23-908-8529577,regulatory@pall.medical.biopharmaceu.com,CHE-880.736.236,,,2019-01-16
0000000886,ZAPI,Divi's Laboratories Custom Synthesi,,DIVISLAB,172 Grand Canal Square,Philadelphia,19104,US,EN,+11-486-8515240,regulatory@divis.laboratories.custom.com,66-5204294,,,2018-12-02
0000000887,ZPKG,Gerresheimer Primary Packaging Glas,,GERRESHEIM,194 Grand Canal Square,London,WC1E 6BT,GB,EN,+23-150-9640694,regulatory@gerresheimer.primary.pack.com,GB746590604,,,2019-05-25
0000000888,ZAPI,Divi's Laboratories Custom Synthesi,Biologics Development Div,DIVISLAB,123 Genome Valley Phase 1,Visakhapatnam,530017,IN,EN,+33-315-5814758,regulatory@divis.laboratories.custom.com,36AAACD6822Y1Z1,,,2017-09-26
0000000889,ZAPI,Hovione Pharmascience API Lisbon 88,,HOVIONEPH,308 IDA Bollaram Road,Basel,4058,CH,DE,+47-967-2875616,regulatory@hovione.pharmascience.api.com,CHE-382.861.365,,,2020-09-25
0000000890,ZPKG,Aptar Pharma Metered Dose Inhalers ,,APTARPHAR,250 Discovery Boulevard,Zurich,8005,CH,DE,+88-512-7873540,regulatory@aptar.pharma.metered.dose.com,CHE-749.413.157,,,2023-06-11
0000000891,ZEXC,Gattefosse Lipid Excipients Europe ,Clinical Trial Packaging Hub,GATTEFOSSE,5 Genome Valley Phase 2,Hyderabad,500090,IN,EN,+88-609-7224722,regulatory@gattefosse.lipid.excipien.com,36AAACD3987C1Z4,,,2016-06-02
0000000892,ZAPI,Hetero Drugs Bulk API Manufacturing,Clinical Trial Packaging Hub,HETERODRU,264 Genome Valley Phase 1,Durham,27709,US,EN,+83-262-6758830,regulatory@hetero.drugs.bulk.api.man.com,42-2270230,,,2018-10-20
0000000893,ZMRO,Endress+Hauser Sanitary Flowmeters ,,ENDRESS+HA,169 IDA Bollaram Road,Ahmedabad,382213,IN,EN,+13-202-5122821,regulatory@endress+hauser.sanitary.f.com,36AAACD2199A1Z2,,,2017-01-23
0000000894,ZCRO,Covance Central Laboratory Services,Clinical Trial Packaging Hub,COVANCECE,146 Grand Canal Square,Bridgewater,08807,US,EN,+29-723-9112387,regulatory@covance.central.laborator.com,81-1279662,,,2019-09-25
0000000895,ZPKG,Amcor Flexibles Healthcare Packagin,,AMCORFLEX,49 IDA Bollaram Road,Geneva,1202,CH,DE,+27-215-5148159,regulatory@amcor.flexibles.healthcar.com,CHE-194.679.300,,,2022-11-08
0000000896,ZAPI,Hetero Drugs Bulk API Manufacturing,,HETERODRU,178 Genome Valley Phase 1,Hyderabad,500078,IN,EN,+17-409-2971926,regulatory@hetero.drugs.bulk.api.man.com,36AAACD5159U1Z2,,,2022-04-17
0000000897,ZCRO,Eurofins BioPharma Testing Laborato,,EUROFINSB,25 Silicon Docks,Philadelphia,19104,US,EN,+61-996-4330369,regulatory@eurofins.biopharma.testin.com,90-1972124,,,2016-07-05
0000000898,ZCRO,Parexel International Clinical Serv,Sterile Fill-Finish Unit,PAREXELIN,8 Technology Square,Frankfurt,65926,DE,DE,+33-167-7900347,regulatory@parexel.international.cli.com,DE300168173,,,2020-02-08
0000000899,ZCRO,Wuxi AppTec Laboratory Testing Divi,,WUXIAPPTE,253 Industriepark Höchst,Paris,75015,FR,FR,+65-845-3596577,regulatory@wuxi.apptec.laboratory.te.com,FR45921996,,,2021-07-14
0000000900,ZEXC,Croda Pharma High Purity Lipids 900,,CRODAPHAR,233 Genome Valley Phase 2,Cork,T12 A26F,IE,EN,+96-393-2686164,regulatory@croda.pharma.high.purity..com,IE6519204W,,,2021-08-30
0000000901,ZCRO,Catalent Pharma Solutions Softgel &,,CATALENTP,119 Life Sciences Way,Hyderabad,500090,IN,EN,+61-816-5888968,regulatory@catalent.pharma.solutions.com,36AAACD1231W1Z8,,,2022-07-04
0000000902,ZPKG,Stevanato Group Ompi Sterile Vials ,Sterile Fill-Finish Unit,STEVANATO,34 Genome Valley Phase 1,Visakhapatnam,530017,IN,EN,+18-154-8227270,regulatory@stevanato.group.ompi.ster.com,36AAACD5073Q1Z1,,,2019-04-24
0000000903,ZMRO,BWT Pharma Pure Water & WFI Systems,,BWTPHARMA,166 Novartis Campus Basel,Waterford,X91 C7K9,IE,EN,+32-438-8026473,regulatory@bwt.pharma.pure.water.and.com,IE8997319F,,,2023-10-22
0000000904,ZMRO,Endress+Hauser Sanitary Flowmeters ,,ENDRESS+HA,290 Discovery Boulevard,Oxford,OX4 4GA,GB,EN,+56-376-5176857,regulatory@endress+hauser.sanitary.f.com,GB939748155,,,2019-12-21
0000000905,ZPKG,SGD Pharma Type I Molded Vials 905,,SGDPHARMA,123 Route de Crassier,Rome,00187,IT,IT,+4-722-2403687,regulatory@sgd.pharma.type.i.molded..com,IT94507614,,,2016-11-06
0000000906,ZEXC,Avantor Performance Materials J.T.B,,AVANTORPE,322 Pharma City Industrial Zone,Biberach,88400,DE,DE,+96-587-3150054,regulatory@avantor.performance.mater.com,DE896030199,,,2016-06-30
0000000907,ZMRO,Steris Life Sciences GMP Decontamin,,STERISLIF,33 Science Park Road,San Diego,92121,US,EN,+31-351-7328537,regulatory@steris.life.sciences.gmp..com,70-2391630,,,2017-04-02
0000000908,ZEXC,Croda Pharma High Purity Lipids 908,,CRODAPHAR,315 Innovation Parkway,Zurich,8005,CH,DE,+25-147-8574755,regulatory@croda.pharma.high.purity..com,CHE-205.274.471,,,2020-01-12
0000000909,ZCRO,Eurofins BioPharma Testing Laborato,,EUROFINSB,300 Discovery Boulevard,Boston,02210,US,EN,+62-405-8548398,regulatory@eurofins.biopharma.testin.com,90-4708768,,,2020-09-04
0000000910,ZEXC,DFE Pharma Inhalation Lactose 910,,DFEPHARMA,346 Genome Valley Phase 1,Ahmedabad,382213,IN,EN,+66-274-5355516,regulatory@dfe.pharma.inhalation.lac.com,36AAACD2092D1Z1,,,2018-10-16
0000000911,ZEXC,Merck KGaA MilliporeSigma Life Scie,,MERCKKGAA,257 Science Park Road,San Diego,92121,US,EN,+49-717-4525185,regulatory@merck.kgaa.milliporesigma.com,63-3863470,,,2017-03-11
0000000912,ZAPI,Hovione Pharmascience API Lisbon 91,,HOVIONEPH,47 IDA Bollaram Road,Schaffhausen,8200,CH,DE,+27-200-9953320,regulatory@hovione.pharmascience.api.com,CHE-622.767.331,,,2019-10-21
0000000913,ZCRO,Catalent Pharma Solutions Softgel &,,CATALENTP,172 IDA Bollaram Road,Rome,00187,IT,IT,+56-180-6502719,regulatory@catalent.pharma.solutions.com,IT27385165,,,2016-06-24
0000000914,ZEXC,BASF Pharma Solutions Excipients 91,,BASFPHARM,246 Industriepark Höchst,Schaffhausen,8200,CH,DE,+35-981-7684445,regulatory@basf.pharma.solutions.exc.com,CHE-906.608.570,,,2018-08-17
0000000915,ZEXC,Meggle Pharma Excipients & Binders ,,MEGGLEPHA,151 Grand Canal Square,Bengaluru,560100,IN,EN,+76-440-8195205,regulatory@meggle.pharma.excipients..com,36AAACD2190M1Z3,,,2017-03-03
0000000916,ZAPI,Hovione Pharmascience API Lisbon 91,,HOVIONEPH,215 Kendall Square,Ingelheim,55218,DE,DE,+41-133-2160813,regulatory@hovione.pharmascience.api.com,DE252397943,,,2023-02-25
0000000917,ZAPI,Dishman Carbogen Amcis APIs 917,,DISHMANCA,40 Biotechpark Freiburg,Visakhapatnam,530017,IN,EN,+15-917-4981692,regulatory@dishman.carbogen.amcis.ap.com,36AAACD9655D1Z9,,,2023-03-12
0000000918,ZCRO,Icon Clinical Research Global 918,,ICONCLINI,15 Novartis Campus Basel,Bengaluru,560100,IN,EN,+56-532-8762554,regulatory@icon.clinical.research.gl.com,36AAACD1383T1Z5,,,2022-02-21
0000000919,ZCRO,Syneos Health Clinical Development ,,SYNEOSHEA,130 Technology Square,Mumbai,400072,IN,EN,+98-663-7802649,regulatory@syneos.health.clinical.de.com,36AAACD6398H1Z7,,,2020-05-11
0000000920,ZPKG,Stevanato Group Ompi Sterile Vials ,Cold-Chain Depôt,STEVANATO,91 Genome Valley Phase 2,Hyderabad,500078,IN,EN,+69-199-2348407,regulatory@stevanato.group.ompi.ster.com,36AAACD7568H1Z6,,,2020-07-01
0000000921,ZEXC,Meggle Pharma Excipients & Binders ,,MEGGLEPHA,68 Biotechpark Freiburg,Philadelphia,19104,US,EN,+60-677-2076916,regulatory@meggle.pharma.excipients..com,24-1142526,,,2018-11-14
0000000922,ZMRO,BWT Pharma Pure Water & WFI Systems,,BWTPHARMA,129 Kendall Square,Schaffhausen,8200,CH,DE,+72-383-8733313,regulatory@bwt.pharma.pure.water.and.com,CHE-517.259.417,,,2020-12-10
0000000923,ZPKG,Datwyler Pharma Packaging Rubber Pl,Biologics Development Div,DATWYLERP,97 Genome Valley Phase 1,Galway,H91 W2TV,IE,EN,+1-182-4656473,regulatory@datwyler.pharma.packaging.com,IE1021621G,,,2020-06-22
0000000924,ZMRO,Endress+Hauser Sanitary Flowmeters ,Sterile Fill-Finish Unit,ENDRESS+HA,266 Bio-Campus Drive,Rome,00187,IT,IT,+35-211-9316577,regulatory@endress+hauser.sanitary.f.com,IT22162655,,,2018-05-13
0000000925,ZEXC,Gattefosse Lipid Excipients Europe ,API Custom Synthesis Wing,GATTEFOSSE,4 Genome Valley Phase 1,Hyderabad,500078,IN,EN,+88-665-8961842,regulatory@gattefosse.lipid.excipien.com,36AAACD2983G1Z7,,,2019-08-11
0000000926,ZEXC,FMC BioPolymer Microcrystalline Cel,,FMCBIOPOL,223 Silicon Docks,Mumbai,400072,IN,EN,+84-478-3265531,regulatory@fmc.biopolymer.microcryst.com,36AAACD8305B1Z2,,,2021-03-17
0000000927,ZCLD,Ceva Biopharma Dedicated Logistics ,,CEVABIOPH,44 Genome Valley Phase 1,San Diego,92121,US,EN,+41-129-4032707,regulatory@ceva.biopharma.dedicated..com,73-3880819,,,2018-12-08
0000000928,ZMRO,Spirax Sarco Pure Steam Generators ,Biologics Development Div,SPIRAXSAR,36 HITEC City Bio Park,Bridgewater,08807,US,EN,+70-999-1534708,regulatory@spirax.sarco.pure.steam.g.com,93-1845776,,,2016-11-11
0000000929,ZCRO,Vetter Pharma Sterile Fill & Finish,Sterile Fill-Finish Unit,VETTERPHA,181 Grand Canal Square,Hyderabad,500081,IN,EN,+65-100-3634001,regulatory@vetter.pharma.sterile.fil.com,36AAACD5735X1Z5,,,2016-11-29
0000000930,ZCRO,PPD Clinical Research Services 930,,PPDCLINIC,182 Pharma City Industrial Zone,Hyderabad,500081,IN,EN,+15-174-1900956,regulatory@ppd.clinical.research.ser.com,36AAACD9569F1Z4,,,2016-04-22
0000000931,ZMRO,Sartorius Stedim Biotech Sterile Fi,Cold-Chain Depôt,SARTORIUS,56 HITEC City Bio Park,Lausanne,1015,CH,DE,+30-710-1752113,regulatory@sartorius.stedim.biotech..com,CHE-716.551.858,,,2017-12-11
0000000932,ZMRO,Getinge Sterile Processing Equipmen,,GETINGEST,242 Science Park Road,Hyderabad,500078,IN,EN,+70-955-8848622,regulatory@getinge.sterile.processin.com,36AAACD2545O1Z4,,,2018-06-24
0000000933,ZCRO,Icon Clinical Research Global 933,API Custom Synthesis Wing,ICONCLINI,307 Innovation Parkway,Hyderabad,500081,IN,EN,+65-905-7303574,regulatory@icon.clinical.research.gl.com,36AAACD1898F1Z8,,,2019-05-30
0000000934,ZMRO,Pall Medical Biopharmaceutical Filt,,PALLMEDIC,226 Science Park Road,Oxford,OX4 4GA,GB,EN,+16-700-3995088,regulatory@pall.medical.biopharmaceu.com,GB969817073,,,2022-07-16
0000000935,ZPKG,Datwyler Pharma Packaging Rubber Pl,,DATWYLERP,37 Pashamylaram Industrial Area,Hyderabad,500090,IN,EN,+64-396-8725099,regulatory@datwyler.pharma.packaging.com,36AAACD3713Z1Z4,,,2021-01-05
0000000936,ZMRO,Sartorius Stedim Biotech Sterile Fi,,SARTORIUS,142 Genome Valley Phase 2,Geneva,1202,CH,DE,+6-370-6196063,regulatory@sartorius.stedim.biotech..com,CHE-325.937.409,,,2016-04-21
0000000937,ZEXC,Ashland Specialty Pharma Polymers 9,,ASHLANDSP,143 Industriepark Höchst,Princeton,08540,US,EN,+85-499-7239471,regulatory@ashland.specialty.pharma..com,25-8442304,,,2016-12-19
0000000938,ZAPI,Divi's Laboratories Custom Synthesi,,DIVISLAB,350 Kendall Square,Cambridge,02139,US,EN,+64-377-2289226,regulatory@divis.laboratories.custom.com,82-2684351,,,2023-06-15
0000000939,ZAPI,Hetero Drugs Bulk API Manufacturing,,HETERODRU,56 Bio-Campus Drive,Frankfurt,65926,DE,DE,+49-268-6056223,regulatory@hetero.drugs.bulk.api.man.com,DE418668137,,,2016-04-25
0000000940,ZMRO,Steris Life Sciences GMP Decontamin,,STERISLIF,167 Science Park Road,Hyderabad,500032,IN,EN,+84-273-2408509,regulatory@steris.life.sciences.gmp..com,36AAACD3678F1Z2,,,2018-04-06
0000000941,ZCRO,Eurofins BioPharma Testing Laborato,,EUROFINSB,88 Biotechpark Freiburg,Zurich,8005,CH,DE,+24-152-4925727,regulatory@eurofins.biopharma.testin.com,CHE-825.795.865,,,2018-10-21
0000000942,ZPKG,Bormioli Pharma Amber Glass Bottles,,BORMIOLIP,260 Life Sciences Way,Visakhapatnam,530017,IN,EN,+83-450-2383906,regulatory@bormioli.pharma.amber.gla.com,36AAACD7955P1Z7,,,2017-08-28
0000000943,ZPKG,Datwyler Pharma Packaging Rubber Pl,API Custom Synthesis Wing,DATWYLERP,336 Life Sciences Way,Basel,4058,CH,DE,+8-723-5496684,regulatory@datwyler.pharma.packaging.com,CHE-547.691.925,,,2020-01-24
0000000944,ZMRO,BWT Pharma Pure Water & WFI Systems,Cold-Chain Depôt,BWTPHARMA,291 HITEC City Bio Park,Basel,4058,CH,DE,+75-512-5604338,regulatory@bwt.pharma.pure.water.and.com,CHE-273.729.370,,,2018-03-06
0000000945,ZCRO,SGS Health Science Bioanalytical Te,,SGSHEALTH,292 Science Park Road,Hyderabad,500090,IN,EN,+83-422-4627810,regulatory@sgs.health.science.bioana.com,36AAACD2065E1Z7,,,2022-06-30
0000000946,ZAPI,Siegfried Active Pharmaceutical Ing,,SIEGFRIED,191 Route de Crassier,Basel,4058,CH,DE,+92-348-6771095,regulatory@siegfried.active.pharmace.com,CHE-474.100.405,,,2023-06-10
0000000947,ZPKG,Schott Pharma Borosilicate Glass Vi,API Custom Synthesis Wing,SCHOTTPHA,195 Bio-Campus Drive,Dublin,D02 XY45,IE,EN,+42-757-9346764,regulatory@schott.pharma.borosilicat.com,IE5043581E,,,2020-09-13
0000000948,ZMRO,Spirax Sarco Pure Steam Generators ,Quality Control Testing Lab,SPIRAXSAR,242 Genome Valley Phase 2,Bridgewater,08807,US,EN,+29-226-7296326,regulatory@spirax.sarco.pure.steam.g.com,87-5652315,,,2023-09-22
0000000949,ZAPI,Neuland Laboratories Custom APIs 94,,NEULANDLA,39 Genome Valley Phase 2,Princeton,08540,US,EN,+49-423-3944052,regulatory@neuland.laboratories.cust.com,59-4136878,,,2021-09-30
0000000950,ZEXC,BASF Pharma Solutions Excipients 95,API Custom Synthesis Wing,BASFPHARM,80 Genome Valley Phase 2,Princeton,08540,US,EN,+90-287-2187221,regulatory@basf.pharma.solutions.exc.com,79-9682972,,,2018-04-22
0000000951,ZEXC,Thermo Fisher Scientific Fisher Che,Sterile Fill-Finish Unit,THERMOFIS,215 Silicon Docks,Hyderabad,500081,IN,EN,+17-504-8189823,regulatory@thermo.fisher.scientific..com,36AAACD7240V1Z4,,,2022-03-13
0000000952,ZCLD,QuickSTAT Global Life Science Logis,,QUICKSTAT,24 Discovery Boulevard,Cork,T12 A26F,IE,EN,+24-399-1601112,regulatory@quickstat.global.life.sci.com,IE2952806I,,,2023-11-04
0000000953,ZEXC,DFE Pharma Inhalation Lactose 953,,DFEPHARMA,64 Genome Valley Phase 2,Hyderabad,500072,IN,EN,+40-404-5878004,regulatory@dfe.pharma.inhalation.lac.com,36AAACD8536Q1Z1,,,2017-06-05
0000000954,ZCRO,Vetter Pharma Sterile Fill & Finish,Quality Control Testing Lab,VETTERPHA,268 Pashamylaram Industrial Area,Mumbai,400072,IN,EN,+75-460-5553858,regulatory@vetter.pharma.sterile.fil.com,36AAACD3194X1Z3,,,2021-05-23
0000000955,ZPKG,Bormioli Pharma Amber Glass Bottles,,BORMIOLIP,266 Industriepark Höchst,Geneva,1202,CH,DE,+15-357-6249509,regulatory@bormioli.pharma.amber.gla.com,CHE-418.246.636,,,2023-11-10
0000000956,ZEXC,Ashland Specialty Pharma Polymers 9,Quality Control Testing Lab,ASHLANDSP,313 HITEC City Bio Park,Geneva,1202,CH,DE,+66-102-9171099,regulatory@ashland.specialty.pharma..com,CHE-142.975.461,,,2021-04-27
0000000957,ZEXC,Meggle Pharma Excipients & Binders ,,MEGGLEPHA,47 Industriepark Höchst,Hyderabad,500072,IN,EN,+33-835-3333533,regulatory@meggle.pharma.excipients..com,36AAACD5495F1Z9,,,2016-08-12
0000000958,ZEXC,Ashland Specialty Pharma Polymers 9,,ASHLANDSP,185 Novartis Campus Basel,Cambridge,02139,US,EN,+44-455-5836690,regulatory@ashland.specialty.pharma..com,97-9287167,,,2019-04-10
0000000959,ZAPI,Granules India Active Pharmaceutica,,GRANULESI,341 Grand Canal Square,Cambridge,02139,US,EN,+89-836-7169332,regulatory@granules.india.active.pha.com,49-7648803,,,2020-03-16
0000000960,ZAPI,Neuland Laboratories Custom APIs 96,,NEULANDLA,329 Science Park Road,Hyderabad,500081,IN,EN,+65-686-9105595,regulatory@neuland.laboratories.cust.com,36AAACD3968W1Z5,,,2018-11-29
0000000961,ZCRO,WuXi Biologics Contract Development,,WUXIBIOLO,306 Life Sciences Way,Boston,02210,US,EN,+94-489-7862233,regulatory@wuxi.biologics.contract.d.com,95-7455880,,,2020-01-12
0000000962,ZPKG,Amcor Flexibles Healthcare Packagin,Biologics Development Div,AMCORFLEX,183 Bio-Campus Drive,Philadelphia,19104,US,EN,+69-141-1769134,regulatory@amcor.flexibles.healthcar.com,35-6087393,,,2018-01-31
0000000963,ZCLD,Cryoport Systems Liquid Nitrogen Co,,CRYOPORTS,288 Industriepark Höchst,Bengaluru,560100,IN,EN,+62-751-2513421,regulatory@cryoport.systems.liquid.n.com,36AAACD6430H1Z1,,,2017-10-05
0000000964,ZEXC,Ashland Specialty Pharma Polymers 9,,ASHLANDSP,316 Pharma City Industrial Zone,Strasbourg,67000,FR,FR,+19-402-9487632,regulatory@ashland.specialty.pharma..com,FR46376682,,,2019-03-04
0000000965,ZCRO,WuXi Biologics Contract Development,,WUXIBIOLO,301 Life Sciences Way,Lausanne,1015,CH,DE,+82-486-5790054,regulatory@wuxi.biologics.contract.d.com,CHE-350.979.595,,,2013-11-04
0000000966,ZCLD,QuickSTAT Global Life Science Logis,Sterile Fill-Finish Unit,QUICKSTAT,158 Silicon Docks,Leverkusen,51373,DE,DE,+57-171-9847670,regulatory@quickstat.global.life.sci.com,DE954556876,,,2013-11-04
0000000967,ZCLD,World Courier Biopharma Cold-Chain ,,WORLDCOUR,18 Life Sciences Way,Cambridge,02139,US,EN,+90-557-9355261,regulatory@world.courier.biopharma.c.com,27-6272837,,,2013-11-04
0000000968,ZCLD,Envirotainer Temperature Controlled,,ENVIROTAIN,164 Life Sciences Way,Biberach,88400,DE,DE,+29-773-2613152,regulatory@envirotainer.temperature..com,DE254573414,,,2013-11-04
0000000969,ZEXC,Meggle Pharma Excipients & Binders ,,MEGGLEPHA,97 Genome Valley Phase 1,Visakhapatnam,530017,IN,EN,+70-499-2841369,regulatory@meggle.pharma.excipients..com,36AAACD8904N1Z9,,,2013-11-04
0000000970,ZMRO,Ecolab Life Sciences Cleanroom Disi,,ECOLABLIF,45 Genome Valley Phase 2,Bengaluru,560100,IN,EN,+79-505-3892198,regulatory@ecolab.life.sciences.clea.com,36AAACD2461M1Z5,,,2013-11-04
0000000971,ZEXC,Roquette Pharma Excipients & Polyol,Cold-Chain Depôt,ROQUETTEP,158 Innovation Parkway,Schaffhausen,8200,CH,DE,+34-824-1918497,regulatory@roquette.pharma.excipient.com,CHE-725.832.404,,,2013-11-04
0000000972,ZPKG,Constantia Flexibles Coldform Foils,,CONSTANTIA,54 Grand Canal Square,Hyderabad,500078,IN,EN,+1-812-2862076,regulatory@constantia.flexibles.cold.com,36AAACD8101N1Z7,,,2013-11-04
0000000973,ZAPI,Hetero Drugs Bulk API Manufacturing,Quality Control Testing Lab,HETERODRU,99 Route de Crassier,Princeton,08540,US,EN,+23-426-3917243,regulatory@hetero.drugs.bulk.api.man.com,46-2290385,,,2013-11-04
0000000974,ZCRO,Parexel International Clinical Serv,,PAREXELIN,349 Discovery Boulevard,Cambridge,02139,US,EN,+21-661-5951963,regulatory@parexel.international.cli.com,71-6087703,,,2013-11-04
0000000975,ZEXC,Croda Pharma High Purity Lipids 975,,CRODAPHAR,104 Biotechpark Freiburg,Ahmedabad,382213,IN,EN,+27-297-7614948,regulatory@croda.pharma.high.purity..com,36AAACD3564P1Z7,,,2013-11-04
0000000976,ZCRO,Icon Clinical Research Global 976,,ICONCLINI,283 Pharma City Industrial Zone,San Diego,92121,US,EN,+39-622-3519543,regulatory@icon.clinical.research.gl.com,98-1689485,,,2013-11-04
0000000977,ZPKG,Aptar Pharma Metered Dose Inhalers ,,APTARPHAR,65 Novartis Campus Basel,Hyderabad,500032,IN,EN,+57-315-5949410,regulatory@aptar.pharma.metered.dose.com,36AAACD8602P1Z6,,,2013-11-04
0000000978,ZMRO,Sartorius Stedim Biotech Sterile Fi,,SARTORIUS,7 Bio-Campus Drive,Hyderabad,500032,IN,EN,+81-480-9588475,regulatory@sartorius.stedim.biotech..com,36AAACD2489K1Z6,,,2013-11-04
0000000979,ZAPI,Hovione Pharmascience API Lisbon 97,,HOVIONEPH,74 Innovation Parkway,Boston,02210,US,EN,+36-937-3377574,regulatory@hovione.pharmascience.api.com,44-4454145,,,2013-11-04
0000000980,ZMRO,Pall Medical Biopharmaceutical Filt,,PALLMEDIC,30 Science Park Road,Basel,4058,CH,DE,+68-446-6755216,regulatory@pall.medical.biopharmaceu.com,CHE-920.988.143,,,2013-11-04
0000000981,ZEXC,Meggle Pharma Excipients & Binders ,Clinical Trial Packaging Hub,MEGGLEPHA,220 Industriepark Höchst,Ahmedabad,382213,IN,EN,+66-531-4394393,regulatory@meggle.pharma.excipients..com,36AAACD8730K1Z5,,,2013-11-04
0000000982,ZEXC,Meggle Pharma Excipients & Binders ,,MEGGLEPHA,166 Innovation Parkway,London,WC1E 6BT,GB,EN,+56-914-7937941,regulatory@meggle.pharma.excipients..com,GB255604522,,,2013-11-04
0000000983,ZPKG,Constantia Flexibles Coldform Foils,,CONSTANTIA,323 Biotechpark Freiburg,Hyderabad,500032,IN,EN,+28-371-6944408,regulatory@constantia.flexibles.cold.com,36AAACD1696Z1Z4,,,2013-11-04
0000000984,ZEXC,Ashland Specialty Pharma Polymers 9,,ASHLANDSP,350 Discovery Boulevard,Oxford,OX4 4GA,GB,EN,+71-215-1096764,regulatory@ashland.specialty.pharma..com,GB948438995,,,2013-11-04
0000000985,ZPKG,West Pharmaceutical Services Stoppe,Biologics Development Div,WESTPHARM,305 Kendall Square,Princeton,08540,US,EN,+32-866-1841038,regulatory@west.pharmaceutical.servi.com,69-4429929,,,2013-11-04
0000000986,ZMRO,Syntegon Pharma Technology Packagin,,SYNTEGONP,138 Genome Valley Phase 1,Hyderabad,500032,IN,EN,+97-913-4048929,regulatory@syntegon.pharma.technolog.com,36AAACD2265U1Z8,,,2013-11-04
0000000987,ZCRO,IQVIA Clinical Research Solutions 9,Clinical Trial Packaging Hub,IQVIACLIN,133 Science Park Road,Mumbai,400072,IN,EN,+99-482-7302249,regulatory@iqvia.clinical.research.s.com,36AAACD7385U1Z3,,,2013-11-04
0000000988,ZPKG,Amcor Flexibles Healthcare Packagin,,AMCORFLEX,297 Science Park Road,Paris,75015,FR,FR,+64-725-7410732,regulatory@amcor.flexibles.healthcar.com,FR50132440,,,2013-11-04
0000000989,ZMRO,Steris Life Sciences GMP Decontamin,,STERISLIF,64 Silicon Docks,Mumbai,400072,IN,EN,+61-751-8161739,regulatory@steris.life.sciences.gmp..com,36AAACD4660N1Z5,,,2013-11-04
0000000990,ZAPI,Biocon Biologics Recombinant Insuli,,BIOCONBIO,168 Industriepark Höchst,Lausanne,1015,CH,DE,+59-801-9008375,regulatory@biocon.biologics.recombin.com,CHE-309.772.628,,,2013-11-04
0000000991,ZCLD,Marken Clinical Cold Chain Logistic,,MARKENCLI,125 Genome Valley Phase 1,Princeton,08540,US,EN,+34-490-7808440,regulatory@marken.clinical.cold.chai.com,10-6355704,,,2013-11-04
0000000992,ZCRO,Syneos Health Clinical Development ,,SYNEOSHEA,189 Silicon Docks,Lausanne,1015,CH,DE,+41-568-7332002,regulatory@syneos.health.clinical.de.com,CHE-215.686.606,,,2013-11-04
0000000993,ZPKG,Gerresheimer Primary Packaging Glas,,GERRESHEIM,198 Technology Square,San Diego,92121,US,EN,+63-515-2837701,regulatory@gerresheimer.primary.pack.com,99-7238231,,,2013-11-04
0000000994,ZCRO,Medpace Clinical Pharmacology Unit ,,MEDPACECL,197 Genome Valley Phase 1,Schaffhausen,8200,CH,DE,+16-921-2389665,regulatory@medpace.clinical.pharmaco.com,CHE-703.138.837,,,2013-11-04
0000000995,ZCRO,Wuxi AppTec Laboratory Testing Divi,,WUXIAPPTE,226 Life Sciences Way,Hyderabad,500081,IN,EN,+63-125-1316576,regulatory@wuxi.apptec.laboratory.te.com,36AAACD5333G1Z2,,,2016-09-13
0000000996,ZPKG,Amcor Flexibles Healthcare Packagin,,AMCORFLEX,185 Jeedimetla Industrial Estate,Mannheim,68305,DE,DE,+5-708-3143296,regulatory@amcor.flexibles.healthcar.com,DE864792600,,,2020-05-02
0000000997,ZMRO,Ecolab Life Sciences Cleanroom Disi,,ECOLABLIF,341 Discovery Boulevard,Ingelheim,55218,DE,DE,+2-241-2975513,regulatory@ecolab.life.sciences.clea.com,DE646278795,,,2023-11-20
0000000998,ZCLD,Marken Clinical Cold Chain Logistic,,MARKENCLI,281 Jeedimetla Industrial Estate,Basel,4058,CH,DE,+59-663-2697361,regulatory@marken.clinical.cold.chai.com,CHE-618.197.584,,,2022-12-29
0000000999,ZAPI,Biocon Biologics Recombinant Insuli,,BIOCONBIO,319 Innovation Parkway,Hyderabad,500032,IN,EN,+87-274-3274543,regulatory@biocon.biologics.recombin.com,36AAACD2308F1Z8,,,2020-03-28
0000001000,ZCLD,QuickSTAT Global Life Science Logis,Cold-Chain Depôt,QUICKSTAT,139 Genome Valley Phase 2,Darmstadt,64293,DE,DE,+83-897-5334252,regulatory@quickstat.global.life.sci.com,DE232298003,,,2017-09-29
0000000001,ZCRO,Wuxi AppTec Laboratory Testing Divi,,WUXIAPPTE,102 Pharma City Industrial Zone,Boston,02210,US,EN,+57-971-8571418,regulatory@wuxi.apptec.laboratory.te.com,17-8176405,,,2016-05-27
0000000002,ZCLD,World Courier Biopharma Cold-Chain,,WORLDCOUR,254 Bio-Campus Drive,Hyderabad,500072,IN,EN,+42-587-3154360,regulatory@world.courier.biopharma.c.com,36AAACD9568G1Z7,,,2020-10-09
0000000003,ZMRO,Steris Life Sciences GMP Decontamin,,STERISLIF,337 Genome Valley Phase 2,San Diego,92121,US,EN,+61-994-9259573,regulatory@steris.life.sciences.gmp..com,42-8498308,,,2019-01-14
0000000004,ZAPI,Evonik Health Care Biomaterials,API Custom Synthesis Wing,EVONIKHEA,321 Pashamylaram Industrial Area,London,WC1E 6BT,GB,EN,+23-318-4383470,regulatory@evonik.health.care.biomat.com,GB112477920,,,2017-05-26
0000000005,ZCRO,Charles River Laboratories Preclini,,CHARLESRI,335 Pharma City Industrial Zone,Hyderabad,500072,IN,EN,+25-405-5899881,regulatory@charles.river.laboratorie.com,36AAACD4895J1Z6,,,2019-10-09
0000000006,ZMRO,Pall Medical Biopharmaceutical Filt,,PALLMEDIC,179 Genome Valley Phase 2,Milan,20121,IT,IT,+51-633-6808054,regulatory@pall.medical.biopharmaceu.com,IT61534438,,,2019-12-02
0000000007,ZCRO,WuXi Biologics Contract Development,Sterile Fill-Finish Unit,WUXIBIOLO,179 Life Sciences Way,Visakhapatnam,530017,IN,EN,+86-616-7541735,regulatory@wuxi.biologics.contract.d.com,36AAACD6314A1Z2,,,2022-05-24
0000000008,ZPKG,SGD Pharma Type I Molded Vials,,SGDPHARMA,129 Bio-Campus Drive,Hyderabad,500090,IN,EN,+72-289-8831131,regulatory@sgd.pharma.type.i.molded..com,36AAACD5952U1Z3,,,2017-07-01
0000000009,ZCRO,Medpace Clinical Pharmacology Unit,,MEDPACECL,89 Life Sciences Way,Hyderabad,500078,IN,EN,+4-611-2698653,regulatory@medpace.clinical.pharmaco.com,36AAACD8279O1Z3,,,2018-02-08
0000000010,ZCLD,DHL LifeConEx Validated Temperature,,DHLLIFECO,7 Genome Valley Phase 2,Darmstadt,64293,DE,DE,+64-492-1105515,regulatory@dhl.lifeconex.validated.t.com,DE193928272,,,2020-02-12
